experiment,seed,num_states,state_dim,register_type,flip_fraction,trials_per_state,recovery_accuracy,mean_abs_overlap
exp02_noise_recovery,0,8,64,nearest,0.0,20,1.0,0.0859375
exp02_noise_recovery,0,8,64,nearest,0.05,20,1.0,0.0859375
exp02_noise_recovery,0,8,64,nearest,0.1,20,1.0,0.0859375
exp02_noise_recovery,0,8,64,nearest,0.15,20,1.0,0.0859375
exp02_noise_recovery,0,8,64,nearest,0.2,20,1.0,0.0859375
exp02_noise_recovery,0,8,64,nearest,0.25,20,1.0,0.0859375
exp02_noise_recovery,0,8,64,nearest,0.3,20,1.0,0.0859375
exp02_noise_recovery,0,8,64,nearest,0.35,20,0.975,0.0859375
exp02_noise_recovery,0,8,64,nearest,0.4,20,0.625,0.0859375
exp02_noise_recovery,0,8,64,hopfield,0.0,20,1.0,0.0859375
exp02_noise_recovery,0,8,64,hopfield,0.05,20,1.0,0.0859375
exp02_noise_recovery,0,8,64,hopfield,0.1,20,1.0,0.0859375
exp02_noise_recovery,0,8,64,hopfield,0.15,20,1.0,0.0859375
exp02_noise_recovery,0,8,64,hopfield,0.2,20,0.9875,0.0859375
exp02_noise_recovery,0,8,64,hopfield,0.25,20,0.95,0.0859375
exp02_noise_recovery,0,8,64,hopfield,0.3,20,0.875,0.0859375
exp02_noise_recovery,0,8,64,hopfield,0.35,20,0.7,0.0859375
exp02_noise_recovery,0,8,64,hopfield,0.4,20,0.3875,0.0859375
exp02_noise_recovery,0,8,128,nearest,0.0,20,1.0,0.06473214285714286
exp02_noise_recovery,0,8,128,nearest,0.05,20,1.0,0.06473214285714286
exp02_noise_recovery,0,8,128,nearest,0.1,20,1.0,0.06473214285714286
exp02_noise_recovery,0,8,128,nearest,0.15,20,1.0,0.06473214285714286
exp02_noise_recovery,0,8,128,nearest,0.2,20,1.0,0.06473214285714286
exp02_noise_recovery,0,8,128,nearest,0.25,20,1.0,0.06473214285714286
exp02_noise_recovery,0,8,128,nearest,0.3,20,1.0,0.06473214285714286
exp02_noise_recovery,0,8,128,nearest,0.35,20,0.99375,0.06473214285714286
exp02_noise_recovery,0,8,128,nearest,0.4,20,0.96875,0.06473214285714286
exp02_noise_recovery,0,8,128,hopfield,0.0,20,1.0,0.06473214285714286
exp02_noise_recovery,0,8,128,hopfield,0.05,20,1.0,0.06473214285714286
exp02_noise_recovery,0,8,128,hopfield,0.1,20,1.0,0.06473214285714286
exp02_noise_recovery,0,8,128,hopfield,0.15,20,1.0,0.06473214285714286
exp02_noise_recovery,0,8,128,hopfield,0.2,20,1.0,0.06473214285714286
exp02_noise_recovery,0,8,128,hopfield,0.25,20,1.0,0.06473214285714286
exp02_noise_recovery,0,8,128,hopfield,0.3,20,0.9875,0.06473214285714286
exp02_noise_recovery,0,8,128,hopfield,0.35,20,0.85625,0.06473214285714286
exp02_noise_recovery,0,8,128,hopfield,0.4,20,0.6375,0.06473214285714286
exp02_noise_recovery,0,8,256,nearest,0.0,20,1.0,0.05970982142857143
exp02_noise_recovery,0,8,256,nearest,0.05,20,1.0,0.05970982142857143
exp02_noise_recovery,0,8,256,nearest,0.1,20,1.0,0.05970982142857143
exp02_noise_recovery,0,8,256,nearest,0.15,20,1.0,0.05970982142857143
exp02_noise_recovery,0,8,256,nearest,0.2,20,1.0,0.05970982142857143
exp02_noise_recovery,0,8,256,nearest,0.25,20,1.0,0.05970982142857143
exp02_noise_recovery,0,8,256,nearest,0.3,20,1.0,0.05970982142857143
exp02_noise_recovery,0,8,256,nearest,0.35,20,1.0,0.05970982142857143
exp02_noise_recovery,0,8,256,nearest,0.4,20,1.0,0.05970982142857143
exp02_noise_recovery,0,8,256,hopfield,0.0,20,1.0,0.05970982142857143
exp02_noise_recovery,0,8,256,hopfield,0.05,20,1.0,0.05970982142857143
exp02_noise_recovery,0,8,256,hopfield,0.1,20,1.0,0.05970982142857143
exp02_noise_recovery,0,8,256,hopfield,0.15,20,1.0,0.05970982142857143
exp02_noise_recovery,0,8,256,hopfield,0.2,20,1.0,0.05970982142857143
exp02_noise_recovery,0,8,256,hopfield,0.25,20,1.0,0.05970982142857143
exp02_noise_recovery,0,8,256,hopfield,0.3,20,1.0,0.05970982142857143
exp02_noise_recovery,0,8,256,hopfield,0.35,20,0.99375,0.05970982142857143
exp02_noise_recovery,0,8,256,hopfield,0.4,20,0.89375,0.05970982142857143
exp02_noise_recovery,0,8,512,nearest,0.0,20,1.0,0.03431919642857143
exp02_noise_recovery,0,8,512,nearest,0.05,20,1.0,0.03431919642857143
exp02_noise_recovery,0,8,512,nearest,0.1,20,1.0,0.03431919642857143
exp02_noise_recovery,0,8,512,nearest,0.15,20,1.0,0.03431919642857143
exp02_noise_recovery,0,8,512,nearest,0.2,20,1.0,0.03431919642857143
exp02_noise_recovery,0,8,512,nearest,0.25,20,1.0,0.03431919642857143
exp02_noise_recovery,0,8,512,nearest,0.3,20,1.0,0.03431919642857143
exp02_noise_recovery,0,8,512,nearest,0.35,20,1.0,0.03431919642857143
exp02_noise_recovery,0,8,512,nearest,0.4,20,1.0,0.03431919642857143
exp02_noise_recovery,0,8,512,hopfield,0.0,20,1.0,0.03431919642857143
exp02_noise_recovery,0,8,512,hopfield,0.05,20,1.0,0.03431919642857143
exp02_noise_recovery,0,8,512,hopfield,0.1,20,1.0,0.03431919642857143
exp02_noise_recovery,0,8,512,hopfield,0.15,20,1.0,0.03431919642857143
exp02_noise_recovery,0,8,512,hopfield,0.2,20,1.0,0.03431919642857143
exp02_noise_recovery,0,8,512,hopfield,0.25,20,1.0,0.03431919642857143
exp02_noise_recovery,0,8,512,hopfield,0.3,20,1.0,0.03431919642857143
exp02_noise_recovery,0,8,512,hopfield,0.35,20,1.0,0.03431919642857143
exp02_noise_recovery,0,8,512,hopfield,0.4,20,1.0,0.03431919642857143
exp02_noise_recovery,0,16,64,nearest,0.0,20,1.0,0.09739583333333333
exp02_noise_recovery,0,16,64,nearest,0.05,20,1.0,0.09739583333333333
exp02_noise_recovery,0,16,64,nearest,0.1,20,1.0,0.09739583333333333
exp02_noise_recovery,0,16,64,nearest,0.15,20,1.0,0.09739583333333333
exp02_noise_recovery,0,16,64,nearest,0.2,20,1.0,0.09739583333333333
exp02_noise_recovery,0,16,64,nearest,0.25,20,1.0,0.09739583333333333
exp02_noise_recovery,0,16,64,nearest,0.3,20,0.984375,0.09739583333333333
exp02_noise_recovery,0,16,64,nearest,0.35,20,0.91875,0.09739583333333333
exp02_noise_recovery,0,16,64,nearest,0.4,20,0.359375,0.09739583333333333
exp02_noise_recovery,0,16,64,hopfield,0.0,20,1.0,0.09739583333333333
exp02_noise_recovery,0,16,64,hopfield,0.05,20,0.953125,0.09739583333333333
exp02_noise_recovery,0,16,64,hopfield,0.1,20,0.884375,0.09739583333333333
exp02_noise_recovery,0,16,64,hopfield,0.15,20,0.775,0.09739583333333333
exp02_noise_recovery,0,16,64,hopfield,0.2,20,0.684375,0.09739583333333333
exp02_noise_recovery,0,16,64,hopfield,0.25,20,0.534375,0.09739583333333333
exp02_noise_recovery,0,16,64,hopfield,0.3,20,0.3625,0.09739583333333333
exp02_noise_recovery,0,16,64,hopfield,0.35,20,0.296875,0.09739583333333333
exp02_noise_recovery,0,16,64,hopfield,0.4,20,0.16875,0.09739583333333333
exp02_noise_recovery,0,16,128,nearest,0.0,20,1.0,0.0671875
exp02_noise_recovery,0,16,128,nearest,0.05,20,1.0,0.0671875
exp02_noise_recovery,0,16,128,nearest,0.1,20,1.0,0.0671875
exp02_noise_recovery,0,16,128,nearest,0.15,20,1.0,0.0671875
exp02_noise_recovery,0,16,128,nearest,0.2,20,1.0,0.0671875
exp02_noise_recovery,0,16,128,nearest,0.25,20,1.0,0.0671875
exp02_noise_recovery,0,16,128,nearest,0.3,20,1.0,0.0671875
exp02_noise_recovery,0,16,128,nearest,0.35,20,0.996875,0.0671875
exp02_noise_recovery,0,16,128,nearest,0.4,20,0.85,0.0671875
exp02_noise_recovery,0,16,128,hopfield,0.0,20,1.0,0.0671875
exp02_noise_recovery,0,16,128,hopfield,0.05,20,1.0,0.0671875
exp02_noise_recovery,0,16,128,hopfield,0.1,20,1.0,0.0671875
exp02_noise_recovery,0,16,128,hopfield,0.15,20,1.0,0.0671875
exp02_noise_recovery,0,16,128,hopfield,0.2,20,0.978125,0.0671875
exp02_noise_recovery,0,16,128,hopfield,0.25,20,0.903125,0.0671875
exp02_noise_recovery,0,16,128,hopfield,0.3,20,0.8,0.0671875
exp02_noise_recovery,0,16,128,hopfield,0.35,20,0.521875,0.0671875
exp02_noise_recovery,0,16,128,hopfield,0.4,20,0.3,0.0671875
exp02_noise_recovery,0,16,256,nearest,0.0,20,1.0,0.05091145833333333
exp02_noise_recovery,0,16,256,nearest,0.05,20,1.0,0.05091145833333333
exp02_noise_recovery,0,16,256,nearest,0.1,20,1.0,0.05091145833333333
exp02_noise_recovery,0,16,256,nearest,0.15,20,1.0,0.05091145833333333
exp02_noise_recovery,0,16,256,nearest,0.2,20,1.0,0.05091145833333333
exp02_noise_recovery,0,16,256,nearest,0.25,20,1.0,0.05091145833333333
exp02_noise_recovery,0,16,256,nearest,0.3,20,1.0,0.05091145833333333
exp02_noise_recovery,0,16,256,nearest,0.35,20,1.0,0.05091145833333333
exp02_noise_recovery,0,16,256,nearest,0.4,20,1.0,0.05091145833333333
exp02_noise_recovery,0,16,256,hopfield,0.0,20,1.0,0.05091145833333333
exp02_noise_recovery,0,16,256,hopfield,0.05,20,1.0,0.05091145833333333
exp02_noise_recovery,0,16,256,hopfield,0.1,20,1.0,0.05091145833333333
exp02_noise_recovery,0,16,256,hopfield,0.15,20,1.0,0.05091145833333333
exp02_noise_recovery,0,16,256,hopfield,0.2,20,1.0,0.05091145833333333
exp02_noise_recovery,0,16,256,hopfield,0.25,20,1.0,0.05091145833333333
exp02_noise_recovery,0,16,256,hopfield,0.3,20,0.99375,0.05091145833333333
exp02_noise_recovery,0,16,256,hopfield,0.35,20,0.896875,0.05091145833333333
exp02_noise_recovery,0,16,256,hopfield,0.4,20,0.628125,0.05091145833333333
exp02_noise_recovery,0,16,512,nearest,0.0,20,1.0,0.033430989583333334
exp02_noise_recovery,0,16,512,nearest,0.05,20,1.0,0.033430989583333334
exp02_noise_recovery,0,16,512,nearest,0.1,20,1.0,0.033430989583333334
exp02_noise_recovery,0,16,512,nearest,0.15,20,1.0,0.033430989583333334
exp02_noise_recovery,0,16,512,nearest,0.2,20,1.0,0.033430989583333334
exp02_noise_recovery,0,16,512,nearest,0.25,20,1.0,0.033430989583333334
exp02_noise_recovery,0,16,512,nearest,0.3,20,1.0,0.033430989583333334
exp02_noise_recovery,0,16,512,nearest,0.35,20,1.0,0.033430989583333334
exp02_noise_recovery,0,16,512,nearest,0.4,20,1.0,0.033430989583333334
exp02_noise_recovery,0,16,512,hopfield,0.0,20,1.0,0.033430989583333334
exp02_noise_recovery,0,16,512,hopfield,0.05,20,1.0,0.033430989583333334
exp02_noise_recovery,0,16,512,hopfield,0.1,20,1.0,0.033430989583333334
exp02_noise_recovery,0,16,512,hopfield,0.15,20,1.0,0.033430989583333334
exp02_noise_recovery,0,16,512,hopfield,0.2,20,1.0,0.033430989583333334
exp02_noise_recovery,0,16,512,hopfield,0.25,20,1.0,0.033430989583333334
exp02_noise_recovery,0,16,512,hopfield,0.3,20,1.0,0.033430989583333334
exp02_noise_recovery,0,16,512,hopfield,0.35,20,1.0,0.033430989583333334
exp02_noise_recovery,0,16,512,hopfield,0.4,20,0.971875,0.033430989583333334
exp02_noise_recovery,0,32,64,nearest,0.0,20,1.0,0.09979838709677419
exp02_noise_recovery,0,32,64,nearest,0.05,20,1.0,0.09979838709677419
exp02_noise_recovery,0,32,64,nearest,0.1,20,1.0,0.09979838709677419
exp02_noise_recovery,0,32,64,nearest,0.15,20,1.0,0.09979838709677419
exp02_noise_recovery,0,32,64,nearest,0.2,20,1.0,0.09979838709677419
exp02_noise_recovery,0,32,64,nearest,0.25,20,1.0,0.09979838709677419
exp02_noise_recovery,0,32,64,nearest,0.3,20,0.9796875,0.09979838709677419
exp02_noise_recovery,0,32,64,nearest,0.35,20,0.821875,0.09979838709677419
exp02_noise_recovery,0,32,64,nearest,0.4,20,0.1140625,0.09979838709677419
exp02_noise_recovery,0,32,64,hopfield,0.0,20,0.5625,0.09979838709677419
exp02_noise_recovery,0,32,64,hopfield,0.05,20,0.521875,0.09979838709677419
exp02_noise_recovery,0,32,64,hopfield,0.1,20,0.4734375,0.09979838709677419
exp02_noise_recovery,0,32,64,hopfield,0.15,20,0.3859375,0.09979838709677419
exp02_noise_recovery,0,32,64,hopfield,0.2,20,0.3296875,0.09979838709677419
exp02_noise_recovery,0,32,64,hopfield,0.25,20,0.234375,0.09979838709677419
exp02_noise_recovery,0,32,64,hopfield,0.3,20,0.1953125,0.09979838709677419
exp02_noise_recovery,0,32,64,hopfield,0.35,20,0.14375,0.09979838709677419
exp02_noise_recovery,0,32,64,hopfield,0.4,20,0.075,0.09979838709677419
exp02_noise_recovery,0,32,128,nearest,0.0,20,1.0,0.07421875
exp02_noise_recovery,0,32,128,nearest,0.05,20,1.0,0.07421875
exp02_noise_recovery,0,32,128,nearest,0.1,20,1.0,0.07421875
exp02_noise_recovery,0,32,128,nearest,0.15,20,1.0,0.07421875
exp02_noise_recovery,0,32,128,nearest,0.2,20,1.0,0.07421875
exp02_noise_recovery,0,32,128,nearest,0.25,20,1.0,0.07421875
exp02_noise_recovery,0,32,128,nearest,0.3,20,1.0,0.07421875
exp02_noise_recovery,0,32,128,nearest,0.35,20,0.9921875,0.07421875
exp02_noise_recovery,0,32,128,nearest,0.4,20,0.7,0.07421875
exp02_noise_recovery,0,32,128,hopfield,0.0,20,0.75,0.07421875
exp02_noise_recovery,0,32,128,hopfield,0.05,20,0.715625,0.07421875
exp02_noise_recovery,0,32,128,hopfield,0.1,20,0.6953125,0.07421875
exp02_noise_recovery,0,32,128,hopfield,0.15,20,0.6171875,0.07421875
exp02_noise_recovery,0,32,128,hopfield,0.2,20,0.546875,0.07421875
exp02_noise_recovery,0,32,128,hopfield,0.25,20,0.440625,0.07421875
exp02_noise_recovery,0,32,128,hopfield,0.3,20,0.3625,0.07421875
exp02_noise_recovery,0,32,128,hopfield,0.35,20,0.209375,0.07421875
exp02_noise_recovery,0,32,128,hopfield,0.4,20,0.1203125,0.07421875
exp02_noise_recovery,0,32,256,nearest,0.0,20,1.0,0.05041897681451613
exp02_noise_recovery,0,32,256,nearest,0.05,20,1.0,0.05041897681451613
exp02_noise_recovery,0,32,256,nearest,0.1,20,1.0,0.05041897681451613
exp02_noise_recovery,0,32,256,nearest,0.15,20,1.0,0.05041897681451613
exp02_noise_recovery,0,32,256,nearest,0.2,20,1.0,0.05041897681451613
exp02_noise_recovery,0,32,256,nearest,0.25,20,1.0,0.05041897681451613
exp02_noise_recovery,0,32,256,nearest,0.3,20,1.0,0.05041897681451613
exp02_noise_recovery,0,32,256,nearest,0.35,20,1.0,0.05041897681451613
exp02_noise_recovery,0,32,256,nearest,0.4,20,0.9734375,0.05041897681451613
exp02_noise_recovery,0,32,256,hopfield,0.0,20,1.0,0.05041897681451613
exp02_noise_recovery,0,32,256,hopfield,0.05,20,1.0,0.05041897681451613
exp02_noise_recovery,0,32,256,hopfield,0.1,20,1.0,0.05041897681451613
exp02_noise_recovery,0,32,256,hopfield,0.15,20,0.9921875,0.05041897681451613
exp02_noise_recovery,0,32,256,hopfield,0.2,20,0.959375,0.05041897681451613
exp02_noise_recovery,0,32,256,hopfield,0.25,20,0.85625,0.05041897681451613
exp02_noise_recovery,0,32,256,hopfield,0.3,20,0.653125,0.05041897681451613
exp02_noise_recovery,0,32,256,hopfield,0.35,20,0.4078125,0.05041897681451613
exp02_noise_recovery,0,32,256,hopfield,0.4,20,0.2078125,0.05041897681451613
exp02_noise_recovery,0,32,512,nearest,0.0,20,1.0,0.03582566784274194
exp02_noise_recovery,0,32,512,nearest,0.05,20,1.0,0.03582566784274194
exp02_noise_recovery,0,32,512,nearest,0.1,20,1.0,0.03582566784274194
exp02_noise_recovery,0,32,512,nearest,0.15,20,1.0,0.03582566784274194
exp02_noise_recovery,0,32,512,nearest,0.2,20,1.0,0.03582566784274194
exp02_noise_recovery,0,32,512,nearest,0.25,20,1.0,0.03582566784274194
exp02_noise_recovery,0,32,512,nearest,0.3,20,1.0,0.03582566784274194
exp02_noise_recovery,0,32,512,nearest,0.35,20,1.0,0.03582566784274194
exp02_noise_recovery,0,32,512,nearest,0.4,20,1.0,0.03582566784274194
exp02_noise_recovery,0,32,512,hopfield,0.0,20,1.0,0.03582566784274194
exp02_noise_recovery,0,32,512,hopfield,0.05,20,1.0,0.03582566784274194
exp02_noise_recovery,0,32,512,hopfield,0.1,20,1.0,0.03582566784274194
exp02_noise_recovery,0,32,512,hopfield,0.15,20,1.0,0.03582566784274194
exp02_noise_recovery,0,32,512,hopfield,0.2,20,1.0,0.03582566784274194
exp02_noise_recovery,0,32,512,hopfield,0.25,20,1.0,0.03582566784274194
exp02_noise_recovery,0,32,512,hopfield,0.3,20,0.9984375,0.03582566784274194
exp02_noise_recovery,0,32,512,hopfield,0.35,20,0.990625,0.03582566784274194
exp02_noise_recovery,0,32,512,hopfield,0.4,20,0.725,0.03582566784274194
exp02_noise_recovery,0,64,64,nearest,0.0,20,1.0,0.10103546626984126
exp02_noise_recovery,0,64,64,nearest,0.05,20,1.0,0.10103546626984126
exp02_noise_recovery,0,64,64,nearest,0.1,20,1.0,0.10103546626984126
exp02_noise_recovery,0,64,64,nearest,0.15,20,1.0,0.10103546626984126
exp02_noise_recovery,0,64,64,nearest,0.2,20,1.0,0.10103546626984126
exp02_noise_recovery,0,64,64,nearest,0.25,20,1.0,0.10103546626984126
exp02_noise_recovery,0,64,64,nearest,0.3,20,0.97109375,0.10103546626984126
exp02_noise_recovery,0,64,64,nearest,0.35,20,0.67421875,0.10103546626984126
exp02_noise_recovery,0,64,64,nearest,0.4,20,0.01328125,0.10103546626984126
exp02_noise_recovery,0,64,64,hopfield,0.0,20,0.375,0.10103546626984126
exp02_noise_recovery,0,64,64,hopfield,0.05,20,0.28984375,0.10103546626984126
exp02_noise_recovery,0,64,64,hopfield,0.1,20,0.240625,0.10103546626984126
exp02_noise_recovery,0,64,64,hopfield,0.15,20,0.17734375,0.10103546626984126
exp02_noise_recovery,0,64,64,hopfield,0.2,20,0.15625,0.10103546626984126
exp02_noise_recovery,0,64,64,hopfield,0.25,20,0.12109375,0.10103546626984126
exp02_noise_recovery,0,64,64,hopfield,0.3,20,0.09453125,0.10103546626984126
exp02_noise_recovery,0,64,64,hopfield,0.35,20,0.06328125,0.10103546626984126
exp02_noise_recovery,0,64,64,hopfield,0.4,20,0.03984375,0.10103546626984126
exp02_noise_recovery,0,64,128,nearest,0.0,20,1.0,0.07049076140873016
exp02_noise_recovery,0,64,128,nearest,0.05,20,1.0,0.07049076140873016
exp02_noise_recovery,0,64,128,nearest,0.1,20,1.0,0.07049076140873016
exp02_noise_recovery,0,64,128,nearest,0.15,20,1.0,0.07049076140873016
exp02_noise_recovery,0,64,128,nearest,0.2,20,1.0,0.07049076140873016
exp02_noise_recovery,0,64,128,nearest,0.25,20,1.0,0.07049076140873016
exp02_noise_recovery,0,64,128,nearest,0.3,20,1.0,0.07049076140873016
exp02_noise_recovery,0,64,128,nearest,0.35,20,0.9796875,0.07049076140873016
exp02_noise_recovery,0,64,128,nearest,0.4,20,0.4953125,0.07049076140873016
exp02_noise_recovery,0,64,128,hopfield,0.0,20,0.5625,0.07049076140873016
exp02_noise_recovery,0,64,128,hopfield,0.05,20,0.4625,0.07049076140873016
exp02_noise_recovery,0,64,128,hopfield,0.1,20,0.42109375,0.07049076140873016
exp02_noise_recovery,0,64,128,hopfield,0.15,20,0.359375,0.07049076140873016
exp02_noise_recovery,0,64,128,hopfield,0.2,20,0.29765625,0.07049076140873016
exp02_noise_recovery,0,64,128,hopfield,0.25,20,0.25703125,0.07049076140873016
exp02_noise_recovery,0,64,128,hopfield,0.3,20,0.16953125,0.07049076140873016
exp02_noise_recovery,0,64,128,hopfield,0.35,20,0.09765625,0.07049076140873016
exp02_noise_recovery,0,64,128,hopfield,0.4,20,0.05078125,0.07049076140873016
exp02_noise_recovery,0,64,256,nearest,0.0,20,1.0,0.05156017485119048
exp02_noise_recovery,0,64,256,nearest,0.05,20,1.0,0.05156017485119048
exp02_noise_recovery,0,64,256,nearest,0.1,20,1.0,0.05156017485119048
exp02_noise_recovery,0,64,256,nearest,0.15,20,1.0,0.05156017485119048
exp02_noise_recovery,0,64,256,nearest,0.2,20,1.0,0.05156017485119048
exp02_noise_recovery,0,64,256,nearest,0.25,20,1.0,0.05156017485119048
exp02_noise_recovery,0,64,256,nearest,0.3,20,1.0,0.05156017485119048
exp02_noise_recovery,0,64,256,nearest,0.35,20,1.0,0.05156017485119048
exp02_noise_recovery,0,64,256,nearest,0.4,20,0.95625,0.05156017485119048
exp02_noise_recovery,0,64,256,hopfield,0.0,20,0.5,0.05156017485119048
exp02_noise_recovery,0,64,256,hopfield,0.05,20,0.584375,0.05156017485119048
exp02_noise_recovery,0,64,256,hopfield,0.1,20,0.56015625,0.05156017485119048
exp02_noise_recovery,0,64,256,hopfield,0.15,20,0.5203125,0.05156017485119048
exp02_noise_recovery,0,64,256,hopfield,0.2,20,0.4765625,0.05156017485119048
exp02_noise_recovery,0,64,256,hopfield,0.25,20,0.38125,0.05156017485119048
exp02_noise_recovery,0,64,256,hopfield,0.3,20,0.28359375,0.05156017485119048
exp02_noise_recovery,0,64,256,hopfield,0.35,20,0.16796875,0.05156017485119048
exp02_noise_recovery,0,64,256,hopfield,0.4,20,0.09296875,0.05156017485119048
exp02_noise_recovery,0,64,512,nearest,0.0,20,1.0,0.03459240141369048
exp02_noise_recovery,0,64,512,nearest,0.05,20,1.0,0.03459240141369048
exp02_noise_recovery,0,64,512,nearest,0.1,20,1.0,0.03459240141369048
exp02_noise_recovery,0,64,512,nearest,0.15,20,1.0,0.03459240141369048
exp02_noise_recovery,0,64,512,nearest,0.2,20,1.0,0.03459240141369048
exp02_noise_recovery,0,64,512,nearest,0.25,20,1.0,0.03459240141369048
exp02_noise_recovery,0,64,512,nearest,0.3,20,1.0,0.03459240141369048
exp02_noise_recovery,0,64,512,nearest,0.35,20,1.0,0.03459240141369048
exp02_noise_recovery,0,64,512,nearest,0.4,20,0.99921875,0.03459240141369048
exp02_noise_recovery,0,64,512,hopfield,0.0,20,1.0,0.03459240141369048
exp02_noise_recovery,0,64,512,hopfield,0.05,20,1.0,0.03459240141369048
exp02_noise_recovery,0,64,512,hopfield,0.1,20,1.0,0.03459240141369048
exp02_noise_recovery,0,64,512,hopfield,0.15,20,0.9984375,0.03459240141369048
exp02_noise_recovery,0,64,512,hopfield,0.2,20,0.990625,0.03459240141369048
exp02_noise_recovery,0,64,512,hopfield,0.25,20,0.9296875,0.03459240141369048
exp02_noise_recovery,0,64,512,hopfield,0.3,20,0.75703125,0.03459240141369048
exp02_noise_recovery,0,64,512,hopfield,0.35,20,0.51015625,0.03459240141369048
exp02_noise_recovery,0,64,512,hopfield,0.4,20,0.2296875,0.03459240141369048
exp02_noise_recovery,1,8,64,nearest,0.0,20,1.0,0.10044642857142858
exp02_noise_recovery,1,8,64,nearest,0.05,20,1.0,0.10044642857142858
exp02_noise_recovery,1,8,64,nearest,0.1,20,1.0,0.10044642857142858
exp02_noise_recovery,1,8,64,nearest,0.15,20,1.0,0.10044642857142858
exp02_noise_recovery,1,8,64,nearest,0.2,20,1.0,0.10044642857142858
exp02_noise_recovery,1,8,64,nearest,0.25,20,1.0,0.10044642857142858
exp02_noise_recovery,1,8,64,nearest,0.3,20,0.9875,0.10044642857142858
exp02_noise_recovery,1,8,64,nearest,0.35,20,0.91875,0.10044642857142858
exp02_noise_recovery,1,8,64,nearest,0.4,20,0.625,0.10044642857142858
exp02_noise_recovery,1,8,64,hopfield,0.0,20,1.0,0.10044642857142858
exp02_noise_recovery,1,8,64,hopfield,0.05,20,1.0,0.10044642857142858
exp02_noise_recovery,1,8,64,hopfield,0.1,20,1.0,0.10044642857142858
exp02_noise_recovery,1,8,64,hopfield,0.15,20,1.0,0.10044642857142858
exp02_noise_recovery,1,8,64,hopfield,0.2,20,0.98125,0.10044642857142858
exp02_noise_recovery,1,8,64,hopfield,0.25,20,0.95,0.10044642857142858
exp02_noise_recovery,1,8,64,hopfield,0.3,20,0.86875,0.10044642857142858
exp02_noise_recovery,1,8,64,hopfield,0.35,20,0.7,0.10044642857142858
exp02_noise_recovery,1,8,64,hopfield,0.4,20,0.36875,0.10044642857142858
exp02_noise_recovery,1,8,128,nearest,0.0,20,1.0,0.07310267857142858
exp02_noise_recovery,1,8,128,nearest,0.05,20,1.0,0.07310267857142858
exp02_noise_recovery,1,8,128,nearest,0.1,20,1.0,0.07310267857142858
exp02_noise_recovery,1,8,128,nearest,0.15,20,1.0,0.07310267857142858
exp02_noise_recovery,1,8,128,nearest,0.2,20,1.0,0.07310267857142858
exp02_noise_recovery,1,8,128,nearest,0.25,20,1.0,0.07310267857142858
exp02_noise_recovery,1,8,128,nearest,0.3,20,1.0,0.07310267857142858
exp02_noise_recovery,1,8,128,nearest,0.35,20,1.0,0.07310267857142858
exp02_noise_recovery,1,8,128,nearest,0.4,20,0.9375,0.07310267857142858
exp02_noise_recovery,1,8,128,hopfield,0.0,20,1.0,0.07310267857142858
exp02_noise_recovery,1,8,128,hopfield,0.05,20,1.0,0.07310267857142858
exp02_noise_recovery,1,8,128,hopfield,0.1,20,1.0,0.07310267857142858
exp02_noise_recovery,1,8,128,hopfield,0.15,20,1.0,0.07310267857142858
exp02_noise_recovery,1,8,128,hopfield,0.2,20,1.0,0.07310267857142858
exp02_noise_recovery,1,8,128,hopfield,0.25,20,0.99375,0.07310267857142858
exp02_noise_recovery,1,8,128,hopfield,0.3,20,0.99375,0.07310267857142858
exp02_noise_recovery,1,8,128,hopfield,0.35,20,0.86875,0.07310267857142858
exp02_noise_recovery,1,8,128,hopfield,0.4,20,0.60625,0.07310267857142858
exp02_noise_recovery,1,8,256,nearest,0.0,20,1.0,0.04017857142857143
exp02_noise_recovery,1,8,256,nearest,0.05,20,1.0,0.04017857142857143
exp02_noise_recovery,1,8,256,nearest,0.1,20,1.0,0.04017857142857143
exp02_noise_recovery,1,8,256,nearest,0.15,20,1.0,0.04017857142857143
exp02_noise_recovery,1,8,256,nearest,0.2,20,1.0,0.04017857142857143
exp02_noise_recovery,1,8,256,nearest,0.25,20,1.0,0.04017857142857143
exp02_noise_recovery,1,8,256,nearest,0.3,20,1.0,0.04017857142857143
exp02_noise_recovery,1,8,256,nearest,0.35,20,1.0,0.04017857142857143
exp02_noise_recovery,1,8,256,nearest,0.4,20,1.0,0.04017857142857143
exp02_noise_recovery,1,8,256,hopfield,0.0,20,1.0,0.04017857142857143
exp02_noise_recovery,1,8,256,hopfield,0.05,20,1.0,0.04017857142857143
exp02_noise_recovery,1,8,256,hopfield,0.1,20,1.0,0.04017857142857143
exp02_noise_recovery,1,8,256,hopfield,0.15,20,1.0,0.04017857142857143
exp02_noise_recovery,1,8,256,hopfield,0.2,20,1.0,0.04017857142857143
exp02_noise_recovery,1,8,256,hopfield,0.25,20,1.0,0.04017857142857143
exp02_noise_recovery,1,8,256,hopfield,0.3,20,1.0,0.04017857142857143
exp02_noise_recovery,1,8,256,hopfield,0.35,20,1.0,0.04017857142857143
exp02_noise_recovery,1,8,256,hopfield,0.4,20,0.925,0.04017857142857143
exp02_noise_recovery,1,8,512,nearest,0.0,20,1.0,0.0380859375
exp02_noise_recovery,1,8,512,nearest,0.05,20,1.0,0.0380859375
exp02_noise_recovery,1,8,512,nearest,0.1,20,1.0,0.0380859375
exp02_noise_recovery,1,8,512,nearest,0.15,20,1.0,0.0380859375
exp02_noise_recovery,1,8,512,nearest,0.2,20,1.0,0.0380859375
exp02_noise_recovery,1,8,512,nearest,0.25,20,1.0,0.0380859375
exp02_noise_recovery,1,8,512,nearest,0.3,20,1.0,0.0380859375
exp02_noise_recovery,1,8,512,nearest,0.35,20,1.0,0.0380859375
exp02_noise_recovery,1,8,512,nearest,0.4,20,1.0,0.0380859375
exp02_noise_recovery,1,8,512,hopfield,0.0,20,1.0,0.0380859375
exp02_noise_recovery,1,8,512,hopfield,0.05,20,1.0,0.0380859375
exp02_noise_recovery,1,8,512,hopfield,0.1,20,1.0,0.0380859375
exp02_noise_recovery,1,8,512,hopfield,0.15,20,1.0,0.0380859375
exp02_noise_recovery,1,8,512,hopfield,0.2,20,1.0,0.0380859375
exp02_noise_recovery,1,8,512,hopfield,0.25,20,1.0,0.0380859375
exp02_noise_recovery,1,8,512,hopfield,0.3,20,1.0,0.0380859375
exp02_noise_recovery,1,8,512,hopfield,0.35,20,1.0,0.0380859375
exp02_noise_recovery,1,8,512,hopfield,0.4,20,0.99375,0.0380859375
exp02_noise_recovery,1,16,64,nearest,0.0,20,1.0,0.10651041666666666
exp02_noise_recovery,1,16,64,nearest,0.05,20,1.0,0.10651041666666666
exp02_noise_recovery,1,16,64,nearest,0.1,20,1.0,0.10651041666666666
exp02_noise_recovery,1,16,64,nearest,0.15,20,1.0,0.10651041666666666
exp02_noise_recovery,1,16,64,nearest,0.2,20,1.0,0.10651041666666666
exp02_noise_recovery,1,16,64,nearest,0.25,20,1.0,0.10651041666666666
exp02_noise_recovery,1,16,64,nearest,0.3,20,0.996875,0.10651041666666666
exp02_noise_recovery,1,16,64,nearest,0.35,20,0.915625,0.10651041666666666
exp02_noise_recovery,1,16,64,nearest,0.4,20,0.375,0.10651041666666666
exp02_noise_recovery,1,16,64,hopfield,0.0,20,0.875,0.10651041666666666
exp02_noise_recovery,1,16,64,hopfield,0.05,20,0.846875,0.10651041666666666
exp02_noise_recovery,1,16,64,hopfield,0.1,20,0.771875,0.10651041666666666
exp02_noise_recovery,1,16,64,hopfield,0.15,20,0.64375,0.10651041666666666
exp02_noise_recovery,1,16,64,hopfield,0.2,20,0.5375,0.10651041666666666
exp02_noise_recovery,1,16,64,hopfield,0.25,20,0.4625,0.10651041666666666
exp02_noise_recovery,1,16,64,hopfield,0.3,20,0.334375,0.10651041666666666
exp02_noise_recovery,1,16,64,hopfield,0.35,20,0.221875,0.10651041666666666
exp02_noise_recovery,1,16,64,hopfield,0.4,20,0.16875,0.10651041666666666
exp02_noise_recovery,1,16,128,nearest,0.0,20,1.0,0.07578125
exp02_noise_recovery,1,16,128,nearest,0.05,20,1.0,0.07578125
exp02_noise_recovery,1,16,128,nearest,0.1,20,1.0,0.07578125
exp02_noise_recovery,1,16,128,nearest,0.15,20,1.0,0.07578125
exp02_noise_recovery,1,16,128,nearest,0.2,20,1.0,0.07578125
exp02_noise_recovery,1,16,128,nearest,0.25,20,1.0,0.07578125
exp02_noise_recovery,1,16,128,nearest,0.3,20,1.0,0.07578125
exp02_noise_recovery,1,16,128,nearest,0.35,20,0.99375,0.07578125
exp02_noise_recovery,1,16,128,nearest,0.4,20,0.840625,0.07578125
exp02_noise_recovery,1,16,128,hopfield,0.0,20,1.0,0.07578125
exp02_noise_recovery,1,16,128,hopfield,0.05,20,1.0,0.07578125
exp02_noise_recovery,1,16,128,hopfield,0.1,20,0.996875,0.07578125
exp02_noise_recovery,1,16,128,hopfield,0.15,20,0.99375,0.07578125
exp02_noise_recovery,1,16,128,hopfield,0.2,20,0.9625,0.07578125
exp02_noise_recovery,1,16,128,hopfield,0.25,20,0.86875,0.07578125
exp02_noise_recovery,1,16,128,hopfield,0.3,20,0.696875,0.07578125
exp02_noise_recovery,1,16,128,hopfield,0.35,20,0.415625,0.07578125
exp02_noise_recovery,1,16,128,hopfield,0.4,20,0.225,0.07578125
exp02_noise_recovery,1,16,256,nearest,0.0,20,1.0,0.0490234375
exp02_noise_recovery,1,16,256,nearest,0.05,20,1.0,0.0490234375
exp02_noise_recovery,1,16,256,nearest,0.1,20,1.0,0.0490234375
exp02_noise_recovery,1,16,256,nearest,0.15,20,1.0,0.0490234375
exp02_noise_recovery,1,16,256,nearest,0.2,20,1.0,0.0490234375
exp02_noise_recovery,1,16,256,nearest,0.25,20,1.0,0.0490234375
exp02_noise_recovery,1,16,256,nearest,0.3,20,1.0,0.0490234375
exp02_noise_recovery,1,16,256,nearest,0.35,20,1.0,0.0490234375
exp02_noise_recovery,1,16,256,nearest,0.4,20,0.99375,0.0490234375
exp02_noise_recovery,1,16,256,hopfield,0.0,20,1.0,0.0490234375
exp02_noise_recovery,1,16,256,hopfield,0.05,20,1.0,0.0490234375
exp02_noise_recovery,1,16,256,hopfield,0.1,20,1.0,0.0490234375
exp02_noise_recovery,1,16,256,hopfield,0.15,20,1.0,0.0490234375
exp02_noise_recovery,1,16,256,hopfield,0.2,20,1.0,0.0490234375
exp02_noise_recovery,1,16,256,hopfield,0.25,20,1.0,0.0490234375
exp02_noise_recovery,1,16,256,hopfield,0.3,20,0.996875,0.0490234375
exp02_noise_recovery,1,16,256,hopfield,0.35,20,0.9125,0.0490234375
exp02_noise_recovery,1,16,256,hopfield,0.4,20,0.578125,0.0490234375
exp02_noise_recovery,1,16,512,nearest,0.0,20,1.0,0.03115234375
exp02_noise_recovery,1,16,512,nearest,0.05,20,1.0,0.03115234375
exp02_noise_recovery,1,16,512,nearest,0.1,20,1.0,0.03115234375
exp02_noise_recovery,1,16,512,nearest,0.15,20,1.0,0.03115234375
exp02_noise_recovery,1,16,512,nearest,0.2,20,1.0,0.03115234375
exp02_noise_recovery,1,16,512,nearest,0.25,20,1.0,0.03115234375
exp02_noise_recovery,1,16,512,nearest,0.3,20,1.0,0.03115234375
exp02_noise_recovery,1,16,512,nearest,0.35,20,1.0,0.03115234375
exp02_noise_recovery,1,16,512,nearest,0.4,20,1.0,0.03115234375
exp02_noise_recovery,1,16,512,hopfield,0.0,20,1.0,0.03115234375
exp02_noise_recovery,1,16,512,hopfield,0.05,20,1.0,0.03115234375
exp02_noise_recovery,1,16,512,hopfield,0.1,20,1.0,0.03115234375
exp02_noise_recovery,1,16,512,hopfield,0.15,20,1.0,0.03115234375
exp02_noise_recovery,1,16,512,hopfield,0.2,20,1.0,0.03115234375
exp02_noise_recovery,1,16,512,hopfield,0.25,20,1.0,0.03115234375
exp02_noise_recovery,1,16,512,hopfield,0.3,20,1.0,0.03115234375
exp02_noise_recovery,1,16,512,hopfield,0.35,20,1.0,0.03115234375
exp02_noise_recovery,1,16,512,hopfield,0.4,20,0.953125,0.03115234375
exp02_noise_recovery,1,32,64,nearest,0.0,20,1.0,0.10370463709677419
exp02_noise_recovery,1,32,64,nearest,0.05,20,1.0,0.10370463709677419
exp02_noise_recovery,1,32,64,nearest,0.1,20,1.0,0.10370463709677419
exp02_noise_recovery,1,32,64,nearest,0.15,20,1.0,0.10370463709677419
exp02_noise_recovery,1,32,64,nearest,0.2,20,1.0,0.10370463709677419
exp02_noise_recovery,1,32,64,nearest,0.25,20,1.0,0.10370463709677419
exp02_noise_recovery,1,32,64,nearest,0.3,20,0.9859375,0.10370463709677419
exp02_noise_recovery,1,32,64,nearest,0.35,20,0.8203125,0.10370463709677419
exp02_noise_recovery,1,32,64,nearest,0.4,20,0.1078125,0.10370463709677419
exp02_noise_recovery,1,32,64,hopfield,0.0,20,0.25,0.10370463709677419
exp02_noise_recovery,1,32,64,hopfield,0.05,20,0.2234375,0.10370463709677419
exp02_noise_recovery,1,32,64,hopfield,0.1,20,0.2296875,0.10370463709677419
exp02_noise_recovery,1,32,64,hopfield,0.15,20,0.1703125,0.10370463709677419
exp02_noise_recovery,1,32,64,hopfield,0.2,20,0.1734375,0.10370463709677419
exp02_noise_recovery,1,32,64,hopfield,0.25,20,0.1359375,0.10370463709677419
exp02_noise_recovery,1,32,64,hopfield,0.3,20,0.1109375,0.10370463709677419
exp02_noise_recovery,1,32,64,hopfield,0.35,20,0.08125,0.10370463709677419
exp02_noise_recovery,1,32,64,hopfield,0.4,20,0.0625,0.10370463709677419
exp02_noise_recovery,1,32,128,nearest,0.0,20,1.0,0.06983996975806452
exp02_noise_recovery,1,32,128,nearest,0.05,20,1.0,0.06983996975806452
exp02_noise_recovery,1,32,128,nearest,0.1,20,1.0,0.06983996975806452
exp02_noise_recovery,1,32,128,nearest,0.15,20,1.0,0.06983996975806452
exp02_noise_recovery,1,32,128,nearest,0.2,20,1.0,0.06983996975806452
exp02_noise_recovery,1,32,128,nearest,0.25,20,1.0,0.06983996975806452
exp02_noise_recovery,1,32,128,nearest,0.3,20,1.0,0.06983996975806452
exp02_noise_recovery,1,32,128,nearest,0.35,20,0.9953125,0.06983996975806452
exp02_noise_recovery,1,32,128,nearest,0.4,20,0.703125,0.06983996975806452
exp02_noise_recovery,1,32,128,hopfield,0.0,20,0.8125,0.06983996975806452
exp02_noise_recovery,1,32,128,hopfield,0.05,20,0.746875,0.06983996975806452
exp02_noise_recovery,1,32,128,hopfield,0.1,20,0.7109375,0.06983996975806452
exp02_noise_recovery,1,32,128,hopfield,0.15,20,0.659375,0.06983996975806452
exp02_noise_recovery,1,32,128,hopfield,0.2,20,0.559375,0.06983996975806452
exp02_noise_recovery,1,32,128,hopfield,0.25,20,0.4640625,0.06983996975806452
exp02_noise_recovery,1,32,128,hopfield,0.3,20,0.3390625,0.06983996975806452
exp02_noise_recovery,1,32,128,hopfield,0.35,20,0.21875,0.06983996975806452
exp02_noise_recovery,1,32,128,hopfield,0.4,20,0.115625,0.06983996975806452
exp02_noise_recovery,1,32,256,nearest,0.0,20,1.0,0.048528855846774195
exp02_noise_recovery,1,32,256,nearest,0.05,20,1.0,0.048528855846774195
exp02_noise_recovery,1,32,256,nearest,0.1,20,1.0,0.048528855846774195
exp02_noise_recovery,1,32,256,nearest,0.15,20,1.0,0.048528855846774195
exp02_noise_recovery,1,32,256,nearest,0.2,20,1.0,0.048528855846774195
exp02_noise_recovery,1,32,256,nearest,0.25,20,1.0,0.048528855846774195
exp02_noise_recovery,1,32,256,nearest,0.3,20,1.0,0.048528855846774195
exp02_noise_recovery,1,32,256,nearest,0.35,20,1.0,0.048528855846774195
exp02_noise_recovery,1,32,256,nearest,0.4,20,0.9828125,0.048528855846774195
exp02_noise_recovery,1,32,256,hopfield,0.0,20,1.0,0.048528855846774195
exp02_noise_recovery,1,32,256,hopfield,0.05,20,1.0,0.048528855846774195
exp02_noise_recovery,1,32,256,hopfield,0.1,20,1.0,0.048528855846774195
exp02_noise_recovery,1,32,256,hopfield,0.15,20,1.0,0.048528855846774195
exp02_noise_recovery,1,32,256,hopfield,0.2,20,0.9890625,0.048528855846774195
exp02_noise_recovery,1,32,256,hopfield,0.25,20,0.9359375,0.048528855846774195
exp02_noise_recovery,1,32,256,hopfield,0.3,20,0.76875,0.048528855846774195
exp02_noise_recovery,1,32,256,hopfield,0.35,20,0.4765625,0.048528855846774195
exp02_noise_recovery,1,32,256,hopfield,0.4,20,0.23125,0.048528855846774195
exp02_noise_recovery,1,32,512,nearest,0.0,20,1.0,0.03676285282258065
exp02_noise_recovery,1,32,512,nearest,0.05,20,1.0,0.03676285282258065
exp02_noise_recovery,1,32,512,nearest,0.1,20,1.0,0.03676285282258065
exp02_noise_recovery,1,32,512,nearest,0.15,20,1.0,0.03676285282258065
exp02_noise_recovery,1,32,512,nearest,0.2,20,1.0,0.03676285282258065
exp02_noise_recovery,1,32,512,nearest,0.25,20,1.0,0.03676285282258065
exp02_noise_recovery,1,32,512,nearest,0.3,20,1.0,0.03676285282258065
exp02_noise_recovery,1,32,512,nearest,0.35,20,1.0,0.03676285282258065
exp02_noise_recovery,1,32,512,nearest,0.4,20,1.0,0.03676285282258065
exp02_noise_recovery,1,32,512,hopfield,0.0,20,1.0,0.03676285282258065
exp02_noise_recovery,1,32,512,hopfield,0.05,20,1.0,0.03676285282258065
exp02_noise_recovery,1,32,512,hopfield,0.1,20,1.0,0.03676285282258065
exp02_noise_recovery,1,32,512,hopfield,0.15,20,1.0,0.03676285282258065
exp02_noise_recovery,1,32,512,hopfield,0.2,20,1.0,0.03676285282258065
exp02_noise_recovery,1,32,512,hopfield,0.25,20,1.0,0.03676285282258065
exp02_noise_recovery,1,32,512,hopfield,0.3,20,1.0,0.03676285282258065
exp02_noise_recovery,1,32,512,hopfield,0.35,20,0.946875,0.03676285282258065
exp02_noise_recovery,1,32,512,hopfield,0.4,20,0.5828125,0.03676285282258065
exp02_noise_recovery,1,64,64,nearest,0.0,20,1.0,0.10033792162698413
exp02_noise_recovery,1,64,64,nearest,0.05,20,1.0,0.10033792162698413
exp02_noise_recovery,1,64,64,nearest,0.1,20,1.0,0.10033792162698413
exp02_noise_recovery,1,64,64,nearest,0.15,20,1.0,0.10033792162698413
exp02_noise_recovery,1,64,64,nearest,0.2,20,1.0,0.10033792162698413
exp02_noise_recovery,1,64,64,nearest,0.25,20,0.9984375,0.10033792162698413
exp02_noise_recovery,1,64,64,nearest,0.3,20,0.971875,0.10033792162698413
exp02_noise_recovery,1,64,64,nearest,0.35,20,0.67421875,0.10033792162698413
exp02_noise_recovery,1,64,64,nearest,0.4,20,0.0140625,0.10033792162698413
exp02_noise_recovery,1,64,64,hopfield,0.0,20,0.25,0.10033792162698413
exp02_noise_recovery,1,64,64,hopfield,0.05,20,0.23359375,0.10033792162698413
exp02_noise_recovery,1,64,64,hopfield,0.1,20,0.190625,0.10033792162698413
exp02_noise_recovery,1,64,64,hopfield,0.15,20,0.17890625,0.10033792162698413
exp02_noise_recovery,1,64,64,hopfield,0.2,20,0.14453125,0.10033792162698413
exp02_noise_recovery,1,64,64,hopfield,0.25,20,0.1078125,0.10033792162698413
exp02_noise_recovery,1,64,64,hopfield,0.3,20,0.0921875,0.10033792162698413
exp02_noise_recovery,1,64,64,hopfield,0.35,20,0.0625,0.10033792162698413
exp02_noise_recovery,1,64,64,hopfield,0.4,20,0.03984375,0.10033792162698413
exp02_noise_recovery,1,64,128,nearest,0.0,20,1.0,0.0684601314484127
exp02_noise_recovery,1,64,128,nearest,0.05,20,1.0,0.0684601314484127
exp02_noise_recovery,1,64,128,nearest,0.1,20,1.0,0.0684601314484127
exp02_noise_recovery,1,64,128,nearest,0.15,20,1.0,0.0684601314484127
exp02_noise_recovery,1,64,128,nearest,0.2,20,1.0,0.0684601314484127
exp02_noise_recovery,1,64,128,nearest,0.25,20,1.0,0.0684601314484127
exp02_noise_recovery,1,64,128,nearest,0.3,20,1.0,0.0684601314484127
exp02_noise_recovery,1,64,128,nearest,0.35,20,0.97265625,0.0684601314484127
exp02_noise_recovery,1,64,128,nearest,0.4,20,0.49765625,0.0684601314484127
exp02_noise_recovery,1,64,128,hopfield,0.0,20,0.4375,0.0684601314484127
exp02_noise_recovery,1,64,128,hopfield,0.05,20,0.43671875,0.0684601314484127
exp02_noise_recovery,1,64,128,hopfield,0.1,20,0.3859375,0.0684601314484127
exp02_noise_recovery,1,64,128,hopfield,0.15,20,0.3484375,0.0684601314484127
exp02_noise_recovery,1,64,128,hopfield,0.2,20,0.3,0.0684601314484127
exp02_noise_recovery,1,64,128,hopfield,0.25,20,0.22109375,0.0684601314484127
exp02_noise_recovery,1,64,128,hopfield,0.3,20,0.1640625,0.0684601314484127
exp02_noise_recovery,1,64,128,hopfield,0.35,20,0.1015625,0.0684601314484127
exp02_noise_recovery,1,64,128,hopfield,0.4,20,0.0515625,0.0684601314484127
exp02_noise_recovery,1,64,256,nearest,0.0,20,1.0,0.04993644593253968
exp02_noise_recovery,1,64,256,nearest,0.05,20,1.0,0.04993644593253968
exp02_noise_recovery,1,64,256,nearest,0.1,20,1.0,0.04993644593253968
exp02_noise_recovery,1,64,256,nearest,0.15,20,1.0,0.04993644593253968
exp02_noise_recovery,1,64,256,nearest,0.2,20,1.0,0.04993644593253968
exp02_noise_recovery,1,64,256,nearest,0.25,20,1.0,0.04993644593253968
exp02_noise_recovery,1,64,256,nearest,0.3,20,1.0,0.04993644593253968
exp02_noise_recovery,1,64,256,nearest,0.35,20,1.0,0.04993644593253968
exp02_noise_recovery,1,64,256,nearest,0.4,20,0.97734375,0.04993644593253968
exp02_noise_recovery,1,64,256,hopfield,0.0,20,0.703125,0.04993644593253968
exp02_noise_recovery,1,64,256,hopfield,0.05,20,0.65859375,0.04993644593253968
exp02_noise_recovery,1,64,256,hopfield,0.1,20,0.62734375,0.04993644593253968
exp02_noise_recovery,1,64,256,hopfield,0.15,20,0.596875,0.04993644593253968
exp02_noise_recovery,1,64,256,hopfield,0.2,20,0.51640625,0.04993644593253968
exp02_noise_recovery,1,64,256,hopfield,0.25,20,0.41953125,0.04993644593253968
exp02_noise_recovery,1,64,256,hopfield,0.3,20,0.30234375,0.04993644593253968
exp02_noise_recovery,1,64,256,hopfield,0.35,20,0.1921875,0.04993644593253968
exp02_noise_recovery,1,64,256,hopfield,0.4,20,0.08984375,0.04993644593253968
exp02_noise_recovery,1,64,512,nearest,0.0,20,1.0,0.03580341641865079
exp02_noise_recovery,1,64,512,nearest,0.05,20,1.0,0.03580341641865079
exp02_noise_recovery,1,64,512,nearest,0.1,20,1.0,0.03580341641865079
exp02_noise_recovery,1,64,512,nearest,0.15,20,1.0,0.03580341641865079
exp02_noise_recovery,1,64,512,nearest,0.2,20,1.0,0.03580341641865079
exp02_noise_recovery,1,64,512,nearest,0.25,20,1.0,0.03580341641865079
exp02_noise_recovery,1,64,512,nearest,0.3,20,1.0,0.03580341641865079
exp02_noise_recovery,1,64,512,nearest,0.35,20,1.0,0.03580341641865079
exp02_noise_recovery,1,64,512,nearest,0.4,20,1.0,0.03580341641865079
exp02_noise_recovery,1,64,512,hopfield,0.0,20,1.0,0.03580341641865079
exp02_noise_recovery,1,64,512,hopfield,0.05,20,1.0,0.03580341641865079
exp02_noise_recovery,1,64,512,hopfield,0.1,20,1.0,0.03580341641865079
exp02_noise_recovery,1,64,512,hopfield,0.15,20,0.9984375,0.03580341641865079
exp02_noise_recovery,1,64,512,hopfield,0.2,20,0.984375,0.03580341641865079
exp02_noise_recovery,1,64,512,hopfield,0.25,20,0.93359375,0.03580341641865079
exp02_noise_recovery,1,64,512,hopfield,0.3,20,0.7296875,0.03580341641865079
exp02_noise_recovery,1,64,512,hopfield,0.35,20,0.47109375,0.03580341641865079
exp02_noise_recovery,1,64,512,hopfield,0.4,20,0.2265625,0.03580341641865079
exp02_noise_recovery,2,8,64,nearest,0.0,20,1.0,0.08258928571428571
exp02_noise_recovery,2,8,64,nearest,0.05,20,1.0,0.08258928571428571
exp02_noise_recovery,2,8,64,nearest,0.1,20,1.0,0.08258928571428571
exp02_noise_recovery,2,8,64,nearest,0.15,20,1.0,0.08258928571428571
exp02_noise_recovery,2,8,64,nearest,0.2,20,1.0,0.08258928571428571
exp02_noise_recovery,2,8,64,nearest,0.25,20,1.0,0.08258928571428571
exp02_noise_recovery,2,8,64,nearest,0.3,20,1.0,0.08258928571428571
exp02_noise_recovery,2,8,64,nearest,0.35,20,0.96875,0.08258928571428571
exp02_noise_recovery,2,8,64,nearest,0.4,20,0.55,0.08258928571428571
exp02_noise_recovery,2,8,64,hopfield,0.0,20,1.0,0.08258928571428571
exp02_noise_recovery,2,8,64,hopfield,0.05,20,1.0,0.08258928571428571
exp02_noise_recovery,2,8,64,hopfield,0.1,20,1.0,0.08258928571428571
exp02_noise_recovery,2,8,64,hopfield,0.15,20,0.98125,0.08258928571428571
exp02_noise_recovery,2,8,64,hopfield,0.2,20,0.98125,0.08258928571428571
exp02_noise_recovery,2,8,64,hopfield,0.25,20,0.95625,0.08258928571428571
exp02_noise_recovery,2,8,64,hopfield,0.3,20,0.81875,0.08258928571428571
exp02_noise_recovery,2,8,64,hopfield,0.35,20,0.6,0.08258928571428571
exp02_noise_recovery,2,8,64,hopfield,0.4,20,0.3875,0.08258928571428571
exp02_noise_recovery,2,8,128,nearest,0.0,20,1.0,0.07087053571428571
exp02_noise_recovery,2,8,128,nearest,0.05,20,1.0,0.07087053571428571
exp02_noise_recovery,2,8,128,nearest,0.1,20,1.0,0.07087053571428571
exp02_noise_recovery,2,8,128,nearest,0.15,20,1.0,0.07087053571428571
exp02_noise_recovery,2,8,128,nearest,0.2,20,1.0,0.07087053571428571
exp02_noise_recovery,2,8,128,nearest,0.25,20,1.0,0.07087053571428571
exp02_noise_recovery,2,8,128,nearest,0.3,20,1.0,0.07087053571428571
exp02_noise_recovery,2,8,128,nearest,0.35,20,1.0,0.07087053571428571
exp02_noise_recovery,2,8,128,nearest,0.4,20,0.9625,0.07087053571428571
exp02_noise_recovery,2,8,128,hopfield,0.0,20,1.0,0.07087053571428571
exp02_noise_recovery,2,8,128,hopfield,0.05,20,1.0,0.07087053571428571
exp02_noise_recovery,2,8,128,hopfield,0.1,20,1.0,0.07087053571428571
exp02_noise_recovery,2,8,128,hopfield,0.15,20,1.0,0.07087053571428571
exp02_noise_recovery,2,8,128,hopfield,0.2,20,1.0,0.07087053571428571
exp02_noise_recovery,2,8,128,hopfield,0.25,20,0.99375,0.07087053571428571
exp02_noise_recovery,2,8,128,hopfield,0.3,20,1.0,0.07087053571428571
exp02_noise_recovery,2,8,128,hopfield,0.35,20,0.88125,0.07087053571428571
exp02_noise_recovery,2,8,128,hopfield,0.4,20,0.61875,0.07087053571428571
exp02_noise_recovery,2,8,256,nearest,0.0,20,1.0,0.06780133928571429
exp02_noise_recovery,2,8,256,nearest,0.05,20,1.0,0.06780133928571429
exp02_noise_recovery,2,8,256,nearest,0.1,20,1.0,0.06780133928571429
exp02_noise_recovery,2,8,256,nearest,0.15,20,1.0,0.06780133928571429
exp02_noise_recovery,2,8,256,nearest,0.2,20,1.0,0.06780133928571429
exp02_noise_recovery,2,8,256,nearest,0.25,20,1.0,0.06780133928571429
exp02_noise_recovery,2,8,256,nearest,0.3,20,1.0,0.06780133928571429
exp02_noise_recovery,2,8,256,nearest,0.35,20,1.0,0.06780133928571429
exp02_noise_recovery,2,8,256,nearest,0.4,20,0.99375,0.06780133928571429
exp02_noise_recovery,2,8,256,hopfield,0.0,20,1.0,0.06780133928571429
exp02_noise_recovery,2,8,256,hopfield,0.05,20,1.0,0.06780133928571429
exp02_noise_recovery,2,8,256,hopfield,0.1,20,1.0,0.06780133928571429
exp02_noise_recovery,2,8,256,hopfield,0.15,20,1.0,0.06780133928571429
exp02_noise_recovery,2,8,256,hopfield,0.2,20,1.0,0.06780133928571429
exp02_noise_recovery,2,8,256,hopfield,0.25,20,1.0,0.06780133928571429
exp02_noise_recovery,2,8,256,hopfield,0.3,20,1.0,0.06780133928571429
exp02_noise_recovery,2,8,256,hopfield,0.35,20,0.99375,0.06780133928571429
exp02_noise_recovery,2,8,256,hopfield,0.4,20,0.83125,0.06780133928571429
exp02_noise_recovery,2,8,512,nearest,0.0,20,1.0,0.03515625
exp02_noise_recovery,2,8,512,nearest,0.05,20,1.0,0.03515625
exp02_noise_recovery,2,8,512,nearest,0.1,20,1.0,0.03515625
exp02_noise_recovery,2,8,512,nearest,0.15,20,1.0,0.03515625
exp02_noise_recovery,2,8,512,nearest,0.2,20,1.0,0.03515625
exp02_noise_recovery,2,8,512,nearest,0.25,20,1.0,0.03515625
exp02_noise_recovery,2,8,512,nearest,0.3,20,1.0,0.03515625
exp02_noise_recovery,2,8,512,nearest,0.35,20,1.0,0.03515625
exp02_noise_recovery,2,8,512,nearest,0.4,20,1.0,0.03515625
exp02_noise_recovery,2,8,512,hopfield,0.0,20,1.0,0.03515625
exp02_noise_recovery,2,8,512,hopfield,0.05,20,1.0,0.03515625
exp02_noise_recovery,2,8,512,hopfield,0.1,20,1.0,0.03515625
exp02_noise_recovery,2,8,512,hopfield,0.15,20,1.0,0.03515625
exp02_noise_recovery,2,8,512,hopfield,0.2,20,1.0,0.03515625
exp02_noise_recovery,2,8,512,hopfield,0.25,20,1.0,0.03515625
exp02_noise_recovery,2,8,512,hopfield,0.3,20,1.0,0.03515625
exp02_noise_recovery,2,8,512,hopfield,0.35,20,1.0,0.03515625
exp02_noise_recovery,2,8,512,hopfield,0.4,20,1.0,0.03515625
exp02_noise_recovery,2,16,64,nearest,0.0,20,1.0,0.09869791666666666
exp02_noise_recovery,2,16,64,nearest,0.05,20,1.0,0.09869791666666666
exp02_noise_recovery,2,16,64,nearest,0.1,20,1.0,0.09869791666666666
exp02_noise_recovery,2,16,64,nearest,0.15,20,1.0,0.09869791666666666
exp02_noise_recovery,2,16,64,nearest,0.2,20,1.0,0.09869791666666666
exp02_noise_recovery,2,16,64,nearest,0.25,20,1.0,0.09869791666666666
exp02_noise_recovery,2,16,64,nearest,0.3,20,0.990625,0.09869791666666666
exp02_noise_recovery,2,16,64,nearest,0.35,20,0.9125,0.09869791666666666
exp02_noise_recovery,2,16,64,nearest,0.4,20,0.365625,0.09869791666666666
exp02_noise_recovery,2,16,64,hopfield,0.0,20,0.9375,0.09869791666666666
exp02_noise_recovery,2,16,64,hopfield,0.05,20,0.9125,0.09869791666666666
exp02_noise_recovery,2,16,64,hopfield,0.1,20,0.875,0.09869791666666666
exp02_noise_recovery,2,16,64,hopfield,0.15,20,0.69375,0.09869791666666666
exp02_noise_recovery,2,16,64,hopfield,0.2,20,0.553125,0.09869791666666666
exp02_noise_recovery,2,16,64,hopfield,0.25,20,0.45625,0.09869791666666666
exp02_noise_recovery,2,16,64,hopfield,0.3,20,0.340625,0.09869791666666666
exp02_noise_recovery,2,16,64,hopfield,0.35,20,0.253125,0.09869791666666666
exp02_noise_recovery,2,16,64,hopfield,0.4,20,0.146875,0.09869791666666666
exp02_noise_recovery,2,16,128,nearest,0.0,20,1.0,0.084765625
exp02_noise_recovery,2,16,128,nearest,0.05,20,1.0,0.084765625
exp02_noise_recovery,2,16,128,nearest,0.1,20,1.0,0.084765625
exp02_noise_recovery,2,16,128,nearest,0.15,20,1.0,0.084765625
exp02_noise_recovery,2,16,128,nearest,0.2,20,1.0,0.084765625
exp02_noise_recovery,2,16,128,nearest,0.25,20,1.0,0.084765625
exp02_noise_recovery,2,16,128,nearest,0.3,20,1.0,0.084765625
exp02_noise_recovery,2,16,128,nearest,0.35,20,0.99375,0.084765625
exp02_noise_recovery,2,16,128,nearest,0.4,20,0.790625,0.084765625
exp02_noise_recovery,2,16,128,hopfield,0.0,20,0.8125,0.084765625
exp02_noise_recovery,2,16,128,hopfield,0.05,20,0.790625,0.084765625
exp02_noise_recovery,2,16,128,hopfield,0.1,20,0.746875,0.084765625
exp02_noise_recovery,2,16,128,hopfield,0.15,20,0.73125,0.084765625
exp02_noise_recovery,2,16,128,hopfield,0.2,20,0.63125,0.084765625
exp02_noise_recovery,2,16,128,hopfield,0.25,20,0.553125,0.084765625
exp02_noise_recovery,2,16,128,hopfield,0.3,20,0.4,0.084765625
exp02_noise_recovery,2,16,128,hopfield,0.35,20,0.28125,0.084765625
exp02_noise_recovery,2,16,128,hopfield,0.4,20,0.215625,0.084765625
exp02_noise_recovery,2,16,256,nearest,0.0,20,1.0,0.052994791666666666
exp02_noise_recovery,2,16,256,nearest,0.05,20,1.0,0.052994791666666666
exp02_noise_recovery,2,16,256,nearest,0.1,20,1.0,0.052994791666666666
exp02_noise_recovery,2,16,256,nearest,0.15,20,1.0,0.052994791666666666
exp02_noise_recovery,2,16,256,nearest,0.2,20,1.0,0.052994791666666666
exp02_noise_recovery,2,16,256,nearest,0.25,20,1.0,0.052994791666666666
exp02_noise_recovery,2,16,256,nearest,0.3,20,1.0,0.052994791666666666
exp02_noise_recovery,2,16,256,nearest,0.35,20,1.0,0.052994791666666666
exp02_noise_recovery,2,16,256,nearest,0.4,20,0.996875,0.052994791666666666
exp02_noise_recovery,2,16,256,hopfield,0.0,20,1.0,0.052994791666666666
exp02_noise_recovery,2,16,256,hopfield,0.05,20,1.0,0.052994791666666666
exp02_noise_recovery,2,16,256,hopfield,0.1,20,1.0,0.052994791666666666
exp02_noise_recovery,2,16,256,hopfield,0.15,20,1.0,0.052994791666666666
exp02_noise_recovery,2,16,256,hopfield,0.2,20,1.0,0.052994791666666666
exp02_noise_recovery,2,16,256,hopfield,0.25,20,0.99375,0.052994791666666666
exp02_noise_recovery,2,16,256,hopfield,0.3,20,0.96875,0.052994791666666666
exp02_noise_recovery,2,16,256,hopfield,0.35,20,0.796875,0.052994791666666666
exp02_noise_recovery,2,16,256,hopfield,0.4,20,0.515625,0.052994791666666666
exp02_noise_recovery,2,16,512,nearest,0.0,20,1.0,0.03424479166666667
exp02_noise_recovery,2,16,512,nearest,0.05,20,1.0,0.03424479166666667
exp02_noise_recovery,2,16,512,nearest,0.1,20,1.0,0.03424479166666667
exp02_noise_recovery,2,16,512,nearest,0.15,20,1.0,0.03424479166666667
exp02_noise_recovery,2,16,512,nearest,0.2,20,1.0,0.03424479166666667
exp02_noise_recovery,2,16,512,nearest,0.25,20,1.0,0.03424479166666667
exp02_noise_recovery,2,16,512,nearest,0.3,20,1.0,0.03424479166666667
exp02_noise_recovery,2,16,512,nearest,0.35,20,1.0,0.03424479166666667
exp02_noise_recovery,2,16,512,nearest,0.4,20,1.0,0.03424479166666667
exp02_noise_recovery,2,16,512,hopfield,0.0,20,1.0,0.03424479166666667
exp02_noise_recovery,2,16,512,hopfield,0.05,20,1.0,0.03424479166666667
exp02_noise_recovery,2,16,512,hopfield,0.1,20,1.0,0.03424479166666667
exp02_noise_recovery,2,16,512,hopfield,0.15,20,1.0,0.03424479166666667
exp02_noise_recovery,2,16,512,hopfield,0.2,20,1.0,0.03424479166666667
exp02_noise_recovery,2,16,512,hopfield,0.25,20,1.0,0.03424479166666667
exp02_noise_recovery,2,16,512,hopfield,0.3,20,1.0,0.03424479166666667
exp02_noise_recovery,2,16,512,hopfield,0.35,20,1.0,0.03424479166666667
exp02_noise_recovery,2,16,512,hopfield,0.4,20,0.9375,0.03424479166666667
exp02_noise_recovery,2,32,64,nearest,0.0,20,1.0,0.10729586693548387
exp02_noise_recovery,2,32,64,nearest,0.05,20,1.0,0.10729586693548387
exp02_noise_recovery,2,32,64,nearest,0.1,20,1.0,0.10729586693548387
exp02_noise_recovery,2,32,64,nearest,0.15,20,1.0,0.10729586693548387
exp02_noise_recovery,2,32,64,nearest,0.2,20,1.0,0.10729586693548387
exp02_noise_recovery,2,32,64,nearest,0.25,20,0.996875,0.10729586693548387
exp02_noise_recovery,2,32,64,nearest,0.3,20,0.975,0.10729586693548387
exp02_noise_recovery,2,32,64,nearest,0.35,20,0.8140625,0.10729586693548387
exp02_noise_recovery,2,32,64,nearest,0.4,20,0.1171875,0.10729586693548387
exp02_noise_recovery,2,32,64,hopfield,0.0,20,0.5,0.10729586693548387
exp02_noise_recovery,2,32,64,hopfield,0.05,20,0.4578125,0.10729586693548387
exp02_noise_recovery,2,32,64,hopfield,0.1,20,0.3890625,0.10729586693548387
exp02_noise_recovery,2,32,64,hopfield,0.15,20,0.346875,0.10729586693548387
exp02_noise_recovery,2,32,64,hopfield,0.2,20,0.2984375,0.10729586693548387
exp02_noise_recovery,2,32,64,hopfield,0.25,20,0.2421875,0.10729586693548387
exp02_noise_recovery,2,32,64,hopfield,0.3,20,0.1625,0.10729586693548387
exp02_noise_recovery,2,32,64,hopfield,0.35,20,0.125,0.10729586693548387
exp02_noise_recovery,2,32,64,hopfield,0.4,20,0.071875,0.10729586693548387
exp02_noise_recovery,2,32,128,nearest,0.0,20,1.0,0.07024949596774194
exp02_noise_recovery,2,32,128,nearest,0.05,20,1.0,0.07024949596774194
exp02_noise_recovery,2,32,128,nearest,0.1,20,1.0,0.07024949596774194
exp02_noise_recovery,2,32,128,nearest,0.15,20,1.0,0.07024949596774194
exp02_noise_recovery,2,32,128,nearest,0.2,20,1.0,0.07024949596774194
exp02_noise_recovery,2,32,128,nearest,0.25,20,1.0,0.07024949596774194
exp02_noise_recovery,2,32,128,nearest,0.3,20,1.0,0.07024949596774194
exp02_noise_recovery,2,32,128,nearest,0.35,20,0.9859375,0.07024949596774194
exp02_noise_recovery,2,32,128,nearest,0.4,20,0.734375,0.07024949596774194
exp02_noise_recovery,2,32,128,hopfield,0.0,20,0.5625,0.07024949596774194
exp02_noise_recovery,2,32,128,hopfield,0.05,20,0.5796875,0.07024949596774194
exp02_noise_recovery,2,32,128,hopfield,0.1,20,0.5359375,0.07024949596774194
exp02_noise_recovery,2,32,128,hopfield,0.15,20,0.4890625,0.07024949596774194
exp02_noise_recovery,2,32,128,hopfield,0.2,20,0.4140625,0.07024949596774194
exp02_noise_recovery,2,32,128,hopfield,0.25,20,0.353125,0.07024949596774194
exp02_noise_recovery,2,32,128,hopfield,0.3,20,0.29375,0.07024949596774194
exp02_noise_recovery,2,32,128,hopfield,0.35,20,0.1671875,0.07024949596774194
exp02_noise_recovery,2,32,128,hopfield,0.4,20,0.0859375,0.07024949596774194
exp02_noise_recovery,2,32,256,nearest,0.0,20,1.0,0.0498046875
exp02_noise_recovery,2,32,256,nearest,0.05,20,1.0,0.0498046875
exp02_noise_recovery,2,32,256,nearest,0.1,20,1.0,0.0498046875
exp02_noise_recovery,2,32,256,nearest,0.15,20,1.0,0.0498046875
exp02_noise_recovery,2,32,256,nearest,0.2,20,1.0,0.0498046875
exp02_noise_recovery,2,32,256,nearest,0.25,20,1.0,0.0498046875
exp02_noise_recovery,2,32,256,nearest,0.3,20,1.0,0.0498046875
exp02_noise_recovery,2,32,256,nearest,0.35,20,1.0,0.0498046875
exp02_noise_recovery,2,32,256,nearest,0.4,20,0.9875,0.0498046875
exp02_noise_recovery,2,32,256,hopfield,0.0,20,1.0,0.0498046875
exp02_noise_recovery,2,32,256,hopfield,0.05,20,1.0,0.0498046875
exp02_noise_recovery,2,32,256,hopfield,0.1,20,1.0,0.0498046875
exp02_noise_recovery,2,32,256,hopfield,0.15,20,1.0,0.0498046875
exp02_noise_recovery,2,32,256,hopfield,0.2,20,0.98125,0.0498046875
exp02_noise_recovery,2,32,256,hopfield,0.25,20,0.9,0.0498046875
exp02_noise_recovery,2,32,256,hopfield,0.3,20,0.7359375,0.0498046875
exp02_noise_recovery,2,32,256,hopfield,0.35,20,0.459375,0.0498046875
exp02_noise_recovery,2,32,256,hopfield,0.4,20,0.2203125,0.0498046875
exp02_noise_recovery,2,32,512,nearest,0.0,20,1.0,0.035132623487903226
exp02_noise_recovery,2,32,512,nearest,0.05,20,1.0,0.035132623487903226
exp02_noise_recovery,2,32,512,nearest,0.1,20,1.0,0.035132623487903226
exp02_noise_recovery,2,32,512,nearest,0.15,20,1.0,0.035132623487903226
exp02_noise_recovery,2,32,512,nearest,0.2,20,1.0,0.035132623487903226
exp02_noise_recovery,2,32,512,nearest,0.25,20,1.0,0.035132623487903226
exp02_noise_recovery,2,32,512,nearest,0.3,20,1.0,0.035132623487903226
exp02_noise_recovery,2,32,512,nearest,0.35,20,1.0,0.035132623487903226
exp02_noise_recovery,2,32,512,nearest,0.4,20,1.0,0.035132623487903226
exp02_noise_recovery,2,32,512,hopfield,0.0,20,1.0,0.035132623487903226
exp02_noise_recovery,2,32,512,hopfield,0.05,20,1.0,0.035132623487903226
exp02_noise_recovery,2,32,512,hopfield,0.1,20,1.0,0.035132623487903226
exp02_noise_recovery,2,32,512,hopfield,0.15,20,1.0,0.035132623487903226
exp02_noise_recovery,2,32,512,hopfield,0.2,20,1.0,0.035132623487903226
exp02_noise_recovery,2,32,512,hopfield,0.25,20,1.0,0.035132623487903226
exp02_noise_recovery,2,32,512,hopfield,0.3,20,0.996875,0.035132623487903226
exp02_noise_recovery,2,32,512,hopfield,0.35,20,0.946875,0.035132623487903226
exp02_noise_recovery,2,32,512,hopfield,0.4,20,0.575,0.035132623487903226
exp02_noise_recovery,2,64,64,nearest,0.0,20,1.0,0.10075644841269842
exp02_noise_recovery,2,64,64,nearest,0.05,20,1.0,0.10075644841269842
exp02_noise_recovery,2,64,64,nearest,0.1,20,1.0,0.10075644841269842
exp02_noise_recovery,2,64,64,nearest,0.15,20,1.0,0.10075644841269842
exp02_noise_recovery,2,64,64,nearest,0.2,20,1.0,0.10075644841269842
exp02_noise_recovery,2,64,64,nearest,0.25,20,0.9984375,0.10075644841269842
exp02_noise_recovery,2,64,64,nearest,0.3,20,0.97109375,0.10075644841269842
exp02_noise_recovery,2,64,64,nearest,0.35,20,0.66171875,0.10075644841269842
exp02_noise_recovery,2,64,64,nearest,0.4,20,0.01640625,0.10075644841269842
exp02_noise_recovery,2,64,64,hopfield,0.0,20,0.296875,0.10075644841269842
exp02_noise_recovery,2,64,64,hopfield,0.05,20,0.2484375,0.10075644841269842
exp02_noise_recovery,2,64,64,hopfield,0.1,20,0.23671875,0.10075644841269842
exp02_noise_recovery,2,64,64,hopfield,0.15,20,0.17109375,0.10075644841269842
exp02_noise_recovery,2,64,64,hopfield,0.2,20,0.1421875,0.10075644841269842
exp02_noise_recovery,2,64,64,hopfield,0.25,20,0.1015625,0.10075644841269842
exp02_noise_recovery,2,64,64,hopfield,0.3,20,0.084375,0.10075644841269842
exp02_noise_recovery,2,64,64,hopfield,0.35,20,0.0625,0.10075644841269842
exp02_noise_recovery,2,64,64,hopfield,0.4,20,0.03671875,0.10075644841269842
exp02_noise_recovery,2,64,128,nearest,0.0,20,1.0,0.0710720486111111
exp02_noise_recovery,2,64,128,nearest,0.05,20,1.0,0.0710720486111111
exp02_noise_recovery,2,64,128,nearest,0.1,20,1.0,0.0710720486111111
exp02_noise_recovery,2,64,128,nearest,0.15,20,1.0,0.0710720486111111
exp02_noise_recovery,2,64,128,nearest,0.2,20,1.0,0.0710720486111111
exp02_noise_recovery,2,64,128,nearest,0.25,20,1.0,0.0710720486111111
exp02_noise_recovery,2,64,128,nearest,0.3,20,1.0,0.0710720486111111
exp02_noise_recovery,2,64,128,nearest,0.35,20,0.97421875,0.0710720486111111
exp02_noise_recovery,2,64,128,nearest,0.4,20,0.51171875,0.0710720486111111
exp02_noise_recovery,2,64,128,hopfield,0.0,20,0.53125,0.0710720486111111
exp02_noise_recovery,2,64,128,hopfield,0.05,20,0.4140625,0.0710720486111111
exp02_noise_recovery,2,64,128,hopfield,0.1,20,0.384375,0.0710720486111111
exp02_noise_recovery,2,64,128,hopfield,0.15,20,0.315625,0.0710720486111111
exp02_noise_recovery,2,64,128,hopfield,0.2,20,0.2515625,0.0710720486111111
exp02_noise_recovery,2,64,128,hopfield,0.25,20,0.19765625,0.0710720486111111
exp02_noise_recovery,2,64,128,hopfield,0.3,20,0.159375,0.0710720486111111
exp02_noise_recovery,2,64,128,hopfield,0.35,20,0.096875,0.0710720486111111
exp02_noise_recovery,2,64,128,hopfield,0.4,20,0.0578125,0.0710720486111111
exp02_noise_recovery,2,64,256,nearest,0.0,20,1.0,0.050684368799603176
exp02_noise_recovery,2,64,256,nearest,0.05,20,1.0,0.050684368799603176
exp02_noise_recovery,2,64,256,nearest,0.1,20,1.0,0.050684368799603176
exp02_noise_recovery,2,64,256,nearest,0.15,20,1.0,0.050684368799603176
exp02_noise_recovery,2,64,256,nearest,0.2,20,1.0,0.050684368799603176
exp02_noise_recovery,2,64,256,nearest,0.25,20,1.0,0.050684368799603176
exp02_noise_recovery,2,64,256,nearest,0.3,20,1.0,0.050684368799603176
exp02_noise_recovery,2,64,256,nearest,0.35,20,1.0,0.050684368799603176
exp02_noise_recovery,2,64,256,nearest,0.4,20,0.959375,0.050684368799603176
exp02_noise_recovery,2,64,256,hopfield,0.0,20,0.75,0.050684368799603176
exp02_noise_recovery,2,64,256,hopfield,0.05,20,0.78359375,0.050684368799603176
exp02_noise_recovery,2,64,256,hopfield,0.1,20,0.75546875,0.050684368799603176
exp02_noise_recovery,2,64,256,hopfield,0.15,20,0.73671875,0.050684368799603176
exp02_noise_recovery,2,64,256,hopfield,0.2,20,0.675,0.050684368799603176
exp02_noise_recovery,2,64,256,hopfield,0.25,20,0.53828125,0.050684368799603176
exp02_noise_recovery,2,64,256,hopfield,0.3,20,0.3953125,0.050684368799603176
exp02_noise_recovery,2,64,256,hopfield,0.35,20,0.2296875,0.050684368799603176
exp02_noise_recovery,2,64,256,hopfield,0.4,20,0.13125,0.050684368799603176
exp02_noise_recovery,2,64,512,nearest,0.0,20,1.0,0.0350768074156746
exp02_noise_recovery,2,64,512,nearest,0.05,20,1.0,0.0350768074156746
exp02_noise_recovery,2,64,512,nearest,0.1,20,1.0,0.0350768074156746
exp02_noise_recovery,2,64,512,nearest,0.15,20,1.0,0.0350768074156746
exp02_noise_recovery,2,64,512,nearest,0.2,20,1.0,0.0350768074156746
exp02_noise_recovery,2,64,512,nearest,0.25,20,1.0,0.0350768074156746
exp02_noise_recovery,2,64,512,nearest,0.3,20,1.0,0.0350768074156746
exp02_noise_recovery,2,64,512,nearest,0.35,20,1.0,0.0350768074156746
exp02_noise_recovery,2,64,512,nearest,0.4,20,1.0,0.0350768074156746
exp02_noise_recovery,2,64,512,hopfield,0.0,20,1.0,0.0350768074156746
exp02_noise_recovery,2,64,512,hopfield,0.05,20,1.0,0.0350768074156746
exp02_noise_recovery,2,64,512,hopfield,0.1,20,1.0,0.0350768074156746
exp02_noise_recovery,2,64,512,hopfield,0.15,20,0.99921875,0.0350768074156746
exp02_noise_recovery,2,64,512,hopfield,0.2,20,0.99296875,0.0350768074156746
exp02_noise_recovery,2,64,512,hopfield,0.25,20,0.94609375,0.0350768074156746
exp02_noise_recovery,2,64,512,hopfield,0.3,20,0.7859375,0.0350768074156746
exp02_noise_recovery,2,64,512,hopfield,0.35,20,0.51015625,0.0350768074156746
exp02_noise_recovery,2,64,512,hopfield,0.4,20,0.22734375,0.0350768074156746
exp02_noise_recovery,3,8,64,nearest,0.0,20,1.0,0.08816964285714286
exp02_noise_recovery,3,8,64,nearest,0.05,20,1.0,0.08816964285714286
exp02_noise_recovery,3,8,64,nearest,0.1,20,1.0,0.08816964285714286
exp02_noise_recovery,3,8,64,nearest,0.15,20,1.0,0.08816964285714286
exp02_noise_recovery,3,8,64,nearest,0.2,20,1.0,0.08816964285714286
exp02_noise_recovery,3,8,64,nearest,0.25,20,1.0,0.08816964285714286
exp02_noise_recovery,3,8,64,nearest,0.3,20,0.98125,0.08816964285714286
exp02_noise_recovery,3,8,64,nearest,0.35,20,0.9625,0.08816964285714286
exp02_noise_recovery,3,8,64,nearest,0.4,20,0.61875,0.08816964285714286
exp02_noise_recovery,3,8,64,hopfield,0.0,20,1.0,0.08816964285714286
exp02_noise_recovery,3,8,64,hopfield,0.05,20,1.0,0.08816964285714286
exp02_noise_recovery,3,8,64,hopfield,0.1,20,1.0,0.08816964285714286
exp02_noise_recovery,3,8,64,hopfield,0.15,20,1.0,0.08816964285714286
exp02_noise_recovery,3,8,64,hopfield,0.2,20,0.975,0.08816964285714286
exp02_noise_recovery,3,8,64,hopfield,0.25,20,0.93125,0.08816964285714286
exp02_noise_recovery,3,8,64,hopfield,0.3,20,0.78125,0.08816964285714286
exp02_noise_recovery,3,8,64,hopfield,0.35,20,0.60625,0.08816964285714286
exp02_noise_recovery,3,8,64,hopfield,0.4,20,0.31875,0.08816964285714286
exp02_noise_recovery,3,8,128,nearest,0.0,20,1.0,0.06194196428571429
exp02_noise_recovery,3,8,128,nearest,0.05,20,1.0,0.06194196428571429
exp02_noise_recovery,3,8,128,nearest,0.1,20,1.0,0.06194196428571429
exp02_noise_recovery,3,8,128,nearest,0.15,20,1.0,0.06194196428571429
exp02_noise_recovery,3,8,128,nearest,0.2,20,1.0,0.06194196428571429
exp02_noise_recovery,3,8,128,nearest,0.25,20,1.0,0.06194196428571429
exp02_noise_recovery,3,8,128,nearest,0.3,20,1.0,0.06194196428571429
exp02_noise_recovery,3,8,128,nearest,0.35,20,1.0,0.06194196428571429
exp02_noise_recovery,3,8,128,nearest,0.4,20,0.975,0.06194196428571429
exp02_noise_recovery,3,8,128,hopfield,0.0,20,1.0,0.06194196428571429
exp02_noise_recovery,3,8,128,hopfield,0.05,20,1.0,0.06194196428571429
exp02_noise_recovery,3,8,128,hopfield,0.1,20,1.0,0.06194196428571429
exp02_noise_recovery,3,8,128,hopfield,0.15,20,1.0,0.06194196428571429
exp02_noise_recovery,3,8,128,hopfield,0.2,20,1.0,0.06194196428571429
exp02_noise_recovery,3,8,128,hopfield,0.25,20,0.99375,0.06194196428571429
exp02_noise_recovery,3,8,128,hopfield,0.3,20,0.9875,0.06194196428571429
exp02_noise_recovery,3,8,128,hopfield,0.35,20,0.8375,0.06194196428571429
exp02_noise_recovery,3,8,128,hopfield,0.4,20,0.6,0.06194196428571429
exp02_noise_recovery,3,8,256,nearest,0.0,20,1.0,0.03766741071428571
exp02_noise_recovery,3,8,256,nearest,0.05,20,1.0,0.03766741071428571
exp02_noise_recovery,3,8,256,nearest,0.1,20,1.0,0.03766741071428571
exp02_noise_recovery,3,8,256,nearest,0.15,20,1.0,0.03766741071428571
exp02_noise_recovery,3,8,256,nearest,0.2,20,1.0,0.03766741071428571
exp02_noise_recovery,3,8,256,nearest,0.25,20,1.0,0.03766741071428571
exp02_noise_recovery,3,8,256,nearest,0.3,20,1.0,0.03766741071428571
exp02_noise_recovery,3,8,256,nearest,0.35,20,1.0,0.03766741071428571
exp02_noise_recovery,3,8,256,nearest,0.4,20,1.0,0.03766741071428571
exp02_noise_recovery,3,8,256,hopfield,0.0,20,1.0,0.03766741071428571
exp02_noise_recovery,3,8,256,hopfield,0.05,20,1.0,0.03766741071428571
exp02_noise_recovery,3,8,256,hopfield,0.1,20,1.0,0.03766741071428571
exp02_noise_recovery,3,8,256,hopfield,0.15,20,1.0,0.03766741071428571
exp02_noise_recovery,3,8,256,hopfield,0.2,20,1.0,0.03766741071428571
exp02_noise_recovery,3,8,256,hopfield,0.25,20,1.0,0.03766741071428571
exp02_noise_recovery,3,8,256,hopfield,0.3,20,1.0,0.03766741071428571
exp02_noise_recovery,3,8,256,hopfield,0.35,20,1.0,0.03766741071428571
exp02_noise_recovery,3,8,256,hopfield,0.4,20,0.96875,0.03766741071428571
exp02_noise_recovery,3,8,512,nearest,0.0,20,1.0,0.03278459821428571
exp02_noise_recovery,3,8,512,nearest,0.05,20,1.0,0.03278459821428571
exp02_noise_recovery,3,8,512,nearest,0.1,20,1.0,0.03278459821428571
exp02_noise_recovery,3,8,512,nearest,0.15,20,1.0,0.03278459821428571
exp02_noise_recovery,3,8,512,nearest,0.2,20,1.0,0.03278459821428571
exp02_noise_recovery,3,8,512,nearest,0.25,20,1.0,0.03278459821428571
exp02_noise_recovery,3,8,512,nearest,0.3,20,1.0,0.03278459821428571
exp02_noise_recovery,3,8,512,nearest,0.35,20,1.0,0.03278459821428571
exp02_noise_recovery,3,8,512,nearest,0.4,20,1.0,0.03278459821428571
exp02_noise_recovery,3,8,512,hopfield,0.0,20,1.0,0.03278459821428571
exp02_noise_recovery,3,8,512,hopfield,0.05,20,1.0,0.03278459821428571
exp02_noise_recovery,3,8,512,hopfield,0.1,20,1.0,0.03278459821428571
exp02_noise_recovery,3,8,512,hopfield,0.15,20,1.0,0.03278459821428571
exp02_noise_recovery,3,8,512,hopfield,0.2,20,1.0,0.03278459821428571
exp02_noise_recovery,3,8,512,hopfield,0.25,20,1.0,0.03278459821428571
exp02_noise_recovery,3,8,512,hopfield,0.3,20,1.0,0.03278459821428571
exp02_noise_recovery,3,8,512,hopfield,0.35,20,1.0,0.03278459821428571
exp02_noise_recovery,3,8,512,hopfield,0.4,20,1.0,0.03278459821428571
exp02_noise_recovery,3,16,64,nearest,0.0,20,1.0,0.09817708333333333
exp02_noise_recovery,3,16,64,nearest,0.05,20,1.0,0.09817708333333333
exp02_noise_recovery,3,16,64,nearest,0.1,20,1.0,0.09817708333333333
exp02_noise_recovery,3,16,64,nearest,0.15,20,1.0,0.09817708333333333
exp02_noise_recovery,3,16,64,nearest,0.2,20,1.0,0.09817708333333333
exp02_noise_recovery,3,16,64,nearest,0.25,20,1.0,0.09817708333333333
exp02_noise_recovery,3,16,64,nearest,0.3,20,0.978125,0.09817708333333333
exp02_noise_recovery,3,16,64,nearest,0.35,20,0.946875,0.09817708333333333
exp02_noise_recovery,3,16,64,nearest,0.4,20,0.4125,0.09817708333333333
exp02_noise_recovery,3,16,64,hopfield,0.0,20,0.9375,0.09817708333333333
exp02_noise_recovery,3,16,64,hopfield,0.05,20,0.834375,0.09817708333333333
exp02_noise_recovery,3,16,64,hopfield,0.1,20,0.753125,0.09817708333333333
exp02_noise_recovery,3,16,64,hopfield,0.15,20,0.63125,0.09817708333333333
exp02_noise_recovery,3,16,64,hopfield,0.2,20,0.540625,0.09817708333333333
exp02_noise_recovery,3,16,64,hopfield,0.25,20,0.421875,0.09817708333333333
exp02_noise_recovery,3,16,64,hopfield,0.3,20,0.31875,0.09817708333333333
exp02_noise_recovery,3,16,64,hopfield,0.35,20,0.215625,0.09817708333333333
exp02_noise_recovery,3,16,64,hopfield,0.4,20,0.115625,0.09817708333333333
exp02_noise_recovery,3,16,128,nearest,0.0,20,1.0,0.06940104166666666
exp02_noise_recovery,3,16,128,nearest,0.05,20,1.0,0.06940104166666666
exp02_noise_recovery,3,16,128,nearest,0.1,20,1.0,0.06940104166666666
exp02_noise_recovery,3,16,128,nearest,0.15,20,1.0,0.06940104166666666
exp02_noise_recovery,3,16,128,nearest,0.2,20,1.0,0.06940104166666666
exp02_noise_recovery,3,16,128,nearest,0.25,20,1.0,0.06940104166666666
exp02_noise_recovery,3,16,128,nearest,0.3,20,1.0,0.06940104166666666
exp02_noise_recovery,3,16,128,nearest,0.35,20,0.9875,0.06940104166666666
exp02_noise_recovery,3,16,128,nearest,0.4,20,0.853125,0.06940104166666666
exp02_noise_recovery,3,16,128,hopfield,0.0,20,1.0,0.06940104166666666
exp02_noise_recovery,3,16,128,hopfield,0.05,20,0.996875,0.06940104166666666
exp02_noise_recovery,3,16,128,hopfield,0.1,20,0.98125,0.06940104166666666
exp02_noise_recovery,3,16,128,hopfield,0.15,20,0.940625,0.06940104166666666
exp02_noise_recovery,3,16,128,hopfield,0.2,20,0.875,0.06940104166666666
exp02_noise_recovery,3,16,128,hopfield,0.25,20,0.796875,0.06940104166666666
exp02_noise_recovery,3,16,128,hopfield,0.3,20,0.559375,0.06940104166666666
exp02_noise_recovery,3,16,128,hopfield,0.35,20,0.36875,0.06940104166666666
exp02_noise_recovery,3,16,128,hopfield,0.4,20,0.18125,0.06940104166666666
exp02_noise_recovery,3,16,256,nearest,0.0,20,1.0,0.04342447916666667
exp02_noise_recovery,3,16,256,nearest,0.05,20,1.0,0.04342447916666667
exp02_noise_recovery,3,16,256,nearest,0.1,20,1.0,0.04342447916666667
exp02_noise_recovery,3,16,256,nearest,0.15,20,1.0,0.04342447916666667
exp02_noise_recovery,3,16,256,nearest,0.2,20,1.0,0.04342447916666667
exp02_noise_recovery,3,16,256,nearest,0.25,20,1.0,0.04342447916666667
exp02_noise_recovery,3,16,256,nearest,0.3,20,1.0,0.04342447916666667
exp02_noise_recovery,3,16,256,nearest,0.35,20,1.0,0.04342447916666667
exp02_noise_recovery,3,16,256,nearest,0.4,20,0.9875,0.04342447916666667
exp02_noise_recovery,3,16,256,hopfield,0.0,20,1.0,0.04342447916666667
exp02_noise_recovery,3,16,256,hopfield,0.05,20,1.0,0.04342447916666667
exp02_noise_recovery,3,16,256,hopfield,0.1,20,1.0,0.04342447916666667
exp02_noise_recovery,3,16,256,hopfield,0.15,20,1.0,0.04342447916666667
exp02_noise_recovery,3,16,256,hopfield,0.2,20,1.0,0.04342447916666667
exp02_noise_recovery,3,16,256,hopfield,0.25,20,1.0,0.04342447916666667
exp02_noise_recovery,3,16,256,hopfield,0.3,20,0.99375,0.04342447916666667
exp02_noise_recovery,3,16,256,hopfield,0.35,20,0.928125,0.04342447916666667
exp02_noise_recovery,3,16,256,hopfield,0.4,20,0.621875,0.04342447916666667
exp02_noise_recovery,3,16,512,nearest,0.0,20,1.0,0.031901041666666664
exp02_noise_recovery,3,16,512,nearest,0.05,20,1.0,0.031901041666666664
exp02_noise_recovery,3,16,512,nearest,0.1,20,1.0,0.031901041666666664
exp02_noise_recovery,3,16,512,nearest,0.15,20,1.0,0.031901041666666664
exp02_noise_recovery,3,16,512,nearest,0.2,20,1.0,0.031901041666666664
exp02_noise_recovery,3,16,512,nearest,0.25,20,1.0,0.031901041666666664
exp02_noise_recovery,3,16,512,nearest,0.3,20,1.0,0.031901041666666664
exp02_noise_recovery,3,16,512,nearest,0.35,20,1.0,0.031901041666666664
exp02_noise_recovery,3,16,512,nearest,0.4,20,1.0,0.031901041666666664
exp02_noise_recovery,3,16,512,hopfield,0.0,20,1.0,0.031901041666666664
exp02_noise_recovery,3,16,512,hopfield,0.05,20,1.0,0.031901041666666664
exp02_noise_recovery,3,16,512,hopfield,0.1,20,1.0,0.031901041666666664
exp02_noise_recovery,3,16,512,hopfield,0.15,20,1.0,0.031901041666666664
exp02_noise_recovery,3,16,512,hopfield,0.2,20,1.0,0.031901041666666664
exp02_noise_recovery,3,16,512,hopfield,0.25,20,1.0,0.031901041666666664
exp02_noise_recovery,3,16,512,hopfield,0.3,20,1.0,0.031901041666666664
exp02_noise_recovery,3,16,512,hopfield,0.35,20,1.0,0.031901041666666664
exp02_noise_recovery,3,16,512,hopfield,0.4,20,0.95625,0.031901041666666664
exp02_noise_recovery,3,32,64,nearest,0.0,20,1.0,0.10389364919354839
exp02_noise_recovery,3,32,64,nearest,0.05,20,1.0,0.10389364919354839
exp02_noise_recovery,3,32,64,nearest,0.1,20,1.0,0.10389364919354839
exp02_noise_recovery,3,32,64,nearest,0.15,20,1.0,0.10389364919354839
exp02_noise_recovery,3,32,64,nearest,0.2,20,1.0,0.10389364919354839
exp02_noise_recovery,3,32,64,nearest,0.25,20,0.9984375,0.10389364919354839
exp02_noise_recovery,3,32,64,nearest,0.3,20,0.978125,0.10389364919354839
exp02_noise_recovery,3,32,64,nearest,0.35,20,0.840625,0.10389364919354839
exp02_noise_recovery,3,32,64,nearest,0.4,20,0.1140625,0.10389364919354839
exp02_noise_recovery,3,32,64,hopfield,0.0,20,0.53125,0.10389364919354839
exp02_noise_recovery,3,32,64,hopfield,0.05,20,0.471875,0.10389364919354839
exp02_noise_recovery,3,32,64,hopfield,0.1,20,0.4515625,0.10389364919354839
exp02_noise_recovery,3,32,64,hopfield,0.15,20,0.3671875,0.10389364919354839
exp02_noise_recovery,3,32,64,hopfield,0.2,20,0.30625,0.10389364919354839
exp02_noise_recovery,3,32,64,hopfield,0.25,20,0.2484375,0.10389364919354839
exp02_noise_recovery,3,32,64,hopfield,0.3,20,0.1875,0.10389364919354839
exp02_noise_recovery,3,32,64,hopfield,0.35,20,0.14375,0.10389364919354839
exp02_noise_recovery,3,32,64,hopfield,0.4,20,0.078125,0.10389364919354839
exp02_noise_recovery,3,32,128,nearest,0.0,20,1.0,0.07103704637096774
exp02_noise_recovery,3,32,128,nearest,0.05,20,1.0,0.07103704637096774
exp02_noise_recovery,3,32,128,nearest,0.1,20,1.0,0.07103704637096774
exp02_noise_recovery,3,32,128,nearest,0.15,20,1.0,0.07103704637096774
exp02_noise_recovery,3,32,128,nearest,0.2,20,1.0,0.07103704637096774
exp02_noise_recovery,3,32,128,nearest,0.25,20,1.0,0.07103704637096774
exp02_noise_recovery,3,32,128,nearest,0.3,20,1.0,0.07103704637096774
exp02_noise_recovery,3,32,128,nearest,0.35,20,0.9828125,0.07103704637096774
exp02_noise_recovery,3,32,128,nearest,0.4,20,0.7375,0.07103704637096774
exp02_noise_recovery,3,32,128,hopfield,0.0,20,0.96875,0.07103704637096774
exp02_noise_recovery,3,32,128,hopfield,0.05,20,0.9140625,0.07103704637096774
exp02_noise_recovery,3,32,128,hopfield,0.1,20,0.8609375,0.07103704637096774
exp02_noise_recovery,3,32,128,hopfield,0.15,20,0.8046875,0.07103704637096774
exp02_noise_recovery,3,32,128,hopfield,0.2,20,0.6640625,0.07103704637096774
exp02_noise_recovery,3,32,128,hopfield,0.25,20,0.525,0.07103704637096774
exp02_noise_recovery,3,32,128,hopfield,0.3,20,0.359375,0.07103704637096774
exp02_noise_recovery,3,32,128,hopfield,0.35,20,0.23125,0.07103704637096774
exp02_noise_recovery,3,32,128,hopfield,0.4,20,0.1125,0.07103704637096774
exp02_noise_recovery,3,32,256,nearest,0.0,20,1.0,0.04747353830645161
exp02_noise_recovery,3,32,256,nearest,0.05,20,1.0,0.04747353830645161
exp02_noise_recovery,3,32,256,nearest,0.1,20,1.0,0.04747353830645161
exp02_noise_recovery,3,32,256,nearest,0.15,20,1.0,0.04747353830645161
exp02_noise_recovery,3,32,256,nearest,0.2,20,1.0,0.04747353830645161
exp02_noise_recovery,3,32,256,nearest,0.25,20,1.0,0.04747353830645161
exp02_noise_recovery,3,32,256,nearest,0.3,20,1.0,0.04747353830645161
exp02_noise_recovery,3,32,256,nearest,0.35,20,1.0,0.04747353830645161
exp02_noise_recovery,3,32,256,nearest,0.4,20,0.9875,0.04747353830645161
exp02_noise_recovery,3,32,256,hopfield,0.0,20,1.0,0.04747353830645161
exp02_noise_recovery,3,32,256,hopfield,0.05,20,0.9921875,0.04747353830645161
exp02_noise_recovery,3,32,256,hopfield,0.1,20,0.9828125,0.04747353830645161
exp02_noise_recovery,3,32,256,hopfield,0.15,20,0.971875,0.04747353830645161
exp02_noise_recovery,3,32,256,hopfield,0.2,20,0.9625,0.04747353830645161
exp02_noise_recovery,3,32,256,hopfield,0.25,20,0.85625,0.04747353830645161
exp02_noise_recovery,3,32,256,hopfield,0.3,20,0.6359375,0.04747353830645161
exp02_noise_recovery,3,32,256,hopfield,0.35,20,0.4015625,0.04747353830645161
exp02_noise_recovery,3,32,256,hopfield,0.4,20,0.203125,0.04747353830645161
exp02_noise_recovery,3,32,512,nearest,0.0,20,1.0,0.03351814516129032
exp02_noise_recovery,3,32,512,nearest,0.05,20,1.0,0.03351814516129032
exp02_noise_recovery,3,32,512,nearest,0.1,20,1.0,0.03351814516129032
exp02_noise_recovery,3,32,512,nearest,0.15,20,1.0,0.03351814516129032
exp02_noise_recovery,3,32,512,nearest,0.2,20,1.0,0.03351814516129032
exp02_noise_recovery,3,32,512,nearest,0.25,20,1.0,0.03351814516129032
exp02_noise_recovery,3,32,512,nearest,0.3,20,1.0,0.03351814516129032
exp02_noise_recovery,3,32,512,nearest,0.35,20,1.0,0.03351814516129032
exp02_noise_recovery,3,32,512,nearest,0.4,20,1.0,0.03351814516129032
exp02_noise_recovery,3,32,512,hopfield,0.0,20,1.0,0.03351814516129032
exp02_noise_recovery,3,32,512,hopfield,0.05,20,1.0,0.03351814516129032
exp02_noise_recovery,3,32,512,hopfield,0.1,20,1.0,0.03351814516129032
exp02_noise_recovery,3,32,512,hopfield,0.15,20,1.0,0.03351814516129032
exp02_noise_recovery,3,32,512,hopfield,0.2,20,1.0,0.03351814516129032
exp02_noise_recovery,3,32,512,hopfield,0.25,20,1.0,0.03351814516129032
exp02_noise_recovery,3,32,512,hopfield,0.3,20,1.0,0.03351814516129032
exp02_noise_recovery,3,32,512,hopfield,0.35,20,0.9859375,0.03351814516129032
exp02_noise_recovery,3,32,512,hopfield,0.4,20,0.6625,0.03351814516129032
exp02_noise_recovery,3,64,64,nearest,0.0,20,1.0,0.10139198908730158
exp02_noise_recovery,3,64,64,nearest,0.05,20,1.0,0.10139198908730158
exp02_noise_recovery,3,64,64,nearest,0.1,20,1.0,0.10139198908730158
exp02_noise_recovery,3,64,64,nearest,0.15,20,1.0,0.10139198908730158
exp02_noise_recovery,3,64,64,nearest,0.2,20,1.0,0.10139198908730158
exp02_noise_recovery,3,64,64,nearest,0.25,20,0.9984375,0.10139198908730158
exp02_noise_recovery,3,64,64,nearest,0.3,20,0.96953125,0.10139198908730158
exp02_noise_recovery,3,64,64,nearest,0.35,20,0.6796875,0.10139198908730158
exp02_noise_recovery,3,64,64,nearest,0.4,20,0.01328125,0.10139198908730158
exp02_noise_recovery,3,64,64,hopfield,0.0,20,0.421875,0.10139198908730158
exp02_noise_recovery,3,64,64,hopfield,0.05,20,0.38515625,0.10139198908730158
exp02_noise_recovery,3,64,64,hopfield,0.1,20,0.3390625,0.10139198908730158
exp02_noise_recovery,3,64,64,hopfield,0.15,20,0.259375,0.10139198908730158
exp02_noise_recovery,3,64,64,hopfield,0.2,20,0.2,0.10139198908730158
exp02_noise_recovery,3,64,64,hopfield,0.25,20,0.15859375,0.10139198908730158
exp02_noise_recovery,3,64,64,hopfield,0.3,20,0.09765625,0.10139198908730158
exp02_noise_recovery,3,64,64,hopfield,0.35,20,0.07109375,0.10139198908730158
exp02_noise_recovery,3,64,64,hopfield,0.4,20,0.03984375,0.10139198908730158
exp02_noise_recovery,3,64,128,nearest,0.0,20,1.0,0.07105654761904762
exp02_noise_recovery,3,64,128,nearest,0.05,20,1.0,0.07105654761904762
exp02_noise_recovery,3,64,128,nearest,0.1,20,1.0,0.07105654761904762
exp02_noise_recovery,3,64,128,nearest,0.15,20,1.0,0.07105654761904762
exp02_noise_recovery,3,64,128,nearest,0.2,20,1.0,0.07105654761904762
exp02_noise_recovery,3,64,128,nearest,0.25,20,1.0,0.07105654761904762
exp02_noise_recovery,3,64,128,nearest,0.3,20,1.0,0.07105654761904762
exp02_noise_recovery,3,64,128,nearest,0.35,20,0.975,0.07105654761904762
exp02_noise_recovery,3,64,128,nearest,0.4,20,0.5125,0.07105654761904762
exp02_noise_recovery,3,64,128,hopfield,0.0,20,0.40625,0.07105654761904762
exp02_noise_recovery,3,64,128,hopfield,0.05,20,0.36171875,0.07105654761904762
exp02_noise_recovery,3,64,128,hopfield,0.1,20,0.36171875,0.07105654761904762
exp02_noise_recovery,3,64,128,hopfield,0.15,20,0.3203125,0.07105654761904762
exp02_noise_recovery,3,64,128,hopfield,0.2,20,0.24453125,0.07105654761904762
exp02_noise_recovery,3,64,128,hopfield,0.25,20,0.18671875,0.07105654761904762
exp02_noise_recovery,3,64,128,hopfield,0.3,20,0.15546875,0.07105654761904762
exp02_noise_recovery,3,64,128,hopfield,0.35,20,0.0953125,0.07105654761904762
exp02_noise_recovery,3,64,128,hopfield,0.4,20,0.0546875,0.07105654761904762
exp02_noise_recovery,3,64,256,nearest,0.0,20,1.0,0.049331907242063495
exp02_noise_recovery,3,64,256,nearest,0.05,20,1.0,0.049331907242063495
exp02_noise_recovery,3,64,256,nearest,0.1,20,1.0,0.049331907242063495
exp02_noise_recovery,3,64,256,nearest,0.15,20,1.0,0.049331907242063495
exp02_noise_recovery,3,64,256,nearest,0.2,20,1.0,0.049331907242063495
exp02_noise_recovery,3,64,256,nearest,0.25,20,1.0,0.049331907242063495
exp02_noise_recovery,3,64,256,nearest,0.3,20,1.0,0.049331907242063495
exp02_noise_recovery,3,64,256,nearest,0.35,20,1.0,0.049331907242063495
exp02_noise_recovery,3,64,256,nearest,0.4,20,0.9640625,0.049331907242063495
exp02_noise_recovery,3,64,256,hopfield,0.0,20,0.859375,0.049331907242063495
exp02_noise_recovery,3,64,256,hopfield,0.05,20,0.85078125,0.049331907242063495
exp02_noise_recovery,3,64,256,hopfield,0.1,20,0.82109375,0.049331907242063495
exp02_noise_recovery,3,64,256,hopfield,0.15,20,0.7890625,0.049331907242063495
exp02_noise_recovery,3,64,256,hopfield,0.2,20,0.6890625,0.049331907242063495
exp02_noise_recovery,3,64,256,hopfield,0.25,20,0.58671875,0.049331907242063495
exp02_noise_recovery,3,64,256,hopfield,0.3,20,0.41953125,0.049331907242063495
exp02_noise_recovery,3,64,256,hopfield,0.35,20,0.26328125,0.049331907242063495
exp02_noise_recovery,3,64,256,hopfield,0.4,20,0.1375,0.049331907242063495
exp02_noise_recovery,3,64,512,nearest,0.0,20,1.0,0.03438701326884921
exp02_noise_recovery,3,64,512,nearest,0.05,20,1.0,0.03438701326884921
exp02_noise_recovery,3,64,512,nearest,0.1,20,1.0,0.03438701326884921
exp02_noise_recovery,3,64,512,nearest,0.15,20,1.0,0.03438701326884921
exp02_noise_recovery,3,64,512,nearest,0.2,20,1.0,0.03438701326884921
exp02_noise_recovery,3,64,512,nearest,0.25,20,1.0,0.03438701326884921
exp02_noise_recovery,3,64,512,nearest,0.3,20,1.0,0.03438701326884921
exp02_noise_recovery,3,64,512,nearest,0.35,20,1.0,0.03438701326884921
exp02_noise_recovery,3,64,512,nearest,0.4,20,1.0,0.03438701326884921
exp02_noise_recovery,3,64,512,hopfield,0.0,20,1.0,0.03438701326884921
exp02_noise_recovery,3,64,512,hopfield,0.05,20,1.0,0.03438701326884921
exp02_noise_recovery,3,64,512,hopfield,0.1,20,1.0,0.03438701326884921
exp02_noise_recovery,3,64,512,hopfield,0.15,20,1.0,0.03438701326884921
exp02_noise_recovery,3,64,512,hopfield,0.2,20,0.996875,0.03438701326884921
exp02_noise_recovery,3,64,512,hopfield,0.25,20,0.98671875,0.03438701326884921
exp02_noise_recovery,3,64,512,hopfield,0.3,20,0.86953125,0.03438701326884921
exp02_noise_recovery,3,64,512,hopfield,0.35,20,0.63515625,0.03438701326884921
exp02_noise_recovery,3,64,512,hopfield,0.4,20,0.2984375,0.03438701326884921
exp02_noise_recovery,4,8,64,nearest,0.0,20,1.0,0.08928571428571429
exp02_noise_recovery,4,8,64,nearest,0.05,20,1.0,0.08928571428571429
exp02_noise_recovery,4,8,64,nearest,0.1,20,1.0,0.08928571428571429
exp02_noise_recovery,4,8,64,nearest,0.15,20,1.0,0.08928571428571429
exp02_noise_recovery,4,8,64,nearest,0.2,20,1.0,0.08928571428571429
exp02_noise_recovery,4,8,64,nearest,0.25,20,0.99375,0.08928571428571429
exp02_noise_recovery,4,8,64,nearest,0.3,20,1.0,0.08928571428571429
exp02_noise_recovery,4,8,64,nearest,0.35,20,0.95625,0.08928571428571429
exp02_noise_recovery,4,8,64,nearest,0.4,20,0.575,0.08928571428571429
exp02_noise_recovery,4,8,64,hopfield,0.0,20,1.0,0.08928571428571429
exp02_noise_recovery,4,8,64,hopfield,0.05,20,1.0,0.08928571428571429
exp02_noise_recovery,4,8,64,hopfield,0.1,20,1.0,0.08928571428571429
exp02_noise_recovery,4,8,64,hopfield,0.15,20,0.99375,0.08928571428571429
exp02_noise_recovery,4,8,64,hopfield,0.2,20,0.99375,0.08928571428571429
exp02_noise_recovery,4,8,64,hopfield,0.25,20,0.95,0.08928571428571429
exp02_noise_recovery,4,8,64,hopfield,0.3,20,0.83125,0.08928571428571429
exp02_noise_recovery,4,8,64,hopfield,0.35,20,0.64375,0.08928571428571429
exp02_noise_recovery,4,8,64,hopfield,0.4,20,0.36875,0.08928571428571429
exp02_noise_recovery,4,8,128,nearest,0.0,20,1.0,0.08091517857142858
exp02_noise_recovery,4,8,128,nearest,0.05,20,1.0,0.08091517857142858
exp02_noise_recovery,4,8,128,nearest,0.1,20,1.0,0.08091517857142858
exp02_noise_recovery,4,8,128,nearest,0.15,20,1.0,0.08091517857142858
exp02_noise_recovery,4,8,128,nearest,0.2,20,1.0,0.08091517857142858
exp02_noise_recovery,4,8,128,nearest,0.25,20,1.0,0.08091517857142858
exp02_noise_recovery,4,8,128,nearest,0.3,20,1.0,0.08091517857142858
exp02_noise_recovery,4,8,128,nearest,0.35,20,1.0,0.08091517857142858
exp02_noise_recovery,4,8,128,nearest,0.4,20,0.88125,0.08091517857142858
exp02_noise_recovery,4,8,128,hopfield,0.0,20,1.0,0.08091517857142858
exp02_noise_recovery,4,8,128,hopfield,0.05,20,1.0,0.08091517857142858
exp02_noise_recovery,4,8,128,hopfield,0.1,20,1.0,0.08091517857142858
exp02_noise_recovery,4,8,128,hopfield,0.15,20,1.0,0.08091517857142858
exp02_noise_recovery,4,8,128,hopfield,0.2,20,0.99375,0.08091517857142858
exp02_noise_recovery,4,8,128,hopfield,0.25,20,1.0,0.08091517857142858
exp02_noise_recovery,4,8,128,hopfield,0.3,20,0.98125,0.08091517857142858
exp02_noise_recovery,4,8,128,hopfield,0.35,20,0.86875,0.08091517857142858
exp02_noise_recovery,4,8,128,hopfield,0.4,20,0.5375,0.08091517857142858
exp02_noise_recovery,4,8,256,nearest,0.0,20,1.0,0.04352678571428571
exp02_noise_recovery,4,8,256,nearest,0.05,20,1.0,0.04352678571428571
exp02_noise_recovery,4,8,256,nearest,0.1,20,1.0,0.04352678571428571
exp02_noise_recovery,4,8,256,nearest,0.15,20,1.0,0.04352678571428571
exp02_noise_recovery,4,8,256,nearest,0.2,20,1.0,0.04352678571428571
exp02_noise_recovery,4,8,256,nearest,0.25,20,1.0,0.04352678571428571
exp02_noise_recovery,4,8,256,nearest,0.3,20,1.0,0.04352678571428571
exp02_noise_recovery,4,8,256,nearest,0.35,20,1.0,0.04352678571428571
exp02_noise_recovery,4,8,256,nearest,0.4,20,0.99375,0.04352678571428571
exp02_noise_recovery,4,8,256,hopfield,0.0,20,1.0,0.04352678571428571
exp02_noise_recovery,4,8,256,hopfield,0.05,20,1.0,0.04352678571428571
exp02_noise_recovery,4,8,256,hopfield,0.1,20,1.0,0.04352678571428571
exp02_noise_recovery,4,8,256,hopfield,0.15,20,1.0,0.04352678571428571
exp02_noise_recovery,4,8,256,hopfield,0.2,20,1.0,0.04352678571428571
exp02_noise_recovery,4,8,256,hopfield,0.25,20,1.0,0.04352678571428571
exp02_noise_recovery,4,8,256,hopfield,0.3,20,1.0,0.04352678571428571
exp02_noise_recovery,4,8,256,hopfield,0.35,20,1.0,0.04352678571428571
exp02_noise_recovery,4,8,256,hopfield,0.4,20,0.91875,0.04352678571428571
exp02_noise_recovery,4,8,512,nearest,0.0,20,1.0,0.04352678571428571
exp02_noise_recovery,4,8,512,nearest,0.05,20,1.0,0.04352678571428571
exp02_noise_recovery,4,8,512,nearest,0.1,20,1.0,0.04352678571428571
exp02_noise_recovery,4,8,512,nearest,0.15,20,1.0,0.04352678571428571
exp02_noise_recovery,4,8,512,nearest,0.2,20,1.0,0.04352678571428571
exp02_noise_recovery,4,8,512,nearest,0.25,20,1.0,0.04352678571428571
exp02_noise_recovery,4,8,512,nearest,0.3,20,1.0,0.04352678571428571
exp02_noise_recovery,4,8,512,nearest,0.35,20,1.0,0.04352678571428571
exp02_noise_recovery,4,8,512,nearest,0.4,20,1.0,0.04352678571428571
exp02_noise_recovery,4,8,512,hopfield,0.0,20,1.0,0.04352678571428571
exp02_noise_recovery,4,8,512,hopfield,0.05,20,1.0,0.04352678571428571
exp02_noise_recovery,4,8,512,hopfield,0.1,20,1.0,0.04352678571428571
exp02_noise_recovery,4,8,512,hopfield,0.15,20,1.0,0.04352678571428571
exp02_noise_recovery,4,8,512,hopfield,0.2,20,1.0,0.04352678571428571
exp02_noise_recovery,4,8,512,hopfield,0.25,20,1.0,0.04352678571428571
exp02_noise_recovery,4,8,512,hopfield,0.3,20,1.0,0.04352678571428571
exp02_noise_recovery,4,8,512,hopfield,0.35,20,1.0,0.04352678571428571
exp02_noise_recovery,4,8,512,hopfield,0.4,20,1.0,0.04352678571428571
exp02_noise_recovery,4,16,64,nearest,0.0,20,1.0,0.09765625
exp02_noise_recovery,4,16,64,nearest,0.05,20,1.0,0.09765625
exp02_noise_recovery,4,16,64,nearest,0.1,20,1.0,0.09765625
exp02_noise_recovery,4,16,64,nearest,0.15,20,1.0,0.09765625
exp02_noise_recovery,4,16,64,nearest,0.2,20,1.0,0.09765625
exp02_noise_recovery,4,16,64,nearest,0.25,20,1.0,0.09765625
exp02_noise_recovery,4,16,64,nearest,0.3,20,1.0,0.09765625
exp02_noise_recovery,4,16,64,nearest,0.35,20,0.925,0.09765625
exp02_noise_recovery,4,16,64,nearest,0.4,20,0.328125,0.09765625
exp02_noise_recovery,4,16,64,hopfield,0.0,20,0.875,0.09765625
exp02_noise_recovery,4,16,64,hopfield,0.05,20,0.825,0.09765625
exp02_noise_recovery,4,16,64,hopfield,0.1,20,0.775,0.09765625
exp02_noise_recovery,4,16,64,hopfield,0.15,20,0.675,0.09765625
exp02_noise_recovery,4,16,64,hopfield,0.2,20,0.6,0.09765625
exp02_noise_recovery,4,16,64,hopfield,0.25,20,0.471875,0.09765625
exp02_noise_recovery,4,16,64,hopfield,0.3,20,0.35,0.09765625
exp02_noise_recovery,4,16,64,hopfield,0.35,20,0.271875,0.09765625
exp02_noise_recovery,4,16,64,hopfield,0.4,20,0.153125,0.09765625
exp02_noise_recovery,4,16,128,nearest,0.0,20,1.0,0.07708333333333334
exp02_noise_recovery,4,16,128,nearest,0.05,20,1.0,0.07708333333333334
exp02_noise_recovery,4,16,128,nearest,0.1,20,1.0,0.07708333333333334
exp02_noise_recovery,4,16,128,nearest,0.15,20,1.0,0.07708333333333334
exp02_noise_recovery,4,16,128,nearest,0.2,20,1.0,0.07708333333333334
exp02_noise_recovery,4,16,128,nearest,0.25,20,1.0,0.07708333333333334
exp02_noise_recovery,4,16,128,nearest,0.3,20,1.0,0.07708333333333334
exp02_noise_recovery,4,16,128,nearest,0.35,20,0.990625,0.07708333333333334
exp02_noise_recovery,4,16,128,nearest,0.4,20,0.85,0.07708333333333334
exp02_noise_recovery,4,16,128,hopfield,0.0,20,1.0,0.07708333333333334
exp02_noise_recovery,4,16,128,hopfield,0.05,20,1.0,0.07708333333333334
exp02_noise_recovery,4,16,128,hopfield,0.1,20,0.996875,0.07708333333333334
exp02_noise_recovery,4,16,128,hopfield,0.15,20,0.99375,0.07708333333333334
exp02_noise_recovery,4,16,128,hopfield,0.2,20,0.971875,0.07708333333333334
exp02_noise_recovery,4,16,128,hopfield,0.25,20,0.909375,0.07708333333333334
exp02_noise_recovery,4,16,128,hopfield,0.3,20,0.740625,0.07708333333333334
exp02_noise_recovery,4,16,128,hopfield,0.35,20,0.503125,0.07708333333333334
exp02_noise_recovery,4,16,128,hopfield,0.4,20,0.275,0.07708333333333334
exp02_noise_recovery,4,16,256,nearest,0.0,20,1.0,0.04934895833333333
exp02_noise_recovery,4,16,256,nearest,0.05,20,1.0,0.04934895833333333
exp02_noise_recovery,4,16,256,nearest,0.1,20,1.0,0.04934895833333333
exp02_noise_recovery,4,16,256,nearest,0.15,20,1.0,0.04934895833333333
exp02_noise_recovery,4,16,256,nearest,0.2,20,1.0,0.04934895833333333
exp02_noise_recovery,4,16,256,nearest,0.25,20,1.0,0.04934895833333333
exp02_noise_recovery,4,16,256,nearest,0.3,20,1.0,0.04934895833333333
exp02_noise_recovery,4,16,256,nearest,0.35,20,1.0,0.04934895833333333
exp02_noise_recovery,4,16,256,nearest,0.4,20,0.9875,0.04934895833333333
exp02_noise_recovery,4,16,256,hopfield,0.0,20,1.0,0.04934895833333333
exp02_noise_recovery,4,16,256,hopfield,0.05,20,1.0,0.04934895833333333
exp02_noise_recovery,4,16,256,hopfield,0.1,20,1.0,0.04934895833333333
exp02_noise_recovery,4,16,256,hopfield,0.15,20,1.0,0.04934895833333333
exp02_noise_recovery,4,16,256,hopfield,0.2,20,1.0,0.04934895833333333
exp02_noise_recovery,4,16,256,hopfield,0.25,20,0.990625,0.04934895833333333
exp02_noise_recovery,4,16,256,hopfield,0.3,20,0.9625,0.04934895833333333
exp02_noise_recovery,4,16,256,hopfield,0.35,20,0.815625,0.04934895833333333
exp02_noise_recovery,4,16,256,hopfield,0.4,20,0.521875,0.04934895833333333
exp02_noise_recovery,4,16,512,nearest,0.0,20,1.0,0.037369791666666666
exp02_noise_recovery,4,16,512,nearest,0.05,20,1.0,0.037369791666666666
exp02_noise_recovery,4,16,512,nearest,0.1,20,1.0,0.037369791666666666
exp02_noise_recovery,4,16,512,nearest,0.15,20,1.0,0.037369791666666666
exp02_noise_recovery,4,16,512,nearest,0.2,20,1.0,0.037369791666666666
exp02_noise_recovery,4,16,512,nearest,0.25,20,1.0,0.037369791666666666
exp02_noise_recovery,4,16,512,nearest,0.3,20,1.0,0.037369791666666666
exp02_noise_recovery,4,16,512,nearest,0.35,20,1.0,0.037369791666666666
exp02_noise_recovery,4,16,512,nearest,0.4,20,1.0,0.037369791666666666
exp02_noise_recovery,4,16,512,hopfield,0.0,20,1.0,0.037369791666666666
exp02_noise_recovery,4,16,512,hopfield,0.05,20,1.0,0.037369791666666666
exp02_noise_recovery,4,16,512,hopfield,0.1,20,1.0,0.037369791666666666
exp02_noise_recovery,4,16,512,hopfield,0.15,20,1.0,0.037369791666666666
exp02_noise_recovery,4,16,512,hopfield,0.2,20,1.0,0.037369791666666666
exp02_noise_recovery,4,16,512,hopfield,0.25,20,1.0,0.037369791666666666
exp02_noise_recovery,4,16,512,hopfield,0.3,20,1.0,0.037369791666666666
exp02_noise_recovery,4,16,512,hopfield,0.35,20,1.0,0.037369791666666666
exp02_noise_recovery,4,16,512,hopfield,0.4,20,0.965625,0.037369791666666666
exp02_noise_recovery,4,32,64,nearest,0.0,20,1.0,0.09942036290322581
exp02_noise_recovery,4,32,64,nearest,0.05,20,1.0,0.09942036290322581
exp02_noise_recovery,4,32,64,nearest,0.1,20,1.0,0.09942036290322581
exp02_noise_recovery,4,32,64,nearest,0.15,20,1.0,0.09942036290322581
exp02_noise_recovery,4,32,64,nearest,0.2,20,1.0,0.09942036290322581
exp02_noise_recovery,4,32,64,nearest,0.25,20,1.0,0.09942036290322581
exp02_noise_recovery,4,32,64,nearest,0.3,20,0.9796875,0.09942036290322581
exp02_noise_recovery,4,32,64,nearest,0.35,20,0.8078125,0.09942036290322581
exp02_noise_recovery,4,32,64,nearest,0.4,20,0.109375,0.09942036290322581
exp02_noise_recovery,4,32,64,hopfield,0.0,20,0.53125,0.09942036290322581
exp02_noise_recovery,4,32,64,hopfield,0.05,20,0.478125,0.09942036290322581
exp02_noise_recovery,4,32,64,hopfield,0.1,20,0.4421875,0.09942036290322581
exp02_noise_recovery,4,32,64,hopfield,0.15,20,0.35,0.09942036290322581
exp02_noise_recovery,4,32,64,hopfield,0.2,20,0.3265625,0.09942036290322581
exp02_noise_recovery,4,32,64,hopfield,0.25,20,0.2421875,0.09942036290322581
exp02_noise_recovery,4,32,64,hopfield,0.3,20,0.171875,0.09942036290322581
exp02_noise_recovery,4,32,64,hopfield,0.35,20,0.140625,0.09942036290322581
exp02_noise_recovery,4,32,64,hopfield,0.4,20,0.0640625,0.09942036290322581
exp02_noise_recovery,4,32,128,nearest,0.0,20,1.0,0.07377772177419355
exp02_noise_recovery,4,32,128,nearest,0.05,20,1.0,0.07377772177419355
exp02_noise_recovery,4,32,128,nearest,0.1,20,1.0,0.07377772177419355
exp02_noise_recovery,4,32,128,nearest,0.15,20,1.0,0.07377772177419355
exp02_noise_recovery,4,32,128,nearest,0.2,20,1.0,0.07377772177419355
exp02_noise_recovery,4,32,128,nearest,0.25,20,1.0,0.07377772177419355
exp02_noise_recovery,4,32,128,nearest,0.3,20,1.0,0.07377772177419355
exp02_noise_recovery,4,32,128,nearest,0.35,20,0.9875,0.07377772177419355
exp02_noise_recovery,4,32,128,nearest,0.4,20,0.70625,0.07377772177419355
exp02_noise_recovery,4,32,128,hopfield,0.0,20,0.6875,0.07377772177419355
exp02_noise_recovery,4,32,128,hopfield,0.05,20,0.6140625,0.07377772177419355
exp02_noise_recovery,4,32,128,hopfield,0.1,20,0.5953125,0.07377772177419355
exp02_noise_recovery,4,32,128,hopfield,0.15,20,0.5421875,0.07377772177419355
exp02_noise_recovery,4,32,128,hopfield,0.2,20,0.4171875,0.07377772177419355
exp02_noise_recovery,4,32,128,hopfield,0.25,20,0.375,0.07377772177419355
exp02_noise_recovery,4,32,128,hopfield,0.3,20,0.2875,0.07377772177419355
exp02_noise_recovery,4,32,128,hopfield,0.35,20,0.1953125,0.07377772177419355
exp02_noise_recovery,4,32,128,hopfield,0.4,20,0.1125,0.07377772177419355
exp02_noise_recovery,4,32,256,nearest,0.0,20,1.0,0.04819808467741935
exp02_noise_recovery,4,32,256,nearest,0.05,20,1.0,0.04819808467741935
exp02_noise_recovery,4,32,256,nearest,0.1,20,1.0,0.04819808467741935
exp02_noise_recovery,4,32,256,nearest,0.15,20,1.0,0.04819808467741935
exp02_noise_recovery,4,32,256,nearest,0.2,20,1.0,0.04819808467741935
exp02_noise_recovery,4,32,256,nearest,0.25,20,1.0,0.04819808467741935
exp02_noise_recovery,4,32,256,nearest,0.3,20,1.0,0.04819808467741935
exp02_noise_recovery,4,32,256,nearest,0.35,20,1.0,0.04819808467741935
exp02_noise_recovery,4,32,256,nearest,0.4,20,0.9890625,0.04819808467741935
exp02_noise_recovery,4,32,256,hopfield,0.0,20,1.0,0.04819808467741935
exp02_noise_recovery,4,32,256,hopfield,0.05,20,1.0,0.04819808467741935
exp02_noise_recovery,4,32,256,hopfield,0.1,20,1.0,0.04819808467741935
exp02_noise_recovery,4,32,256,hopfield,0.15,20,1.0,0.04819808467741935
exp02_noise_recovery,4,32,256,hopfield,0.2,20,0.9953125,0.04819808467741935
exp02_noise_recovery,4,32,256,hopfield,0.25,20,0.9515625,0.04819808467741935
exp02_noise_recovery,4,32,256,hopfield,0.3,20,0.79375,0.04819808467741935
exp02_noise_recovery,4,32,256,hopfield,0.35,20,0.4921875,0.04819808467741935
exp02_noise_recovery,4,32,256,hopfield,0.4,20,0.2703125,0.04819808467741935
exp02_noise_recovery,4,32,512,nearest,0.0,20,1.0,0.035557900705645164
exp02_noise_recovery,4,32,512,nearest,0.05,20,1.0,0.035557900705645164
exp02_noise_recovery,4,32,512,nearest,0.1,20,1.0,0.035557900705645164
exp02_noise_recovery,4,32,512,nearest,0.15,20,1.0,0.035557900705645164
exp02_noise_recovery,4,32,512,nearest,0.2,20,1.0,0.035557900705645164
exp02_noise_recovery,4,32,512,nearest,0.25,20,1.0,0.035557900705645164
exp02_noise_recovery,4,32,512,nearest,0.3,20,1.0,0.035557900705645164
exp02_noise_recovery,4,32,512,nearest,0.35,20,1.0,0.035557900705645164
exp02_noise_recovery,4,32,512,nearest,0.4,20,1.0,0.035557900705645164
exp02_noise_recovery,4,32,512,hopfield,0.0,20,1.0,0.035557900705645164
exp02_noise_recovery,4,32,512,hopfield,0.05,20,1.0,0.035557900705645164
exp02_noise_recovery,4,32,512,hopfield,0.1,20,1.0,0.035557900705645164
exp02_noise_recovery,4,32,512,hopfield,0.15,20,1.0,0.035557900705645164
exp02_noise_recovery,4,32,512,hopfield,0.2,20,1.0,0.035557900705645164
exp02_noise_recovery,4,32,512,hopfield,0.25,20,1.0,0.035557900705645164
exp02_noise_recovery,4,32,512,hopfield,0.3,20,0.996875,0.035557900705645164
exp02_noise_recovery,4,32,512,hopfield,0.35,20,0.946875,0.035557900705645164
exp02_noise_recovery,4,32,512,hopfield,0.4,20,0.578125,0.035557900705645164
exp02_noise_recovery,4,64,64,nearest,0.0,20,1.0,0.0993923611111111
exp02_noise_recovery,4,64,64,nearest,0.05,20,1.0,0.0993923611111111
exp02_noise_recovery,4,64,64,nearest,0.1,20,1.0,0.0993923611111111
exp02_noise_recovery,4,64,64,nearest,0.15,20,1.0,0.0993923611111111
exp02_noise_recovery,4,64,64,nearest,0.2,20,1.0,0.0993923611111111
exp02_noise_recovery,4,64,64,nearest,0.25,20,0.99921875,0.0993923611111111
exp02_noise_recovery,4,64,64,nearest,0.3,20,0.959375,0.0993923611111111
exp02_noise_recovery,4,64,64,nearest,0.35,20,0.67109375,0.0993923611111111
exp02_noise_recovery,4,64,64,nearest,0.4,20,0.01328125,0.0993923611111111
exp02_noise_recovery,4,64,64,hopfield,0.0,20,0.21875,0.0993923611111111
exp02_noise_recovery,4,64,64,hopfield,0.05,20,0.17265625,0.0993923611111111
exp02_noise_recovery,4,64,64,hopfield,0.1,20,0.15625,0.0993923611111111
exp02_noise_recovery,4,64,64,hopfield,0.15,20,0.140625,0.0993923611111111
exp02_noise_recovery,4,64,64,hopfield,0.2,20,0.12109375,0.0993923611111111
exp02_noise_recovery,4,64,64,hopfield,0.25,20,0.0859375,0.0993923611111111
exp02_noise_recovery,4,64,64,hopfield,0.3,20,0.08203125,0.0993923611111111
exp02_noise_recovery,4,64,64,hopfield,0.35,20,0.0609375,0.0993923611111111
exp02_noise_recovery,4,64,64,hopfield,0.4,20,0.03359375,0.0993923611111111
exp02_noise_recovery,4,64,128,nearest,0.0,20,1.0,0.07114955357142858
exp02_noise_recovery,4,64,128,nearest,0.05,20,1.0,0.07114955357142858
exp02_noise_recovery,4,64,128,nearest,0.1,20,1.0,0.07114955357142858
exp02_noise_recovery,4,64,128,nearest,0.15,20,1.0,0.07114955357142858
exp02_noise_recovery,4,64,128,nearest,0.2,20,1.0,0.07114955357142858
exp02_noise_recovery,4,64,128,nearest,0.25,20,1.0,0.07114955357142858
exp02_noise_recovery,4,64,128,nearest,0.3,20,1.0,0.07114955357142858
exp02_noise_recovery,4,64,128,nearest,0.35,20,0.98203125,0.07114955357142858
exp02_noise_recovery,4,64,128,nearest,0.4,20,0.4890625,0.07114955357142858
exp02_noise_recovery,4,64,128,hopfield,0.0,20,0.5,0.07114955357142858
exp02_noise_recovery,4,64,128,hopfield,0.05,20,0.4515625,0.07114955357142858
exp02_noise_recovery,4,64,128,hopfield,0.1,20,0.40859375,0.07114955357142858
exp02_noise_recovery,4,64,128,hopfield,0.15,20,0.378125,0.07114955357142858
exp02_noise_recovery,4,64,128,hopfield,0.2,20,0.27578125,0.07114955357142858
exp02_noise_recovery,4,64,128,hopfield,0.25,20,0.23125,0.07114955357142858
exp02_noise_recovery,4,64,128,hopfield,0.3,20,0.16484375,0.07114955357142858
exp02_noise_recovery,4,64,128,hopfield,0.35,20,0.1015625,0.07114955357142858
exp02_noise_recovery,4,64,128,hopfield,0.4,20,0.059375,0.07114955357142858
exp02_noise_recovery,4,64,256,nearest,0.0,20,1.0,0.0488707527281746
exp02_noise_recovery,4,64,256,nearest,0.05,20,1.0,0.0488707527281746
exp02_noise_recovery,4,64,256,nearest,0.1,20,1.0,0.0488707527281746
exp02_noise_recovery,4,64,256,nearest,0.15,20,1.0,0.0488707527281746
exp02_noise_recovery,4,64,256,nearest,0.2,20,1.0,0.0488707527281746
exp02_noise_recovery,4,64,256,nearest,0.25,20,1.0,0.0488707527281746
exp02_noise_recovery,4,64,256,nearest,0.3,20,1.0,0.0488707527281746
exp02_noise_recovery,4,64,256,nearest,0.35,20,1.0,0.0488707527281746
exp02_noise_recovery,4,64,256,nearest,0.4,20,0.9625,0.0488707527281746
exp02_noise_recovery,4,64,256,hopfield,0.0,20,0.921875,0.0488707527281746
exp02_noise_recovery,4,64,256,hopfield,0.05,20,0.82734375,0.0488707527281746
exp02_noise_recovery,4,64,256,hopfield,0.1,20,0.79765625,0.0488707527281746
exp02_noise_recovery,4,64,256,hopfield,0.15,20,0.76875,0.0488707527281746
exp02_noise_recovery,4,64,256,hopfield,0.2,20,0.69609375,0.0488707527281746
exp02_noise_recovery,4,64,256,hopfield,0.25,20,0.56640625,0.0488707527281746
exp02_noise_recovery,4,64,256,hopfield,0.3,20,0.42578125,0.0488707527281746
exp02_noise_recovery,4,64,256,hopfield,0.35,20,0.240625,0.0488707527281746
exp02_noise_recovery,4,64,256,hopfield,0.4,20,0.1375,0.0488707527281746
exp02_noise_recovery,4,64,512,nearest,0.0,20,1.0,0.036243257068452384
exp02_noise_recovery,4,64,512,nearest,0.05,20,1.0,0.036243257068452384
exp02_noise_recovery,4,64,512,nearest,0.1,20,1.0,0.036243257068452384
exp02_noise_recovery,4,64,512,nearest,0.15,20,1.0,0.036243257068452384
exp02_noise_recovery,4,64,512,nearest,0.2,20,1.0,0.036243257068452384
exp02_noise_recovery,4,64,512,nearest,0.25,20,1.0,0.036243257068452384
exp02_noise_recovery,4,64,512,nearest,0.3,20,1.0,0.036243257068452384
exp02_noise_recovery,4,64,512,nearest,0.35,20,1.0,0.036243257068452384
exp02_noise_recovery,4,64,512,nearest,0.4,20,1.0,0.036243257068452384
exp02_noise_recovery,4,64,512,hopfield,0.0,20,1.0,0.036243257068452384
exp02_noise_recovery,4,64,512,hopfield,0.05,20,1.0,0.036243257068452384
exp02_noise_recovery,4,64,512,hopfield,0.1,20,1.0,0.036243257068452384
exp02_noise_recovery,4,64,512,hopfield,0.15,20,1.0,0.036243257068452384
exp02_noise_recovery,4,64,512,hopfield,0.2,20,0.98984375,0.036243257068452384
exp02_noise_recovery,4,64,512,hopfield,0.25,20,0.9546875,0.036243257068452384
exp02_noise_recovery,4,64,512,hopfield,0.3,20,0.7953125,0.036243257068452384
exp02_noise_recovery,4,64,512,hopfield,0.35,20,0.52265625,0.036243257068452384
exp02_noise_recovery,4,64,512,hopfield,0.4,20,0.24375,0.036243257068452384
exp02_noise_recovery,5,8,64,nearest,0.0,20,1.0,0.11272321428571429
exp02_noise_recovery,5,8,64,nearest,0.05,20,1.0,0.11272321428571429
exp02_noise_recovery,5,8,64,nearest,0.1,20,1.0,0.11272321428571429
exp02_noise_recovery,5,8,64,nearest,0.15,20,1.0,0.11272321428571429
exp02_noise_recovery,5,8,64,nearest,0.2,20,1.0,0.11272321428571429
exp02_noise_recovery,5,8,64,nearest,0.25,20,1.0,0.11272321428571429
exp02_noise_recovery,5,8,64,nearest,0.3,20,0.99375,0.11272321428571429
exp02_noise_recovery,5,8,64,nearest,0.35,20,0.9625,0.11272321428571429
exp02_noise_recovery,5,8,64,nearest,0.4,20,0.575,0.11272321428571429
exp02_noise_recovery,5,8,64,hopfield,0.0,20,1.0,0.11272321428571429
exp02_noise_recovery,5,8,64,hopfield,0.05,20,0.975,0.11272321428571429
exp02_noise_recovery,5,8,64,hopfield,0.1,20,0.95625,0.11272321428571429
exp02_noise_recovery,5,8,64,hopfield,0.15,20,0.85625,0.11272321428571429
exp02_noise_recovery,5,8,64,hopfield,0.2,20,0.81875,0.11272321428571429
exp02_noise_recovery,5,8,64,hopfield,0.25,20,0.63125,0.11272321428571429
exp02_noise_recovery,5,8,64,hopfield,0.3,20,0.525,0.11272321428571429
exp02_noise_recovery,5,8,64,hopfield,0.35,20,0.4875,0.11272321428571429
exp02_noise_recovery,5,8,64,hopfield,0.4,20,0.28125,0.11272321428571429
exp02_noise_recovery,5,8,128,nearest,0.0,20,1.0,0.06696428571428571
exp02_noise_recovery,5,8,128,nearest,0.05,20,1.0,0.06696428571428571
exp02_noise_recovery,5,8,128,nearest,0.1,20,1.0,0.06696428571428571
exp02_noise_recovery,5,8,128,nearest,0.15,20,1.0,0.06696428571428571
exp02_noise_recovery,5,8,128,nearest,0.2,20,1.0,0.06696428571428571
exp02_noise_recovery,5,8,128,nearest,0.25,20,1.0,0.06696428571428571
exp02_noise_recovery,5,8,128,nearest,0.3,20,1.0,0.06696428571428571
exp02_noise_recovery,5,8,128,nearest,0.35,20,1.0,0.06696428571428571
exp02_noise_recovery,5,8,128,nearest,0.4,20,0.9,0.06696428571428571
exp02_noise_recovery,5,8,128,hopfield,0.0,20,1.0,0.06696428571428571
exp02_noise_recovery,5,8,128,hopfield,0.05,20,1.0,0.06696428571428571
exp02_noise_recovery,5,8,128,hopfield,0.1,20,1.0,0.06696428571428571
exp02_noise_recovery,5,8,128,hopfield,0.15,20,1.0,0.06696428571428571
exp02_noise_recovery,5,8,128,hopfield,0.2,20,1.0,0.06696428571428571
exp02_noise_recovery,5,8,128,hopfield,0.25,20,1.0,0.06696428571428571
exp02_noise_recovery,5,8,128,hopfield,0.3,20,1.0,0.06696428571428571
exp02_noise_recovery,5,8,128,hopfield,0.35,20,0.94375,0.06696428571428571
exp02_noise_recovery,5,8,128,hopfield,0.4,20,0.65625,0.06696428571428571
exp02_noise_recovery,5,8,256,nearest,0.0,20,1.0,0.03571428571428571
exp02_noise_recovery,5,8,256,nearest,0.05,20,1.0,0.03571428571428571
exp02_noise_recovery,5,8,256,nearest,0.1,20,1.0,0.03571428571428571
exp02_noise_recovery,5,8,256,nearest,0.15,20,1.0,0.03571428571428571
exp02_noise_recovery,5,8,256,nearest,0.2,20,1.0,0.03571428571428571
exp02_noise_recovery,5,8,256,nearest,0.25,20,1.0,0.03571428571428571
exp02_noise_recovery,5,8,256,nearest,0.3,20,1.0,0.03571428571428571
exp02_noise_recovery,5,8,256,nearest,0.35,20,1.0,0.03571428571428571
exp02_noise_recovery,5,8,256,nearest,0.4,20,1.0,0.03571428571428571
exp02_noise_recovery,5,8,256,hopfield,0.0,20,1.0,0.03571428571428571
exp02_noise_recovery,5,8,256,hopfield,0.05,20,1.0,0.03571428571428571
exp02_noise_recovery,5,8,256,hopfield,0.1,20,1.0,0.03571428571428571
exp02_noise_recovery,5,8,256,hopfield,0.15,20,1.0,0.03571428571428571
exp02_noise_recovery,5,8,256,hopfield,0.2,20,1.0,0.03571428571428571
exp02_noise_recovery,5,8,256,hopfield,0.25,20,1.0,0.03571428571428571
exp02_noise_recovery,5,8,256,hopfield,0.3,20,1.0,0.03571428571428571
exp02_noise_recovery,5,8,256,hopfield,0.35,20,0.9875,0.03571428571428571
exp02_noise_recovery,5,8,256,hopfield,0.4,20,0.95625,0.03571428571428571
exp02_noise_recovery,5,8,512,nearest,0.0,20,1.0,0.032924107142857144
exp02_noise_recovery,5,8,512,nearest,0.05,20,1.0,0.032924107142857144
exp02_noise_recovery,5,8,512,nearest,0.1,20,1.0,0.032924107142857144
exp02_noise_recovery,5,8,512,nearest,0.15,20,1.0,0.032924107142857144
exp02_noise_recovery,5,8,512,nearest,0.2,20,1.0,0.032924107142857144
exp02_noise_recovery,5,8,512,nearest,0.25,20,1.0,0.032924107142857144
exp02_noise_recovery,5,8,512,nearest,0.3,20,1.0,0.032924107142857144
exp02_noise_recovery,5,8,512,nearest,0.35,20,1.0,0.032924107142857144
exp02_noise_recovery,5,8,512,nearest,0.4,20,1.0,0.032924107142857144
exp02_noise_recovery,5,8,512,hopfield,0.0,20,1.0,0.032924107142857144
exp02_noise_recovery,5,8,512,hopfield,0.05,20,1.0,0.032924107142857144
exp02_noise_recovery,5,8,512,hopfield,0.1,20,1.0,0.032924107142857144
exp02_noise_recovery,5,8,512,hopfield,0.15,20,1.0,0.032924107142857144
exp02_noise_recovery,5,8,512,hopfield,0.2,20,1.0,0.032924107142857144
exp02_noise_recovery,5,8,512,hopfield,0.25,20,1.0,0.032924107142857144
exp02_noise_recovery,5,8,512,hopfield,0.3,20,1.0,0.032924107142857144
exp02_noise_recovery,5,8,512,hopfield,0.35,20,1.0,0.032924107142857144
exp02_noise_recovery,5,8,512,hopfield,0.4,20,0.9875,0.032924107142857144
exp02_noise_recovery,5,16,64,nearest,0.0,20,1.0,0.09583333333333334
exp02_noise_recovery,5,16,64,nearest,0.05,20,1.0,0.09583333333333334
exp02_noise_recovery,5,16,64,nearest,0.1,20,1.0,0.09583333333333334
exp02_noise_recovery,5,16,64,nearest,0.15,20,1.0,0.09583333333333334
exp02_noise_recovery,5,16,64,nearest,0.2,20,1.0,0.09583333333333334
exp02_noise_recovery,5,16,64,nearest,0.25,20,0.996875,0.09583333333333334
exp02_noise_recovery,5,16,64,nearest,0.3,20,0.990625,0.09583333333333334
exp02_noise_recovery,5,16,64,nearest,0.35,20,0.925,0.09583333333333334
exp02_noise_recovery,5,16,64,nearest,0.4,20,0.3375,0.09583333333333334
exp02_noise_recovery,5,16,64,hopfield,0.0,20,0.75,0.09583333333333334
exp02_noise_recovery,5,16,64,hopfield,0.05,20,0.609375,0.09583333333333334
exp02_noise_recovery,5,16,64,hopfield,0.1,20,0.525,0.09583333333333334
exp02_noise_recovery,5,16,64,hopfield,0.15,20,0.365625,0.09583333333333334
exp02_noise_recovery,5,16,64,hopfield,0.2,20,0.31875,0.09583333333333334
exp02_noise_recovery,5,16,64,hopfield,0.25,20,0.253125,0.09583333333333334
exp02_noise_recovery,5,16,64,hopfield,0.3,20,0.190625,0.09583333333333334
exp02_noise_recovery,5,16,64,hopfield,0.35,20,0.1375,0.09583333333333334
exp02_noise_recovery,5,16,64,hopfield,0.4,20,0.10625,0.09583333333333334
exp02_noise_recovery,5,16,128,nearest,0.0,20,1.0,0.0671875
exp02_noise_recovery,5,16,128,nearest,0.05,20,1.0,0.0671875
exp02_noise_recovery,5,16,128,nearest,0.1,20,1.0,0.0671875
exp02_noise_recovery,5,16,128,nearest,0.15,20,1.0,0.0671875
exp02_noise_recovery,5,16,128,nearest,0.2,20,1.0,0.0671875
exp02_noise_recovery,5,16,128,nearest,0.25,20,1.0,0.0671875
exp02_noise_recovery,5,16,128,nearest,0.3,20,1.0,0.0671875
exp02_noise_recovery,5,16,128,nearest,0.35,20,0.996875,0.0671875
exp02_noise_recovery,5,16,128,nearest,0.4,20,0.859375,0.0671875
exp02_noise_recovery,5,16,128,hopfield,0.0,20,1.0,0.0671875
exp02_noise_recovery,5,16,128,hopfield,0.05,20,1.0,0.0671875
exp02_noise_recovery,5,16,128,hopfield,0.1,20,1.0,0.0671875
exp02_noise_recovery,5,16,128,hopfield,0.15,20,1.0,0.0671875
exp02_noise_recovery,5,16,128,hopfield,0.2,20,0.9875,0.0671875
exp02_noise_recovery,5,16,128,hopfield,0.25,20,0.94375,0.0671875
exp02_noise_recovery,5,16,128,hopfield,0.3,20,0.803125,0.0671875
exp02_noise_recovery,5,16,128,hopfield,0.35,20,0.5625,0.0671875
exp02_noise_recovery,5,16,128,hopfield,0.4,20,0.309375,0.0671875
exp02_noise_recovery,5,16,256,nearest,0.0,20,1.0,0.04869791666666667
exp02_noise_recovery,5,16,256,nearest,0.05,20,1.0,0.04869791666666667
exp02_noise_recovery,5,16,256,nearest,0.1,20,1.0,0.04869791666666667
exp02_noise_recovery,5,16,256,nearest,0.15,20,1.0,0.04869791666666667
exp02_noise_recovery,5,16,256,nearest,0.2,20,1.0,0.04869791666666667
exp02_noise_recovery,5,16,256,nearest,0.25,20,1.0,0.04869791666666667
exp02_noise_recovery,5,16,256,nearest,0.3,20,1.0,0.04869791666666667
exp02_noise_recovery,5,16,256,nearest,0.35,20,1.0,0.04869791666666667
exp02_noise_recovery,5,16,256,nearest,0.4,20,0.99375,0.04869791666666667
exp02_noise_recovery,5,16,256,hopfield,0.0,20,1.0,0.04869791666666667
exp02_noise_recovery,5,16,256,hopfield,0.05,20,1.0,0.04869791666666667
exp02_noise_recovery,5,16,256,hopfield,0.1,20,1.0,0.04869791666666667
exp02_noise_recovery,5,16,256,hopfield,0.15,20,1.0,0.04869791666666667
exp02_noise_recovery,5,16,256,hopfield,0.2,20,1.0,0.04869791666666667
exp02_noise_recovery,5,16,256,hopfield,0.25,20,1.0,0.04869791666666667
exp02_noise_recovery,5,16,256,hopfield,0.3,20,0.996875,0.04869791666666667
exp02_noise_recovery,5,16,256,hopfield,0.35,20,0.925,0.04869791666666667
exp02_noise_recovery,5,16,256,hopfield,0.4,20,0.60625,0.04869791666666667
exp02_noise_recovery,5,16,512,nearest,0.0,20,1.0,0.03512369791666667
exp02_noise_recovery,5,16,512,nearest,0.05,20,1.0,0.03512369791666667
exp02_noise_recovery,5,16,512,nearest,0.1,20,1.0,0.03512369791666667
exp02_noise_recovery,5,16,512,nearest,0.15,20,1.0,0.03512369791666667
exp02_noise_recovery,5,16,512,nearest,0.2,20,1.0,0.03512369791666667
exp02_noise_recovery,5,16,512,nearest,0.25,20,1.0,0.03512369791666667
exp02_noise_recovery,5,16,512,nearest,0.3,20,1.0,0.03512369791666667
exp02_noise_recovery,5,16,512,nearest,0.35,20,1.0,0.03512369791666667
exp02_noise_recovery,5,16,512,nearest,0.4,20,1.0,0.03512369791666667
exp02_noise_recovery,5,16,512,hopfield,0.0,20,1.0,0.03512369791666667
exp02_noise_recovery,5,16,512,hopfield,0.05,20,1.0,0.03512369791666667
exp02_noise_recovery,5,16,512,hopfield,0.1,20,1.0,0.03512369791666667
exp02_noise_recovery,5,16,512,hopfield,0.15,20,1.0,0.03512369791666667
exp02_noise_recovery,5,16,512,hopfield,0.2,20,1.0,0.03512369791666667
exp02_noise_recovery,5,16,512,hopfield,0.25,20,1.0,0.03512369791666667
exp02_noise_recovery,5,16,512,hopfield,0.3,20,1.0,0.03512369791666667
exp02_noise_recovery,5,16,512,hopfield,0.35,20,1.0,0.03512369791666667
exp02_noise_recovery,5,16,512,hopfield,0.4,20,0.934375,0.03512369791666667
exp02_noise_recovery,5,32,64,nearest,0.0,20,1.0,0.0967741935483871
exp02_noise_recovery,5,32,64,nearest,0.05,20,1.0,0.0967741935483871
exp02_noise_recovery,5,32,64,nearest,0.1,20,1.0,0.0967741935483871
exp02_noise_recovery,5,32,64,nearest,0.15,20,1.0,0.0967741935483871
exp02_noise_recovery,5,32,64,nearest,0.2,20,1.0,0.0967741935483871
exp02_noise_recovery,5,32,64,nearest,0.25,20,1.0,0.0967741935483871
exp02_noise_recovery,5,32,64,nearest,0.3,20,0.9828125,0.0967741935483871
exp02_noise_recovery,5,32,64,nearest,0.35,20,0.79375,0.0967741935483871
exp02_noise_recovery,5,32,64,nearest,0.4,20,0.096875,0.0967741935483871
exp02_noise_recovery,5,32,64,hopfield,0.0,20,0.71875,0.0967741935483871
exp02_noise_recovery,5,32,64,hopfield,0.05,20,0.6703125,0.0967741935483871
exp02_noise_recovery,5,32,64,hopfield,0.1,20,0.621875,0.0967741935483871
exp02_noise_recovery,5,32,64,hopfield,0.15,20,0.471875,0.0967741935483871
exp02_noise_recovery,5,32,64,hopfield,0.2,20,0.3703125,0.0967741935483871
exp02_noise_recovery,5,32,64,hopfield,0.25,20,0.3265625,0.0967741935483871
exp02_noise_recovery,5,32,64,hopfield,0.3,20,0.253125,0.0967741935483871
exp02_noise_recovery,5,32,64,hopfield,0.35,20,0.159375,0.0967741935483871
exp02_noise_recovery,5,32,64,hopfield,0.4,20,0.0828125,0.0967741935483871
exp02_noise_recovery,5,32,128,nearest,0.0,20,1.0,0.0713835685483871
exp02_noise_recovery,5,32,128,nearest,0.05,20,1.0,0.0713835685483871
exp02_noise_recovery,5,32,128,nearest,0.1,20,1.0,0.0713835685483871
exp02_noise_recovery,5,32,128,nearest,0.15,20,1.0,0.0713835685483871
exp02_noise_recovery,5,32,128,nearest,0.2,20,1.0,0.0713835685483871
exp02_noise_recovery,5,32,128,nearest,0.25,20,1.0,0.0713835685483871
exp02_noise_recovery,5,32,128,nearest,0.3,20,1.0,0.0713835685483871
exp02_noise_recovery,5,32,128,nearest,0.35,20,0.9890625,0.0713835685483871
exp02_noise_recovery,5,32,128,nearest,0.4,20,0.721875,0.0713835685483871
exp02_noise_recovery,5,32,128,hopfield,0.0,20,0.625,0.0713835685483871
exp02_noise_recovery,5,32,128,hopfield,0.05,20,0.621875,0.0713835685483871
exp02_noise_recovery,5,32,128,hopfield,0.1,20,0.5734375,0.0713835685483871
exp02_noise_recovery,5,32,128,hopfield,0.15,20,0.521875,0.0713835685483871
exp02_noise_recovery,5,32,128,hopfield,0.2,20,0.4734375,0.0713835685483871
exp02_noise_recovery,5,32,128,hopfield,0.25,20,0.378125,0.0713835685483871
exp02_noise_recovery,5,32,128,hopfield,0.3,20,0.290625,0.0713835685483871
exp02_noise_recovery,5,32,128,hopfield,0.35,20,0.2,0.0713835685483871
exp02_noise_recovery,5,32,128,hopfield,0.4,20,0.1125,0.0713835685483871
exp02_noise_recovery,5,32,256,nearest,0.0,20,1.0,0.04900138608870968
exp02_noise_recovery,5,32,256,nearest,0.05,20,1.0,0.04900138608870968
exp02_noise_recovery,5,32,256,nearest,0.1,20,1.0,0.04900138608870968
exp02_noise_recovery,5,32,256,nearest,0.15,20,1.0,0.04900138608870968
exp02_noise_recovery,5,32,256,nearest,0.2,20,1.0,0.04900138608870968
exp02_noise_recovery,5,32,256,nearest,0.25,20,1.0,0.04900138608870968
exp02_noise_recovery,5,32,256,nearest,0.3,20,1.0,0.04900138608870968
exp02_noise_recovery,5,32,256,nearest,0.35,20,1.0,0.04900138608870968
exp02_noise_recovery,5,32,256,nearest,0.4,20,0.9828125,0.04900138608870968
exp02_noise_recovery,5,32,256,hopfield,0.0,20,1.0,0.04900138608870968
exp02_noise_recovery,5,32,256,hopfield,0.05,20,1.0,0.04900138608870968
exp02_noise_recovery,5,32,256,hopfield,0.1,20,1.0,0.04900138608870968
exp02_noise_recovery,5,32,256,hopfield,0.15,20,1.0,0.04900138608870968
exp02_noise_recovery,5,32,256,hopfield,0.2,20,0.9953125,0.04900138608870968
exp02_noise_recovery,5,32,256,hopfield,0.25,20,0.925,0.04900138608870968
exp02_noise_recovery,5,32,256,hopfield,0.3,20,0.7765625,0.04900138608870968
exp02_noise_recovery,5,32,256,hopfield,0.35,20,0.4515625,0.04900138608870968
exp02_noise_recovery,5,32,256,hopfield,0.4,20,0.2375,0.04900138608870968
exp02_noise_recovery,5,32,512,nearest,0.0,20,1.0,0.03317162298387097
exp02_noise_recovery,5,32,512,nearest,0.05,20,1.0,0.03317162298387097
exp02_noise_recovery,5,32,512,nearest,0.1,20,1.0,0.03317162298387097
exp02_noise_recovery,5,32,512,nearest,0.15,20,1.0,0.03317162298387097
exp02_noise_recovery,5,32,512,nearest,0.2,20,1.0,0.03317162298387097
exp02_noise_recovery,5,32,512,nearest,0.25,20,1.0,0.03317162298387097
exp02_noise_recovery,5,32,512,nearest,0.3,20,1.0,0.03317162298387097
exp02_noise_recovery,5,32,512,nearest,0.35,20,1.0,0.03317162298387097
exp02_noise_recovery,5,32,512,nearest,0.4,20,1.0,0.03317162298387097
exp02_noise_recovery,5,32,512,hopfield,0.0,20,1.0,0.03317162298387097
exp02_noise_recovery,5,32,512,hopfield,0.05,20,1.0,0.03317162298387097
exp02_noise_recovery,5,32,512,hopfield,0.1,20,1.0,0.03317162298387097
exp02_noise_recovery,5,32,512,hopfield,0.15,20,1.0,0.03317162298387097
exp02_noise_recovery,5,32,512,hopfield,0.2,20,1.0,0.03317162298387097
exp02_noise_recovery,5,32,512,hopfield,0.25,20,1.0,0.03317162298387097
exp02_noise_recovery,5,32,512,hopfield,0.3,20,1.0,0.03317162298387097
exp02_noise_recovery,5,32,512,hopfield,0.35,20,0.9765625,0.03317162298387097
exp02_noise_recovery,5,32,512,hopfield,0.4,20,0.690625,0.03317162298387097
exp02_noise_recovery,5,64,64,nearest,0.0,20,1.0,0.09945436507936507
exp02_noise_recovery,5,64,64,nearest,0.05,20,1.0,0.09945436507936507
exp02_noise_recovery,5,64,64,nearest,0.1,20,1.0,0.09945436507936507
exp02_noise_recovery,5,64,64,nearest,0.15,20,1.0,0.09945436507936507
exp02_noise_recovery,5,64,64,nearest,0.2,20,1.0,0.09945436507936507
exp02_noise_recovery,5,64,64,nearest,0.25,20,0.99765625,0.09945436507936507
exp02_noise_recovery,5,64,64,nearest,0.3,20,0.971875,0.09945436507936507
exp02_noise_recovery,5,64,64,nearest,0.35,20,0.67890625,0.09945436507936507
exp02_noise_recovery,5,64,64,nearest,0.4,20,0.0171875,0.09945436507936507
exp02_noise_recovery,5,64,64,hopfield,0.0,20,0.28125,0.09945436507936507
exp02_noise_recovery,5,64,64,hopfield,0.05,20,0.26875,0.09945436507936507
exp02_noise_recovery,5,64,64,hopfield,0.1,20,0.209375,0.09945436507936507
exp02_noise_recovery,5,64,64,hopfield,0.15,20,0.178125,0.09945436507936507
exp02_noise_recovery,5,64,64,hopfield,0.2,20,0.14375,0.09945436507936507
exp02_noise_recovery,5,64,64,hopfield,0.25,20,0.10703125,0.09945436507936507
exp02_noise_recovery,5,64,64,hopfield,0.3,20,0.08984375,0.09945436507936507
exp02_noise_recovery,5,64,64,hopfield,0.35,20,0.04921875,0.09945436507936507
exp02_noise_recovery,5,64,64,hopfield,0.4,20,0.04375,0.09945436507936507
exp02_noise_recovery,5,64,128,nearest,0.0,20,1.0,0.0684446304563492
exp02_noise_recovery,5,64,128,nearest,0.05,20,1.0,0.0684446304563492
exp02_noise_recovery,5,64,128,nearest,0.1,20,1.0,0.0684446304563492
exp02_noise_recovery,5,64,128,nearest,0.15,20,1.0,0.0684446304563492
exp02_noise_recovery,5,64,128,nearest,0.2,20,1.0,0.0684446304563492
exp02_noise_recovery,5,64,128,nearest,0.25,20,1.0,0.0684446304563492
exp02_noise_recovery,5,64,128,nearest,0.3,20,0.99921875,0.0684446304563492
exp02_noise_recovery,5,64,128,nearest,0.35,20,0.9734375,0.0684446304563492
exp02_noise_recovery,5,64,128,nearest,0.4,20,0.50390625,0.0684446304563492
exp02_noise_recovery,5,64,128,hopfield,0.0,20,0.46875,0.0684446304563492
exp02_noise_recovery,5,64,128,hopfield,0.05,20,0.43203125,0.0684446304563492
exp02_noise_recovery,5,64,128,hopfield,0.1,20,0.40625,0.0684446304563492
exp02_noise_recovery,5,64,128,hopfield,0.15,20,0.3484375,0.0684446304563492
exp02_noise_recovery,5,64,128,hopfield,0.2,20,0.28359375,0.0684446304563492
exp02_noise_recovery,5,64,128,hopfield,0.25,20,0.23828125,0.0684446304563492
exp02_noise_recovery,5,64,128,hopfield,0.3,20,0.14765625,0.0684446304563492
exp02_noise_recovery,5,64,128,hopfield,0.35,20,0.090625,0.0684446304563492
exp02_noise_recovery,5,64,128,hopfield,0.4,20,0.06015625,0.0684446304563492
exp02_noise_recovery,5,64,256,nearest,0.0,20,1.0,0.048014322916666664
exp02_noise_recovery,5,64,256,nearest,0.05,20,1.0,0.048014322916666664
exp02_noise_recovery,5,64,256,nearest,0.1,20,1.0,0.048014322916666664
exp02_noise_recovery,5,64,256,nearest,0.15,20,1.0,0.048014322916666664
exp02_noise_recovery,5,64,256,nearest,0.2,20,1.0,0.048014322916666664
exp02_noise_recovery,5,64,256,nearest,0.25,20,1.0,0.048014322916666664
exp02_noise_recovery,5,64,256,nearest,0.3,20,1.0,0.048014322916666664
exp02_noise_recovery,5,64,256,nearest,0.35,20,1.0,0.048014322916666664
exp02_noise_recovery,5,64,256,nearest,0.4,20,0.96875,0.048014322916666664
exp02_noise_recovery,5,64,256,hopfield,0.0,20,0.78125,0.048014322916666664
exp02_noise_recovery,5,64,256,hopfield,0.05,20,0.7515625,0.048014322916666664
exp02_noise_recovery,5,64,256,hopfield,0.1,20,0.73359375,0.048014322916666664
exp02_noise_recovery,5,64,256,hopfield,0.15,20,0.69765625,0.048014322916666664
exp02_noise_recovery,5,64,256,hopfield,0.2,20,0.61484375,0.048014322916666664
exp02_noise_recovery,5,64,256,hopfield,0.25,20,0.52265625,0.048014322916666664
exp02_noise_recovery,5,64,256,hopfield,0.3,20,0.346875,0.048014322916666664
exp02_noise_recovery,5,64,256,hopfield,0.35,20,0.228125,0.048014322916666664
exp02_noise_recovery,5,64,256,hopfield,0.4,20,0.1046875,0.048014322916666664
exp02_noise_recovery,5,64,512,nearest,0.0,20,1.0,0.03464084201388889
exp02_noise_recovery,5,64,512,nearest,0.05,20,1.0,0.03464084201388889
exp02_noise_recovery,5,64,512,nearest,0.1,20,1.0,0.03464084201388889
exp02_noise_recovery,5,64,512,nearest,0.15,20,1.0,0.03464084201388889
exp02_noise_recovery,5,64,512,nearest,0.2,20,1.0,0.03464084201388889
exp02_noise_recovery,5,64,512,nearest,0.25,20,1.0,0.03464084201388889
exp02_noise_recovery,5,64,512,nearest,0.3,20,1.0,0.03464084201388889
exp02_noise_recovery,5,64,512,nearest,0.35,20,1.0,0.03464084201388889
exp02_noise_recovery,5,64,512,nearest,0.4,20,0.99921875,0.03464084201388889
exp02_noise_recovery,5,64,512,hopfield,0.0,20,1.0,0.03464084201388889
exp02_noise_recovery,5,64,512,hopfield,0.05,20,1.0,0.03464084201388889
exp02_noise_recovery,5,64,512,hopfield,0.1,20,1.0,0.03464084201388889
exp02_noise_recovery,5,64,512,hopfield,0.15,20,0.99921875,0.03464084201388889
exp02_noise_recovery,5,64,512,hopfield,0.2,20,0.9921875,0.03464084201388889
exp02_noise_recovery,5,64,512,hopfield,0.25,20,0.94296875,0.03464084201388889
exp02_noise_recovery,5,64,512,hopfield,0.3,20,0.78125,0.03464084201388889
exp02_noise_recovery,5,64,512,hopfield,0.35,20,0.50234375,0.03464084201388889
exp02_noise_recovery,5,64,512,hopfield,0.4,20,0.23203125,0.03464084201388889
exp02_noise_recovery,6,8,64,nearest,0.0,20,1.0,0.07142857142857142
exp02_noise_recovery,6,8,64,nearest,0.05,20,1.0,0.07142857142857142
exp02_noise_recovery,6,8,64,nearest,0.1,20,1.0,0.07142857142857142
exp02_noise_recovery,6,8,64,nearest,0.15,20,1.0,0.07142857142857142
exp02_noise_recovery,6,8,64,nearest,0.2,20,1.0,0.07142857142857142
exp02_noise_recovery,6,8,64,nearest,0.25,20,1.0,0.07142857142857142
exp02_noise_recovery,6,8,64,nearest,0.3,20,1.0,0.07142857142857142
exp02_noise_recovery,6,8,64,nearest,0.35,20,0.96875,0.07142857142857142
exp02_noise_recovery,6,8,64,nearest,0.4,20,0.65625,0.07142857142857142
exp02_noise_recovery,6,8,64,hopfield,0.0,20,1.0,0.07142857142857142
exp02_noise_recovery,6,8,64,hopfield,0.05,20,1.0,0.07142857142857142
exp02_noise_recovery,6,8,64,hopfield,0.1,20,1.0,0.07142857142857142
exp02_noise_recovery,6,8,64,hopfield,0.15,20,1.0,0.07142857142857142
exp02_noise_recovery,6,8,64,hopfield,0.2,20,1.0,0.07142857142857142
exp02_noise_recovery,6,8,64,hopfield,0.25,20,0.96875,0.07142857142857142
exp02_noise_recovery,6,8,64,hopfield,0.3,20,0.86875,0.07142857142857142
exp02_noise_recovery,6,8,64,hopfield,0.35,20,0.6875,0.07142857142857142
exp02_noise_recovery,6,8,64,hopfield,0.4,20,0.375,0.07142857142857142
exp02_noise_recovery,6,8,128,nearest,0.0,20,1.0,0.046875
exp02_noise_recovery,6,8,128,nearest,0.05,20,1.0,0.046875
exp02_noise_recovery,6,8,128,nearest,0.1,20,1.0,0.046875
exp02_noise_recovery,6,8,128,nearest,0.15,20,1.0,0.046875
exp02_noise_recovery,6,8,128,nearest,0.2,20,1.0,0.046875
exp02_noise_recovery,6,8,128,nearest,0.25,20,1.0,0.046875
exp02_noise_recovery,6,8,128,nearest,0.3,20,1.0,0.046875
exp02_noise_recovery,6,8,128,nearest,0.35,20,0.9875,0.046875
exp02_noise_recovery,6,8,128,nearest,0.4,20,0.95625,0.046875
exp02_noise_recovery,6,8,128,hopfield,0.0,20,1.0,0.046875
exp02_noise_recovery,6,8,128,hopfield,0.05,20,1.0,0.046875
exp02_noise_recovery,6,8,128,hopfield,0.1,20,1.0,0.046875
exp02_noise_recovery,6,8,128,hopfield,0.15,20,1.0,0.046875
exp02_noise_recovery,6,8,128,hopfield,0.2,20,1.0,0.046875
exp02_noise_recovery,6,8,128,hopfield,0.25,20,0.99375,0.046875
exp02_noise_recovery,6,8,128,hopfield,0.3,20,1.0,0.046875
exp02_noise_recovery,6,8,128,hopfield,0.35,20,0.90625,0.046875
exp02_noise_recovery,6,8,128,hopfield,0.4,20,0.58125,0.046875
exp02_noise_recovery,6,8,256,nearest,0.0,20,1.0,0.041294642857142856
exp02_noise_recovery,6,8,256,nearest,0.05,20,1.0,0.041294642857142856
exp02_noise_recovery,6,8,256,nearest,0.1,20,1.0,0.041294642857142856
exp02_noise_recovery,6,8,256,nearest,0.15,20,1.0,0.041294642857142856
exp02_noise_recovery,6,8,256,nearest,0.2,20,1.0,0.041294642857142856
exp02_noise_recovery,6,8,256,nearest,0.25,20,1.0,0.041294642857142856
exp02_noise_recovery,6,8,256,nearest,0.3,20,1.0,0.041294642857142856
exp02_noise_recovery,6,8,256,nearest,0.35,20,1.0,0.041294642857142856
exp02_noise_recovery,6,8,256,nearest,0.4,20,1.0,0.041294642857142856
exp02_noise_recovery,6,8,256,hopfield,0.0,20,1.0,0.041294642857142856
exp02_noise_recovery,6,8,256,hopfield,0.05,20,1.0,0.041294642857142856
exp02_noise_recovery,6,8,256,hopfield,0.1,20,1.0,0.041294642857142856
exp02_noise_recovery,6,8,256,hopfield,0.15,20,1.0,0.041294642857142856
exp02_noise_recovery,6,8,256,hopfield,0.2,20,1.0,0.041294642857142856
exp02_noise_recovery,6,8,256,hopfield,0.25,20,1.0,0.041294642857142856
exp02_noise_recovery,6,8,256,hopfield,0.3,20,1.0,0.041294642857142856
exp02_noise_recovery,6,8,256,hopfield,0.35,20,0.99375,0.041294642857142856
exp02_noise_recovery,6,8,256,hopfield,0.4,20,0.94375,0.041294642857142856
exp02_noise_recovery,6,8,512,nearest,0.0,20,1.0,0.03529575892857143
exp02_noise_recovery,6,8,512,nearest,0.05,20,1.0,0.03529575892857143
exp02_noise_recovery,6,8,512,nearest,0.1,20,1.0,0.03529575892857143
exp02_noise_recovery,6,8,512,nearest,0.15,20,1.0,0.03529575892857143
exp02_noise_recovery,6,8,512,nearest,0.2,20,1.0,0.03529575892857143
exp02_noise_recovery,6,8,512,nearest,0.25,20,1.0,0.03529575892857143
exp02_noise_recovery,6,8,512,nearest,0.3,20,1.0,0.03529575892857143
exp02_noise_recovery,6,8,512,nearest,0.35,20,1.0,0.03529575892857143
exp02_noise_recovery,6,8,512,nearest,0.4,20,1.0,0.03529575892857143
exp02_noise_recovery,6,8,512,hopfield,0.0,20,1.0,0.03529575892857143
exp02_noise_recovery,6,8,512,hopfield,0.05,20,1.0,0.03529575892857143
exp02_noise_recovery,6,8,512,hopfield,0.1,20,1.0,0.03529575892857143
exp02_noise_recovery,6,8,512,hopfield,0.15,20,1.0,0.03529575892857143
exp02_noise_recovery,6,8,512,hopfield,0.2,20,1.0,0.03529575892857143
exp02_noise_recovery,6,8,512,hopfield,0.25,20,1.0,0.03529575892857143
exp02_noise_recovery,6,8,512,hopfield,0.3,20,1.0,0.03529575892857143
exp02_noise_recovery,6,8,512,hopfield,0.35,20,1.0,0.03529575892857143
exp02_noise_recovery,6,8,512,hopfield,0.4,20,1.0,0.03529575892857143
exp02_noise_recovery,6,16,64,nearest,0.0,20,1.0,0.090625
exp02_noise_recovery,6,16,64,nearest,0.05,20,1.0,0.090625
exp02_noise_recovery,6,16,64,nearest,0.1,20,1.0,0.090625
exp02_noise_recovery,6,16,64,nearest,0.15,20,1.0,0.090625
exp02_noise_recovery,6,16,64,nearest,0.2,20,1.0,0.090625
exp02_noise_recovery,6,16,64,nearest,0.25,20,1.0,0.090625
exp02_noise_recovery,6,16,64,nearest,0.3,20,0.9875,0.090625
exp02_noise_recovery,6,16,64,nearest,0.35,20,0.909375,0.090625
exp02_noise_recovery,6,16,64,nearest,0.4,20,0.353125,0.090625
exp02_noise_recovery,6,16,64,hopfield,0.0,20,0.9375,0.090625
exp02_noise_recovery,6,16,64,hopfield,0.05,20,0.875,0.090625
exp02_noise_recovery,6,16,64,hopfield,0.1,20,0.8125,0.090625
exp02_noise_recovery,6,16,64,hopfield,0.15,20,0.7125,0.090625
exp02_noise_recovery,6,16,64,hopfield,0.2,20,0.553125,0.090625
exp02_noise_recovery,6,16,64,hopfield,0.25,20,0.51875,0.090625
exp02_noise_recovery,6,16,64,hopfield,0.3,20,0.375,0.090625
exp02_noise_recovery,6,16,64,hopfield,0.35,20,0.246875,0.090625
exp02_noise_recovery,6,16,64,hopfield,0.4,20,0.146875,0.090625
exp02_noise_recovery,6,16,128,nearest,0.0,20,1.0,0.06927083333333334
exp02_noise_recovery,6,16,128,nearest,0.05,20,1.0,0.06927083333333334
exp02_noise_recovery,6,16,128,nearest,0.1,20,1.0,0.06927083333333334
exp02_noise_recovery,6,16,128,nearest,0.15,20,1.0,0.06927083333333334
exp02_noise_recovery,6,16,128,nearest,0.2,20,1.0,0.06927083333333334
exp02_noise_recovery,6,16,128,nearest,0.25,20,1.0,0.06927083333333334
exp02_noise_recovery,6,16,128,nearest,0.3,20,1.0,0.06927083333333334
exp02_noise_recovery,6,16,128,nearest,0.35,20,0.996875,0.06927083333333334
exp02_noise_recovery,6,16,128,nearest,0.4,20,0.8375,0.06927083333333334
exp02_noise_recovery,6,16,128,hopfield,0.0,20,1.0,0.06927083333333334
exp02_noise_recovery,6,16,128,hopfield,0.05,20,0.996875,0.06927083333333334
exp02_noise_recovery,6,16,128,hopfield,0.1,20,0.984375,0.06927083333333334
exp02_noise_recovery,6,16,128,hopfield,0.15,20,0.975,0.06927083333333334
exp02_noise_recovery,6,16,128,hopfield,0.2,20,0.9,0.06927083333333334
exp02_noise_recovery,6,16,128,hopfield,0.25,20,0.80625,0.06927083333333334
exp02_noise_recovery,6,16,128,hopfield,0.3,20,0.625,0.06927083333333334
exp02_noise_recovery,6,16,128,hopfield,0.35,20,0.3875,0.06927083333333334
exp02_noise_recovery,6,16,128,hopfield,0.4,20,0.228125,0.06927083333333334
exp02_noise_recovery,6,16,256,nearest,0.0,20,1.0,0.04641927083333333
exp02_noise_recovery,6,16,256,nearest,0.05,20,1.0,0.04641927083333333
exp02_noise_recovery,6,16,256,nearest,0.1,20,1.0,0.04641927083333333
exp02_noise_recovery,6,16,256,nearest,0.15,20,1.0,0.04641927083333333
exp02_noise_recovery,6,16,256,nearest,0.2,20,1.0,0.04641927083333333
exp02_noise_recovery,6,16,256,nearest,0.25,20,1.0,0.04641927083333333
exp02_noise_recovery,6,16,256,nearest,0.3,20,1.0,0.04641927083333333
exp02_noise_recovery,6,16,256,nearest,0.35,20,1.0,0.04641927083333333
exp02_noise_recovery,6,16,256,nearest,0.4,20,1.0,0.04641927083333333
exp02_noise_recovery,6,16,256,hopfield,0.0,20,1.0,0.04641927083333333
exp02_noise_recovery,6,16,256,hopfield,0.05,20,1.0,0.04641927083333333
exp02_noise_recovery,6,16,256,hopfield,0.1,20,1.0,0.04641927083333333
exp02_noise_recovery,6,16,256,hopfield,0.15,20,1.0,0.04641927083333333
exp02_noise_recovery,6,16,256,hopfield,0.2,20,1.0,0.04641927083333333
exp02_noise_recovery,6,16,256,hopfield,0.25,20,1.0,0.04641927083333333
exp02_noise_recovery,6,16,256,hopfield,0.3,20,0.99375,0.04641927083333333
exp02_noise_recovery,6,16,256,hopfield,0.35,20,0.940625,0.04641927083333333
exp02_noise_recovery,6,16,256,hopfield,0.4,20,0.66875,0.04641927083333333
exp02_noise_recovery,6,16,512,nearest,0.0,20,1.0,0.03723958333333333
exp02_noise_recovery,6,16,512,nearest,0.05,20,1.0,0.03723958333333333
exp02_noise_recovery,6,16,512,nearest,0.1,20,1.0,0.03723958333333333
exp02_noise_recovery,6,16,512,nearest,0.15,20,1.0,0.03723958333333333
exp02_noise_recovery,6,16,512,nearest,0.2,20,1.0,0.03723958333333333
exp02_noise_recovery,6,16,512,nearest,0.25,20,1.0,0.03723958333333333
exp02_noise_recovery,6,16,512,nearest,0.3,20,1.0,0.03723958333333333
exp02_noise_recovery,6,16,512,nearest,0.35,20,1.0,0.03723958333333333
exp02_noise_recovery,6,16,512,nearest,0.4,20,1.0,0.03723958333333333
exp02_noise_recovery,6,16,512,hopfield,0.0,20,1.0,0.03723958333333333
exp02_noise_recovery,6,16,512,hopfield,0.05,20,1.0,0.03723958333333333
exp02_noise_recovery,6,16,512,hopfield,0.1,20,1.0,0.03723958333333333
exp02_noise_recovery,6,16,512,hopfield,0.15,20,1.0,0.03723958333333333
exp02_noise_recovery,6,16,512,hopfield,0.2,20,1.0,0.03723958333333333
exp02_noise_recovery,6,16,512,hopfield,0.25,20,1.0,0.03723958333333333
exp02_noise_recovery,6,16,512,hopfield,0.3,20,1.0,0.03723958333333333
exp02_noise_recovery,6,16,512,hopfield,0.35,20,1.0,0.03723958333333333
exp02_noise_recovery,6,16,512,hopfield,0.4,20,0.94375,0.03723958333333333
exp02_noise_recovery,6,32,64,nearest,0.0,20,1.0,0.1006804435483871
exp02_noise_recovery,6,32,64,nearest,0.05,20,1.0,0.1006804435483871
exp02_noise_recovery,6,32,64,nearest,0.1,20,1.0,0.1006804435483871
exp02_noise_recovery,6,32,64,nearest,0.15,20,1.0,0.1006804435483871
exp02_noise_recovery,6,32,64,nearest,0.2,20,1.0,0.1006804435483871
exp02_noise_recovery,6,32,64,nearest,0.25,20,1.0,0.1006804435483871
exp02_noise_recovery,6,32,64,nearest,0.3,20,0.9796875,0.1006804435483871
exp02_noise_recovery,6,32,64,nearest,0.35,20,0.8109375,0.1006804435483871
exp02_noise_recovery,6,32,64,nearest,0.4,20,0.1390625,0.1006804435483871
exp02_noise_recovery,6,32,64,hopfield,0.0,20,0.3125,0.1006804435483871
exp02_noise_recovery,6,32,64,hopfield,0.05,20,0.275,0.1006804435483871
exp02_noise_recovery,6,32,64,hopfield,0.1,20,0.234375,0.1006804435483871
exp02_noise_recovery,6,32,64,hopfield,0.15,20,0.1953125,0.1006804435483871
exp02_noise_recovery,6,32,64,hopfield,0.2,20,0.1828125,0.1006804435483871
exp02_noise_recovery,6,32,64,hopfield,0.25,20,0.15625,0.1006804435483871
exp02_noise_recovery,6,32,64,hopfield,0.3,20,0.11875,0.1006804435483871
exp02_noise_recovery,6,32,64,hopfield,0.35,20,0.084375,0.1006804435483871
exp02_noise_recovery,6,32,64,hopfield,0.4,20,0.0671875,0.1006804435483871
exp02_noise_recovery,6,32,128,nearest,0.0,20,1.0,0.07072202620967742
exp02_noise_recovery,6,32,128,nearest,0.05,20,1.0,0.07072202620967742
exp02_noise_recovery,6,32,128,nearest,0.1,20,1.0,0.07072202620967742
exp02_noise_recovery,6,32,128,nearest,0.15,20,1.0,0.07072202620967742
exp02_noise_recovery,6,32,128,nearest,0.2,20,1.0,0.07072202620967742
exp02_noise_recovery,6,32,128,nearest,0.25,20,1.0,0.07072202620967742
exp02_noise_recovery,6,32,128,nearest,0.3,20,1.0,0.07072202620967742
exp02_noise_recovery,6,32,128,nearest,0.35,20,0.9859375,0.07072202620967742
exp02_noise_recovery,6,32,128,nearest,0.4,20,0.734375,0.07072202620967742
exp02_noise_recovery,6,32,128,hopfield,0.0,20,0.84375,0.07072202620967742
exp02_noise_recovery,6,32,128,hopfield,0.05,20,0.7828125,0.07072202620967742
exp02_noise_recovery,6,32,128,hopfield,0.1,20,0.7359375,0.07072202620967742
exp02_noise_recovery,6,32,128,hopfield,0.15,20,0.6921875,0.07072202620967742
exp02_noise_recovery,6,32,128,hopfield,0.2,20,0.6140625,0.07072202620967742
exp02_noise_recovery,6,32,128,hopfield,0.25,20,0.50625,0.07072202620967742
exp02_noise_recovery,6,32,128,hopfield,0.3,20,0.39375,0.07072202620967742
exp02_noise_recovery,6,32,128,hopfield,0.35,20,0.2203125,0.07072202620967742
exp02_noise_recovery,6,32,128,hopfield,0.4,20,0.140625,0.07072202620967742
exp02_noise_recovery,6,32,256,nearest,0.0,20,1.0,0.05018271169354839
exp02_noise_recovery,6,32,256,nearest,0.05,20,1.0,0.05018271169354839
exp02_noise_recovery,6,32,256,nearest,0.1,20,1.0,0.05018271169354839
exp02_noise_recovery,6,32,256,nearest,0.15,20,1.0,0.05018271169354839
exp02_noise_recovery,6,32,256,nearest,0.2,20,1.0,0.05018271169354839
exp02_noise_recovery,6,32,256,nearest,0.25,20,1.0,0.05018271169354839
exp02_noise_recovery,6,32,256,nearest,0.3,20,1.0,0.05018271169354839
exp02_noise_recovery,6,32,256,nearest,0.35,20,1.0,0.05018271169354839
exp02_noise_recovery,6,32,256,nearest,0.4,20,0.9875,0.05018271169354839
exp02_noise_recovery,6,32,256,hopfield,0.0,20,1.0,0.05018271169354839
exp02_noise_recovery,6,32,256,hopfield,0.05,20,1.0,0.05018271169354839
exp02_noise_recovery,6,32,256,hopfield,0.1,20,1.0,0.05018271169354839
exp02_noise_recovery,6,32,256,hopfield,0.15,20,0.996875,0.05018271169354839
exp02_noise_recovery,6,32,256,hopfield,0.2,20,0.98125,0.05018271169354839
exp02_noise_recovery,6,32,256,hopfield,0.25,20,0.934375,0.05018271169354839
exp02_noise_recovery,6,32,256,hopfield,0.3,20,0.784375,0.05018271169354839
exp02_noise_recovery,6,32,256,hopfield,0.35,20,0.5078125,0.05018271169354839
exp02_noise_recovery,6,32,256,hopfield,0.4,20,0.2796875,0.05018271169354839
exp02_noise_recovery,6,32,512,nearest,0.0,20,1.0,0.034896358366935484
exp02_noise_recovery,6,32,512,nearest,0.05,20,1.0,0.034896358366935484
exp02_noise_recovery,6,32,512,nearest,0.1,20,1.0,0.034896358366935484
exp02_noise_recovery,6,32,512,nearest,0.15,20,1.0,0.034896358366935484
exp02_noise_recovery,6,32,512,nearest,0.2,20,1.0,0.034896358366935484
exp02_noise_recovery,6,32,512,nearest,0.25,20,1.0,0.034896358366935484
exp02_noise_recovery,6,32,512,nearest,0.3,20,1.0,0.034896358366935484
exp02_noise_recovery,6,32,512,nearest,0.35,20,1.0,0.034896358366935484
exp02_noise_recovery,6,32,512,nearest,0.4,20,0.9984375,0.034896358366935484
exp02_noise_recovery,6,32,512,hopfield,0.0,20,1.0,0.034896358366935484
exp02_noise_recovery,6,32,512,hopfield,0.05,20,1.0,0.034896358366935484
exp02_noise_recovery,6,32,512,hopfield,0.1,20,1.0,0.034896358366935484
exp02_noise_recovery,6,32,512,hopfield,0.15,20,1.0,0.034896358366935484
exp02_noise_recovery,6,32,512,hopfield,0.2,20,1.0,0.034896358366935484
exp02_noise_recovery,6,32,512,hopfield,0.25,20,1.0,0.034896358366935484
exp02_noise_recovery,6,32,512,hopfield,0.3,20,1.0,0.034896358366935484
exp02_noise_recovery,6,32,512,hopfield,0.35,20,0.959375,0.034896358366935484
exp02_noise_recovery,6,32,512,hopfield,0.4,20,0.6046875,0.034896358366935484
exp02_noise_recovery,6,64,64,nearest,0.0,20,1.0,0.10173301091269842
exp02_noise_recovery,6,64,64,nearest,0.05,20,1.0,0.10173301091269842
exp02_noise_recovery,6,64,64,nearest,0.1,20,1.0,0.10173301091269842
exp02_noise_recovery,6,64,64,nearest,0.15,20,1.0,0.10173301091269842
exp02_noise_recovery,6,64,64,nearest,0.2,20,1.0,0.10173301091269842
exp02_noise_recovery,6,64,64,nearest,0.25,20,0.99921875,0.10173301091269842
exp02_noise_recovery,6,64,64,nearest,0.3,20,0.9609375,0.10173301091269842
exp02_noise_recovery,6,64,64,nearest,0.35,20,0.6828125,0.10173301091269842
exp02_noise_recovery,6,64,64,nearest,0.4,20,0.01171875,0.10173301091269842
exp02_noise_recovery,6,64,64,hopfield,0.0,20,0.3125,0.10173301091269842
exp02_noise_recovery,6,64,64,hopfield,0.05,20,0.27890625,0.10173301091269842
exp02_noise_recovery,6,64,64,hopfield,0.1,20,0.24453125,0.10173301091269842
exp02_noise_recovery,6,64,64,hopfield,0.15,20,0.20546875,0.10173301091269842
exp02_noise_recovery,6,64,64,hopfield,0.2,20,0.16171875,0.10173301091269842
exp02_noise_recovery,6,64,64,hopfield,0.25,20,0.1171875,0.10173301091269842
exp02_noise_recovery,6,64,64,hopfield,0.3,20,0.0859375,0.10173301091269842
exp02_noise_recovery,6,64,64,hopfield,0.35,20,0.06015625,0.10173301091269842
exp02_noise_recovery,6,64,64,hopfield,0.4,20,0.03359375,0.10173301091269842
exp02_noise_recovery,6,64,128,nearest,0.0,20,1.0,0.07282366071428571
exp02_noise_recovery,6,64,128,nearest,0.05,20,1.0,0.07282366071428571
exp02_noise_recovery,6,64,128,nearest,0.1,20,1.0,0.07282366071428571
exp02_noise_recovery,6,64,128,nearest,0.15,20,1.0,0.07282366071428571
exp02_noise_recovery,6,64,128,nearest,0.2,20,1.0,0.07282366071428571
exp02_noise_recovery,6,64,128,nearest,0.25,20,1.0,0.07282366071428571
exp02_noise_recovery,6,64,128,nearest,0.3,20,1.0,0.07282366071428571
exp02_noise_recovery,6,64,128,nearest,0.35,20,0.975,0.07282366071428571
exp02_noise_recovery,6,64,128,nearest,0.4,20,0.5234375,0.07282366071428571
exp02_noise_recovery,6,64,128,hopfield,0.0,20,0.40625,0.07282366071428571
exp02_noise_recovery,6,64,128,hopfield,0.05,20,0.459375,0.07282366071428571
exp02_noise_recovery,6,64,128,hopfield,0.1,20,0.409375,0.07282366071428571
exp02_noise_recovery,6,64,128,hopfield,0.15,20,0.34296875,0.07282366071428571
exp02_noise_recovery,6,64,128,hopfield,0.2,20,0.2875,0.07282366071428571
exp02_noise_recovery,6,64,128,hopfield,0.25,20,0.21796875,0.07282366071428571
exp02_noise_recovery,6,64,128,hopfield,0.3,20,0.153125,0.07282366071428571
exp02_noise_recovery,6,64,128,hopfield,0.35,20,0.09453125,0.07282366071428571
exp02_noise_recovery,6,64,128,hopfield,0.4,20,0.046875,0.07282366071428571
exp02_noise_recovery,6,64,256,nearest,0.0,20,1.0,0.05032009548611111
exp02_noise_recovery,6,64,256,nearest,0.05,20,1.0,0.05032009548611111
exp02_noise_recovery,6,64,256,nearest,0.1,20,1.0,0.05032009548611111
exp02_noise_recovery,6,64,256,nearest,0.15,20,1.0,0.05032009548611111
exp02_noise_recovery,6,64,256,nearest,0.2,20,1.0,0.05032009548611111
exp02_noise_recovery,6,64,256,nearest,0.25,20,1.0,0.05032009548611111
exp02_noise_recovery,6,64,256,nearest,0.3,20,1.0,0.05032009548611111
exp02_noise_recovery,6,64,256,nearest,0.35,20,1.0,0.05032009548611111
exp02_noise_recovery,6,64,256,nearest,0.4,20,0.971875,0.05032009548611111
exp02_noise_recovery,6,64,256,hopfield,0.0,20,0.71875,0.05032009548611111
exp02_noise_recovery,6,64,256,hopfield,0.05,20,0.7328125,0.05032009548611111
exp02_noise_recovery,6,64,256,hopfield,0.1,20,0.7015625,0.05032009548611111
exp02_noise_recovery,6,64,256,hopfield,0.15,20,0.6671875,0.05032009548611111
exp02_noise_recovery,6,64,256,hopfield,0.2,20,0.60078125,0.05032009548611111
exp02_noise_recovery,6,64,256,hopfield,0.25,20,0.5171875,0.05032009548611111
exp02_noise_recovery,6,64,256,hopfield,0.3,20,0.36640625,0.05032009548611111
exp02_noise_recovery,6,64,256,hopfield,0.35,20,0.22265625,0.05032009548611111
exp02_noise_recovery,6,64,256,hopfield,0.4,20,0.11328125,0.05032009548611111
exp02_noise_recovery,6,64,512,nearest,0.0,20,1.0,0.03516981336805555
exp02_noise_recovery,6,64,512,nearest,0.05,20,1.0,0.03516981336805555
exp02_noise_recovery,6,64,512,nearest,0.1,20,1.0,0.03516981336805555
exp02_noise_recovery,6,64,512,nearest,0.15,20,1.0,0.03516981336805555
exp02_noise_recovery,6,64,512,nearest,0.2,20,1.0,0.03516981336805555
exp02_noise_recovery,6,64,512,nearest,0.25,20,1.0,0.03516981336805555
exp02_noise_recovery,6,64,512,nearest,0.3,20,1.0,0.03516981336805555
exp02_noise_recovery,6,64,512,nearest,0.35,20,1.0,0.03516981336805555
exp02_noise_recovery,6,64,512,nearest,0.4,20,1.0,0.03516981336805555
exp02_noise_recovery,6,64,512,hopfield,0.0,20,1.0,0.03516981336805555
exp02_noise_recovery,6,64,512,hopfield,0.05,20,0.99921875,0.03516981336805555
exp02_noise_recovery,6,64,512,hopfield,0.1,20,0.9984375,0.03516981336805555
exp02_noise_recovery,6,64,512,hopfield,0.15,20,0.9953125,0.03516981336805555
exp02_noise_recovery,6,64,512,hopfield,0.2,20,0.9890625,0.03516981336805555
exp02_noise_recovery,6,64,512,hopfield,0.25,20,0.9328125,0.03516981336805555
exp02_noise_recovery,6,64,512,hopfield,0.3,20,0.7875,0.03516981336805555
exp02_noise_recovery,6,64,512,hopfield,0.35,20,0.5125,0.03516981336805555
exp02_noise_recovery,6,64,512,hopfield,0.4,20,0.24296875,0.03516981336805555
exp02_noise_recovery,7,8,64,nearest,0.0,20,1.0,0.11607142857142858
exp02_noise_recovery,7,8,64,nearest,0.05,20,1.0,0.11607142857142858
exp02_noise_recovery,7,8,64,nearest,0.1,20,1.0,0.11607142857142858
exp02_noise_recovery,7,8,64,nearest,0.15,20,1.0,0.11607142857142858
exp02_noise_recovery,7,8,64,nearest,0.2,20,1.0,0.11607142857142858
exp02_noise_recovery,7,8,64,nearest,0.25,20,1.0,0.11607142857142858
exp02_noise_recovery,7,8,64,nearest,0.3,20,0.9875,0.11607142857142858
exp02_noise_recovery,7,8,64,nearest,0.35,20,0.9375,0.11607142857142858
exp02_noise_recovery,7,8,64,nearest,0.4,20,0.6,0.11607142857142858
exp02_noise_recovery,7,8,64,hopfield,0.0,20,1.0,0.11607142857142858
exp02_noise_recovery,7,8,64,hopfield,0.05,20,0.95625,0.11607142857142858
exp02_noise_recovery,7,8,64,hopfield,0.1,20,0.9375,0.11607142857142858
exp02_noise_recovery,7,8,64,hopfield,0.15,20,0.9375,0.11607142857142858
exp02_noise_recovery,7,8,64,hopfield,0.2,20,0.875,0.11607142857142858
exp02_noise_recovery,7,8,64,hopfield,0.25,20,0.80625,0.11607142857142858
exp02_noise_recovery,7,8,64,hopfield,0.3,20,0.7625,0.11607142857142858
exp02_noise_recovery,7,8,64,hopfield,0.35,20,0.525,0.11607142857142858
exp02_noise_recovery,7,8,64,hopfield,0.4,20,0.2625,0.11607142857142858
exp02_noise_recovery,7,8,128,nearest,0.0,20,1.0,0.06473214285714286
exp02_noise_recovery,7,8,128,nearest,0.05,20,1.0,0.06473214285714286
exp02_noise_recovery,7,8,128,nearest,0.1,20,1.0,0.06473214285714286
exp02_noise_recovery,7,8,128,nearest,0.15,20,1.0,0.06473214285714286
exp02_noise_recovery,7,8,128,nearest,0.2,20,1.0,0.06473214285714286
exp02_noise_recovery,7,8,128,nearest,0.25,20,1.0,0.06473214285714286
exp02_noise_recovery,7,8,128,nearest,0.3,20,1.0,0.06473214285714286
exp02_noise_recovery,7,8,128,nearest,0.35,20,0.9875,0.06473214285714286
exp02_noise_recovery,7,8,128,nearest,0.4,20,0.89375,0.06473214285714286
exp02_noise_recovery,7,8,128,hopfield,0.0,20,1.0,0.06473214285714286
exp02_noise_recovery,7,8,128,hopfield,0.05,20,1.0,0.06473214285714286
exp02_noise_recovery,7,8,128,hopfield,0.1,20,1.0,0.06473214285714286
exp02_noise_recovery,7,8,128,hopfield,0.15,20,1.0,0.06473214285714286
exp02_noise_recovery,7,8,128,hopfield,0.2,20,1.0,0.06473214285714286
exp02_noise_recovery,7,8,128,hopfield,0.25,20,0.99375,0.06473214285714286
exp02_noise_recovery,7,8,128,hopfield,0.3,20,0.9875,0.06473214285714286
exp02_noise_recovery,7,8,128,hopfield,0.35,20,0.8625,0.06473214285714286
exp02_noise_recovery,7,8,128,hopfield,0.4,20,0.65625,0.06473214285714286
exp02_noise_recovery,7,8,256,nearest,0.0,20,1.0,0.056640625
exp02_noise_recovery,7,8,256,nearest,0.05,20,1.0,0.056640625
exp02_noise_recovery,7,8,256,nearest,0.1,20,1.0,0.056640625
exp02_noise_recovery,7,8,256,nearest,0.15,20,1.0,0.056640625
exp02_noise_recovery,7,8,256,nearest,0.2,20,1.0,0.056640625
exp02_noise_recovery,7,8,256,nearest,0.25,20,1.0,0.056640625
exp02_noise_recovery,7,8,256,nearest,0.3,20,1.0,0.056640625
exp02_noise_recovery,7,8,256,nearest,0.35,20,1.0,0.056640625
exp02_noise_recovery,7,8,256,nearest,0.4,20,0.99375,0.056640625
exp02_noise_recovery,7,8,256,hopfield,0.0,20,1.0,0.056640625
exp02_noise_recovery,7,8,256,hopfield,0.05,20,1.0,0.056640625
exp02_noise_recovery,7,8,256,hopfield,0.1,20,1.0,0.056640625
exp02_noise_recovery,7,8,256,hopfield,0.15,20,1.0,0.056640625
exp02_noise_recovery,7,8,256,hopfield,0.2,20,1.0,0.056640625
exp02_noise_recovery,7,8,256,hopfield,0.25,20,1.0,0.056640625
exp02_noise_recovery,7,8,256,hopfield,0.3,20,1.0,0.056640625
exp02_noise_recovery,7,8,256,hopfield,0.35,20,1.0,0.056640625
exp02_noise_recovery,7,8,256,hopfield,0.4,20,0.89375,0.056640625
exp02_noise_recovery,7,8,512,nearest,0.0,20,1.0,0.04450334821428571
exp02_noise_recovery,7,8,512,nearest,0.05,20,1.0,0.04450334821428571
exp02_noise_recovery,7,8,512,nearest,0.1,20,1.0,0.04450334821428571
exp02_noise_recovery,7,8,512,nearest,0.15,20,1.0,0.04450334821428571
exp02_noise_recovery,7,8,512,nearest,0.2,20,1.0,0.04450334821428571
exp02_noise_recovery,7,8,512,nearest,0.25,20,1.0,0.04450334821428571
exp02_noise_recovery,7,8,512,nearest,0.3,20,1.0,0.04450334821428571
exp02_noise_recovery,7,8,512,nearest,0.35,20,1.0,0.04450334821428571
exp02_noise_recovery,7,8,512,nearest,0.4,20,1.0,0.04450334821428571
exp02_noise_recovery,7,8,512,hopfield,0.0,20,1.0,0.04450334821428571
exp02_noise_recovery,7,8,512,hopfield,0.05,20,1.0,0.04450334821428571
exp02_noise_recovery,7,8,512,hopfield,0.1,20,1.0,0.04450334821428571
exp02_noise_recovery,7,8,512,hopfield,0.15,20,1.0,0.04450334821428571
exp02_noise_recovery,7,8,512,hopfield,0.2,20,1.0,0.04450334821428571
exp02_noise_recovery,7,8,512,hopfield,0.25,20,1.0,0.04450334821428571
exp02_noise_recovery,7,8,512,hopfield,0.3,20,1.0,0.04450334821428571
exp02_noise_recovery,7,8,512,hopfield,0.35,20,1.0,0.04450334821428571
exp02_noise_recovery,7,8,512,hopfield,0.4,20,0.99375,0.04450334821428571
exp02_noise_recovery,7,16,64,nearest,0.0,20,1.0,0.11197916666666667
exp02_noise_recovery,7,16,64,nearest,0.05,20,1.0,0.11197916666666667
exp02_noise_recovery,7,16,64,nearest,0.1,20,1.0,0.11197916666666667
exp02_noise_recovery,7,16,64,nearest,0.15,20,1.0,0.11197916666666667
exp02_noise_recovery,7,16,64,nearest,0.2,20,1.0,0.11197916666666667
exp02_noise_recovery,7,16,64,nearest,0.25,20,1.0,0.11197916666666667
exp02_noise_recovery,7,16,64,nearest,0.3,20,0.990625,0.11197916666666667
exp02_noise_recovery,7,16,64,nearest,0.35,20,0.896875,0.11197916666666667
exp02_noise_recovery,7,16,64,nearest,0.4,20,0.38125,0.11197916666666667
exp02_noise_recovery,7,16,64,hopfield,0.0,20,0.75,0.11197916666666667
exp02_noise_recovery,7,16,64,hopfield,0.05,20,0.628125,0.11197916666666667
exp02_noise_recovery,7,16,64,hopfield,0.1,20,0.528125,0.11197916666666667
exp02_noise_recovery,7,16,64,hopfield,0.15,20,0.425,0.11197916666666667
exp02_noise_recovery,7,16,64,hopfield,0.2,20,0.40625,0.11197916666666667
exp02_noise_recovery,7,16,64,hopfield,0.25,20,0.340625,0.11197916666666667
exp02_noise_recovery,7,16,64,hopfield,0.3,20,0.278125,0.11197916666666667
exp02_noise_recovery,7,16,64,hopfield,0.35,20,0.2375,0.11197916666666667
exp02_noise_recovery,7,16,64,hopfield,0.4,20,0.14375,0.11197916666666667
exp02_noise_recovery,7,16,128,nearest,0.0,20,1.0,0.073046875
exp02_noise_recovery,7,16,128,nearest,0.05,20,1.0,0.073046875
exp02_noise_recovery,7,16,128,nearest,0.1,20,1.0,0.073046875
exp02_noise_recovery,7,16,128,nearest,0.15,20,1.0,0.073046875
exp02_noise_recovery,7,16,128,nearest,0.2,20,1.0,0.073046875
exp02_noise_recovery,7,16,128,nearest,0.25,20,1.0,0.073046875
exp02_noise_recovery,7,16,128,nearest,0.3,20,1.0,0.073046875
exp02_noise_recovery,7,16,128,nearest,0.35,20,0.98125,0.073046875
exp02_noise_recovery,7,16,128,nearest,0.4,20,0.825,0.073046875
exp02_noise_recovery,7,16,128,hopfield,0.0,20,1.0,0.073046875
exp02_noise_recovery,7,16,128,hopfield,0.05,20,1.0,0.073046875
exp02_noise_recovery,7,16,128,hopfield,0.1,20,1.0,0.073046875
exp02_noise_recovery,7,16,128,hopfield,0.15,20,0.99375,0.073046875
exp02_noise_recovery,7,16,128,hopfield,0.2,20,0.953125,0.073046875
exp02_noise_recovery,7,16,128,hopfield,0.25,20,0.88125,0.073046875
exp02_noise_recovery,7,16,128,hopfield,0.3,20,0.690625,0.073046875
exp02_noise_recovery,7,16,128,hopfield,0.35,20,0.525,0.073046875
exp02_noise_recovery,7,16,128,hopfield,0.4,20,0.28125,0.073046875
exp02_noise_recovery,7,16,256,nearest,0.0,20,1.0,0.05904947916666667
exp02_noise_recovery,7,16,256,nearest,0.05,20,1.0,0.05904947916666667
exp02_noise_recovery,7,16,256,nearest,0.1,20,1.0,0.05904947916666667
exp02_noise_recovery,7,16,256,nearest,0.15,20,1.0,0.05904947916666667
exp02_noise_recovery,7,16,256,nearest,0.2,20,1.0,0.05904947916666667
exp02_noise_recovery,7,16,256,nearest,0.25,20,1.0,0.05904947916666667
exp02_noise_recovery,7,16,256,nearest,0.3,20,1.0,0.05904947916666667
exp02_noise_recovery,7,16,256,nearest,0.35,20,1.0,0.05904947916666667
exp02_noise_recovery,7,16,256,nearest,0.4,20,0.99375,0.05904947916666667
exp02_noise_recovery,7,16,256,hopfield,0.0,20,1.0,0.05904947916666667
exp02_noise_recovery,7,16,256,hopfield,0.05,20,1.0,0.05904947916666667
exp02_noise_recovery,7,16,256,hopfield,0.1,20,1.0,0.05904947916666667
exp02_noise_recovery,7,16,256,hopfield,0.15,20,1.0,0.05904947916666667
exp02_noise_recovery,7,16,256,hopfield,0.2,20,1.0,0.05904947916666667
exp02_noise_recovery,7,16,256,hopfield,0.25,20,0.990625,0.05904947916666667
exp02_noise_recovery,7,16,256,hopfield,0.3,20,0.96875,0.05904947916666667
exp02_noise_recovery,7,16,256,hopfield,0.35,20,0.81875,0.05904947916666667
exp02_noise_recovery,7,16,256,hopfield,0.4,20,0.496875,0.05904947916666667
exp02_noise_recovery,7,16,512,nearest,0.0,20,1.0,0.03522135416666667
exp02_noise_recovery,7,16,512,nearest,0.05,20,1.0,0.03522135416666667
exp02_noise_recovery,7,16,512,nearest,0.1,20,1.0,0.03522135416666667
exp02_noise_recovery,7,16,512,nearest,0.15,20,1.0,0.03522135416666667
exp02_noise_recovery,7,16,512,nearest,0.2,20,1.0,0.03522135416666667
exp02_noise_recovery,7,16,512,nearest,0.25,20,1.0,0.03522135416666667
exp02_noise_recovery,7,16,512,nearest,0.3,20,1.0,0.03522135416666667
exp02_noise_recovery,7,16,512,nearest,0.35,20,1.0,0.03522135416666667
exp02_noise_recovery,7,16,512,nearest,0.4,20,1.0,0.03522135416666667
exp02_noise_recovery,7,16,512,hopfield,0.0,20,1.0,0.03522135416666667
exp02_noise_recovery,7,16,512,hopfield,0.05,20,1.0,0.03522135416666667
exp02_noise_recovery,7,16,512,hopfield,0.1,20,1.0,0.03522135416666667
exp02_noise_recovery,7,16,512,hopfield,0.15,20,1.0,0.03522135416666667
exp02_noise_recovery,7,16,512,hopfield,0.2,20,1.0,0.03522135416666667
exp02_noise_recovery,7,16,512,hopfield,0.25,20,1.0,0.03522135416666667
exp02_noise_recovery,7,16,512,hopfield,0.3,20,1.0,0.03522135416666667
exp02_noise_recovery,7,16,512,hopfield,0.35,20,1.0,0.03522135416666667
exp02_noise_recovery,7,16,512,hopfield,0.4,20,0.965625,0.03522135416666667
exp02_noise_recovery,7,32,64,nearest,0.0,20,1.0,0.1043976814516129
exp02_noise_recovery,7,32,64,nearest,0.05,20,1.0,0.1043976814516129
exp02_noise_recovery,7,32,64,nearest,0.1,20,1.0,0.1043976814516129
exp02_noise_recovery,7,32,64,nearest,0.15,20,1.0,0.1043976814516129
exp02_noise_recovery,7,32,64,nearest,0.2,20,1.0,0.1043976814516129
exp02_noise_recovery,7,32,64,nearest,0.25,20,1.0,0.1043976814516129
exp02_noise_recovery,7,32,64,nearest,0.3,20,0.978125,0.1043976814516129
exp02_noise_recovery,7,32,64,nearest,0.35,20,0.81875,0.1043976814516129
exp02_noise_recovery,7,32,64,nearest,0.4,20,0.1171875,0.1043976814516129
exp02_noise_recovery,7,32,64,hopfield,0.0,20,0.5,0.1043976814516129
exp02_noise_recovery,7,32,64,hopfield,0.05,20,0.425,0.1043976814516129
exp02_noise_recovery,7,32,64,hopfield,0.1,20,0.4125,0.1043976814516129
exp02_noise_recovery,7,32,64,hopfield,0.15,20,0.3484375,0.1043976814516129
exp02_noise_recovery,7,32,64,hopfield,0.2,20,0.2578125,0.1043976814516129
exp02_noise_recovery,7,32,64,hopfield,0.25,20,0.209375,0.1043976814516129
exp02_noise_recovery,7,32,64,hopfield,0.3,20,0.16875,0.1043976814516129
exp02_noise_recovery,7,32,64,hopfield,0.35,20,0.109375,0.1043976814516129
exp02_noise_recovery,7,32,64,hopfield,0.4,20,0.06875,0.1043976814516129
exp02_noise_recovery,7,32,128,nearest,0.0,20,1.0,0.0739352318548387
exp02_noise_recovery,7,32,128,nearest,0.05,20,1.0,0.0739352318548387
exp02_noise_recovery,7,32,128,nearest,0.1,20,1.0,0.0739352318548387
exp02_noise_recovery,7,32,128,nearest,0.15,20,1.0,0.0739352318548387
exp02_noise_recovery,7,32,128,nearest,0.2,20,1.0,0.0739352318548387
exp02_noise_recovery,7,32,128,nearest,0.25,20,1.0,0.0739352318548387
exp02_noise_recovery,7,32,128,nearest,0.3,20,1.0,0.0739352318548387
exp02_noise_recovery,7,32,128,nearest,0.35,20,0.9875,0.0739352318548387
exp02_noise_recovery,7,32,128,nearest,0.4,20,0.73125,0.0739352318548387
exp02_noise_recovery,7,32,128,hopfield,0.0,20,0.40625,0.0739352318548387
exp02_noise_recovery,7,32,128,hopfield,0.05,20,0.440625,0.0739352318548387
exp02_noise_recovery,7,32,128,hopfield,0.1,20,0.3875,0.0739352318548387
exp02_noise_recovery,7,32,128,hopfield,0.15,20,0.3609375,0.0739352318548387
exp02_noise_recovery,7,32,128,hopfield,0.2,20,0.2953125,0.0739352318548387
exp02_noise_recovery,7,32,128,hopfield,0.25,20,0.2453125,0.0739352318548387
exp02_noise_recovery,7,32,128,hopfield,0.3,20,0.2109375,0.0739352318548387
exp02_noise_recovery,7,32,128,hopfield,0.35,20,0.146875,0.0739352318548387
exp02_noise_recovery,7,32,128,hopfield,0.4,20,0.0984375,0.0739352318548387
exp02_noise_recovery,7,32,256,nearest,0.0,20,1.0,0.050592237903225805
exp02_noise_recovery,7,32,256,nearest,0.05,20,1.0,0.050592237903225805
exp02_noise_recovery,7,32,256,nearest,0.1,20,1.0,0.050592237903225805
exp02_noise_recovery,7,32,256,nearest,0.15,20,1.0,0.050592237903225805
exp02_noise_recovery,7,32,256,nearest,0.2,20,1.0,0.050592237903225805
exp02_noise_recovery,7,32,256,nearest,0.25,20,1.0,0.050592237903225805
exp02_noise_recovery,7,32,256,nearest,0.3,20,1.0,0.050592237903225805
exp02_noise_recovery,7,32,256,nearest,0.35,20,1.0,0.050592237903225805
exp02_noise_recovery,7,32,256,nearest,0.4,20,0.9796875,0.050592237903225805
exp02_noise_recovery,7,32,256,hopfield,0.0,20,1.0,0.050592237903225805
exp02_noise_recovery,7,32,256,hopfield,0.05,20,1.0,0.050592237903225805
exp02_noise_recovery,7,32,256,hopfield,0.1,20,0.99375,0.050592237903225805
exp02_noise_recovery,7,32,256,hopfield,0.15,20,0.978125,0.050592237903225805
exp02_noise_recovery,7,32,256,hopfield,0.2,20,0.91875,0.050592237903225805
exp02_noise_recovery,7,32,256,hopfield,0.25,20,0.8109375,0.050592237903225805
exp02_noise_recovery,7,32,256,hopfield,0.3,20,0.5609375,0.050592237903225805
exp02_noise_recovery,7,32,256,hopfield,0.35,20,0.359375,0.050592237903225805
exp02_noise_recovery,7,32,256,hopfield,0.4,20,0.19375,0.050592237903225805
exp02_noise_recovery,7,32,512,nearest,0.0,20,1.0,0.03623519405241935
exp02_noise_recovery,7,32,512,nearest,0.05,20,1.0,0.03623519405241935
exp02_noise_recovery,7,32,512,nearest,0.1,20,1.0,0.03623519405241935
exp02_noise_recovery,7,32,512,nearest,0.15,20,1.0,0.03623519405241935
exp02_noise_recovery,7,32,512,nearest,0.2,20,1.0,0.03623519405241935
exp02_noise_recovery,7,32,512,nearest,0.25,20,1.0,0.03623519405241935
exp02_noise_recovery,7,32,512,nearest,0.3,20,1.0,0.03623519405241935
exp02_noise_recovery,7,32,512,nearest,0.35,20,1.0,0.03623519405241935
exp02_noise_recovery,7,32,512,nearest,0.4,20,1.0,0.03623519405241935
exp02_noise_recovery,7,32,512,hopfield,0.0,20,1.0,0.03623519405241935
exp02_noise_recovery,7,32,512,hopfield,0.05,20,1.0,0.03623519405241935
exp02_noise_recovery,7,32,512,hopfield,0.1,20,1.0,0.03623519405241935
exp02_noise_recovery,7,32,512,hopfield,0.15,20,1.0,0.03623519405241935
exp02_noise_recovery,7,32,512,hopfield,0.2,20,1.0,0.03623519405241935
exp02_noise_recovery,7,32,512,hopfield,0.25,20,1.0,0.03623519405241935
exp02_noise_recovery,7,32,512,hopfield,0.3,20,0.9953125,0.03623519405241935
exp02_noise_recovery,7,32,512,hopfield,0.35,20,0.95625,0.03623519405241935
exp02_noise_recovery,7,32,512,hopfield,0.4,20,0.584375,0.03623519405241935
exp02_noise_recovery,7,64,64,nearest,0.0,20,1.0,0.10365513392857142
exp02_noise_recovery,7,64,64,nearest,0.05,20,1.0,0.10365513392857142
exp02_noise_recovery,7,64,64,nearest,0.1,20,1.0,0.10365513392857142
exp02_noise_recovery,7,64,64,nearest,0.15,20,1.0,0.10365513392857142
exp02_noise_recovery,7,64,64,nearest,0.2,20,1.0,0.10365513392857142
exp02_noise_recovery,7,64,64,nearest,0.25,20,0.99765625,0.10365513392857142
exp02_noise_recovery,7,64,64,nearest,0.3,20,0.975,0.10365513392857142
exp02_noise_recovery,7,64,64,nearest,0.35,20,0.6765625,0.10365513392857142
exp02_noise_recovery,7,64,64,nearest,0.4,20,0.01640625,0.10365513392857142
exp02_noise_recovery,7,64,64,hopfield,0.0,20,0.296875,0.10365513392857142
exp02_noise_recovery,7,64,64,hopfield,0.05,20,0.27890625,0.10365513392857142
exp02_noise_recovery,7,64,64,hopfield,0.1,20,0.22734375,0.10365513392857142
exp02_noise_recovery,7,64,64,hopfield,0.15,20,0.2,0.10365513392857142
exp02_noise_recovery,7,64,64,hopfield,0.2,20,0.14609375,0.10365513392857142
exp02_noise_recovery,7,64,64,hopfield,0.25,20,0.1171875,0.10365513392857142
exp02_noise_recovery,7,64,64,hopfield,0.3,20,0.0765625,0.10365513392857142
exp02_noise_recovery,7,64,64,hopfield,0.35,20,0.0625,0.10365513392857142
exp02_noise_recovery,7,64,64,hopfield,0.4,20,0.034375,0.10365513392857142
exp02_noise_recovery,7,64,128,nearest,0.0,20,1.0,0.07076202876984126
exp02_noise_recovery,7,64,128,nearest,0.05,20,1.0,0.07076202876984126
exp02_noise_recovery,7,64,128,nearest,0.1,20,1.0,0.07076202876984126
exp02_noise_recovery,7,64,128,nearest,0.15,20,1.0,0.07076202876984126
exp02_noise_recovery,7,64,128,nearest,0.2,20,1.0,0.07076202876984126
exp02_noise_recovery,7,64,128,nearest,0.25,20,1.0,0.07076202876984126
exp02_noise_recovery,7,64,128,nearest,0.3,20,1.0,0.07076202876984126
exp02_noise_recovery,7,64,128,nearest,0.35,20,0.97578125,0.07076202876984126
exp02_noise_recovery,7,64,128,nearest,0.4,20,0.51640625,0.07076202876984126
exp02_noise_recovery,7,64,128,hopfield,0.0,20,0.59375,0.07076202876984126
exp02_noise_recovery,7,64,128,hopfield,0.05,20,0.51015625,0.07076202876984126
exp02_noise_recovery,7,64,128,hopfield,0.1,20,0.4609375,0.07076202876984126
exp02_noise_recovery,7,64,128,hopfield,0.15,20,0.41875,0.07076202876984126
exp02_noise_recovery,7,64,128,hopfield,0.2,20,0.31953125,0.07076202876984126
exp02_noise_recovery,7,64,128,hopfield,0.25,20,0.25625,0.07076202876984126
exp02_noise_recovery,7,64,128,hopfield,0.3,20,0.17578125,0.07076202876984126
exp02_noise_recovery,7,64,128,hopfield,0.35,20,0.1046875,0.07076202876984126
exp02_noise_recovery,7,64,128,hopfield,0.4,20,0.05546875,0.07076202876984126
exp02_noise_recovery,7,64,256,nearest,0.0,20,1.0,0.050707620287698416
exp02_noise_recovery,7,64,256,nearest,0.05,20,1.0,0.050707620287698416
exp02_noise_recovery,7,64,256,nearest,0.1,20,1.0,0.050707620287698416
exp02_noise_recovery,7,64,256,nearest,0.15,20,1.0,0.050707620287698416
exp02_noise_recovery,7,64,256,nearest,0.2,20,1.0,0.050707620287698416
exp02_noise_recovery,7,64,256,nearest,0.25,20,1.0,0.050707620287698416
exp02_noise_recovery,7,64,256,nearest,0.3,20,1.0,0.050707620287698416
exp02_noise_recovery,7,64,256,nearest,0.35,20,1.0,0.050707620287698416
exp02_noise_recovery,7,64,256,nearest,0.4,20,0.965625,0.050707620287698416
exp02_noise_recovery,7,64,256,hopfield,0.0,20,0.5,0.050707620287698416
exp02_noise_recovery,7,64,256,hopfield,0.05,20,0.4859375,0.050707620287698416
exp02_noise_recovery,7,64,256,hopfield,0.1,20,0.4640625,0.050707620287698416
exp02_noise_recovery,7,64,256,hopfield,0.15,20,0.43203125,0.050707620287698416
exp02_noise_recovery,7,64,256,hopfield,0.2,20,0.38984375,0.050707620287698416
exp02_noise_recovery,7,64,256,hopfield,0.25,20,0.31953125,0.050707620287698416
exp02_noise_recovery,7,64,256,hopfield,0.3,20,0.2375,0.050707620287698416
exp02_noise_recovery,7,64,256,hopfield,0.35,20,0.140625,0.050707620287698416
exp02_noise_recovery,7,64,256,hopfield,0.4,20,0.0890625,0.050707620287698416
exp02_noise_recovery,7,64,512,nearest,0.0,20,1.0,0.035131060887896824
exp02_noise_recovery,7,64,512,nearest,0.05,20,1.0,0.035131060887896824
exp02_noise_recovery,7,64,512,nearest,0.1,20,1.0,0.035131060887896824
exp02_noise_recovery,7,64,512,nearest,0.15,20,1.0,0.035131060887896824
exp02_noise_recovery,7,64,512,nearest,0.2,20,1.0,0.035131060887896824
exp02_noise_recovery,7,64,512,nearest,0.25,20,1.0,0.035131060887896824
exp02_noise_recovery,7,64,512,nearest,0.3,20,1.0,0.035131060887896824
exp02_noise_recovery,7,64,512,nearest,0.35,20,1.0,0.035131060887896824
exp02_noise_recovery,7,64,512,nearest,0.4,20,1.0,0.035131060887896824
exp02_noise_recovery,7,64,512,hopfield,0.0,20,1.0,0.035131060887896824
exp02_noise_recovery,7,64,512,hopfield,0.05,20,1.0,0.035131060887896824
exp02_noise_recovery,7,64,512,hopfield,0.1,20,1.0,0.035131060887896824
exp02_noise_recovery,7,64,512,hopfield,0.15,20,0.99921875,0.035131060887896824
exp02_noise_recovery,7,64,512,hopfield,0.2,20,0.99453125,0.035131060887896824
exp02_noise_recovery,7,64,512,hopfield,0.25,20,0.94765625,0.035131060887896824
exp02_noise_recovery,7,64,512,hopfield,0.3,20,0.784375,0.035131060887896824
exp02_noise_recovery,7,64,512,hopfield,0.35,20,0.50390625,0.035131060887896824
exp02_noise_recovery,7,64,512,hopfield,0.4,20,0.23046875,0.035131060887896824
exp02_noise_recovery,8,8,64,nearest,0.0,20,1.0,0.10044642857142858
exp02_noise_recovery,8,8,64,nearest,0.05,20,1.0,0.10044642857142858
exp02_noise_recovery,8,8,64,nearest,0.1,20,1.0,0.10044642857142858
exp02_noise_recovery,8,8,64,nearest,0.15,20,1.0,0.10044642857142858
exp02_noise_recovery,8,8,64,nearest,0.2,20,1.0,0.10044642857142858
exp02_noise_recovery,8,8,64,nearest,0.25,20,1.0,0.10044642857142858
exp02_noise_recovery,8,8,64,nearest,0.3,20,0.99375,0.10044642857142858
exp02_noise_recovery,8,8,64,nearest,0.35,20,0.91875,0.10044642857142858
exp02_noise_recovery,8,8,64,nearest,0.4,20,0.575,0.10044642857142858
exp02_noise_recovery,8,8,64,hopfield,0.0,20,1.0,0.10044642857142858
exp02_noise_recovery,8,8,64,hopfield,0.05,20,0.98125,0.10044642857142858
exp02_noise_recovery,8,8,64,hopfield,0.1,20,0.96875,0.10044642857142858
exp02_noise_recovery,8,8,64,hopfield,0.15,20,0.9125,0.10044642857142858
exp02_noise_recovery,8,8,64,hopfield,0.2,20,0.86875,0.10044642857142858
exp02_noise_recovery,8,8,64,hopfield,0.25,20,0.79375,0.10044642857142858
exp02_noise_recovery,8,8,64,hopfield,0.3,20,0.61875,0.10044642857142858
exp02_noise_recovery,8,8,64,hopfield,0.35,20,0.46875,0.10044642857142858
exp02_noise_recovery,8,8,64,hopfield,0.4,20,0.2625,0.10044642857142858
exp02_noise_recovery,8,8,128,nearest,0.0,20,1.0,0.07087053571428571
exp02_noise_recovery,8,8,128,nearest,0.05,20,1.0,0.07087053571428571
exp02_noise_recovery,8,8,128,nearest,0.1,20,1.0,0.07087053571428571
exp02_noise_recovery,8,8,128,nearest,0.15,20,1.0,0.07087053571428571
exp02_noise_recovery,8,8,128,nearest,0.2,20,1.0,0.07087053571428571
exp02_noise_recovery,8,8,128,nearest,0.25,20,1.0,0.07087053571428571
exp02_noise_recovery,8,8,128,nearest,0.3,20,1.0,0.07087053571428571
exp02_noise_recovery,8,8,128,nearest,0.35,20,1.0,0.07087053571428571
exp02_noise_recovery,8,8,128,nearest,0.4,20,0.91875,0.07087053571428571
exp02_noise_recovery,8,8,128,hopfield,0.0,20,1.0,0.07087053571428571
exp02_noise_recovery,8,8,128,hopfield,0.05,20,1.0,0.07087053571428571
exp02_noise_recovery,8,8,128,hopfield,0.1,20,1.0,0.07087053571428571
exp02_noise_recovery,8,8,128,hopfield,0.15,20,1.0,0.07087053571428571
exp02_noise_recovery,8,8,128,hopfield,0.2,20,1.0,0.07087053571428571
exp02_noise_recovery,8,8,128,hopfield,0.25,20,1.0,0.07087053571428571
exp02_noise_recovery,8,8,128,hopfield,0.3,20,0.96875,0.07087053571428571
exp02_noise_recovery,8,8,128,hopfield,0.35,20,0.8625,0.07087053571428571
exp02_noise_recovery,8,8,128,hopfield,0.4,20,0.625,0.07087053571428571
exp02_noise_recovery,8,8,256,nearest,0.0,20,1.0,0.054966517857142856
exp02_noise_recovery,8,8,256,nearest,0.05,20,1.0,0.054966517857142856
exp02_noise_recovery,8,8,256,nearest,0.1,20,1.0,0.054966517857142856
exp02_noise_recovery,8,8,256,nearest,0.15,20,1.0,0.054966517857142856
exp02_noise_recovery,8,8,256,nearest,0.2,20,1.0,0.054966517857142856
exp02_noise_recovery,8,8,256,nearest,0.25,20,1.0,0.054966517857142856
exp02_noise_recovery,8,8,256,nearest,0.3,20,1.0,0.054966517857142856
exp02_noise_recovery,8,8,256,nearest,0.35,20,1.0,0.054966517857142856
exp02_noise_recovery,8,8,256,nearest,0.4,20,0.9875,0.054966517857142856
exp02_noise_recovery,8,8,256,hopfield,0.0,20,1.0,0.054966517857142856
exp02_noise_recovery,8,8,256,hopfield,0.05,20,1.0,0.054966517857142856
exp02_noise_recovery,8,8,256,hopfield,0.1,20,1.0,0.054966517857142856
exp02_noise_recovery,8,8,256,hopfield,0.15,20,1.0,0.054966517857142856
exp02_noise_recovery,8,8,256,hopfield,0.2,20,1.0,0.054966517857142856
exp02_noise_recovery,8,8,256,hopfield,0.25,20,1.0,0.054966517857142856
exp02_noise_recovery,8,8,256,hopfield,0.3,20,1.0,0.054966517857142856
exp02_noise_recovery,8,8,256,hopfield,0.35,20,0.99375,0.054966517857142856
exp02_noise_recovery,8,8,256,hopfield,0.4,20,0.91875,0.054966517857142856
exp02_noise_recovery,8,8,512,nearest,0.0,20,1.0,0.0283203125
exp02_noise_recovery,8,8,512,nearest,0.05,20,1.0,0.0283203125
exp02_noise_recovery,8,8,512,nearest,0.1,20,1.0,0.0283203125
exp02_noise_recovery,8,8,512,nearest,0.15,20,1.0,0.0283203125
exp02_noise_recovery,8,8,512,nearest,0.2,20,1.0,0.0283203125
exp02_noise_recovery,8,8,512,nearest,0.25,20,1.0,0.0283203125
exp02_noise_recovery,8,8,512,nearest,0.3,20,1.0,0.0283203125
exp02_noise_recovery,8,8,512,nearest,0.35,20,1.0,0.0283203125
exp02_noise_recovery,8,8,512,nearest,0.4,20,1.0,0.0283203125
exp02_noise_recovery,8,8,512,hopfield,0.0,20,1.0,0.0283203125
exp02_noise_recovery,8,8,512,hopfield,0.05,20,1.0,0.0283203125
exp02_noise_recovery,8,8,512,hopfield,0.1,20,1.0,0.0283203125
exp02_noise_recovery,8,8,512,hopfield,0.15,20,1.0,0.0283203125
exp02_noise_recovery,8,8,512,hopfield,0.2,20,1.0,0.0283203125
exp02_noise_recovery,8,8,512,hopfield,0.25,20,1.0,0.0283203125
exp02_noise_recovery,8,8,512,hopfield,0.3,20,1.0,0.0283203125
exp02_noise_recovery,8,8,512,hopfield,0.35,20,1.0,0.0283203125
exp02_noise_recovery,8,8,512,hopfield,0.4,20,0.99375,0.0283203125
exp02_noise_recovery,8,16,64,nearest,0.0,20,1.0,0.09609375
exp02_noise_recovery,8,16,64,nearest,0.05,20,1.0,0.09609375
exp02_noise_recovery,8,16,64,nearest,0.1,20,1.0,0.09609375
exp02_noise_recovery,8,16,64,nearest,0.15,20,1.0,0.09609375
exp02_noise_recovery,8,16,64,nearest,0.2,20,1.0,0.09609375
exp02_noise_recovery,8,16,64,nearest,0.25,20,0.996875,0.09609375
exp02_noise_recovery,8,16,64,nearest,0.3,20,0.996875,0.09609375
exp02_noise_recovery,8,16,64,nearest,0.35,20,0.928125,0.09609375
exp02_noise_recovery,8,16,64,nearest,0.4,20,0.390625,0.09609375
exp02_noise_recovery,8,16,64,hopfield,0.0,20,0.875,0.09609375
exp02_noise_recovery,8,16,64,hopfield,0.05,20,0.775,0.09609375
exp02_noise_recovery,8,16,64,hopfield,0.1,20,0.696875,0.09609375
exp02_noise_recovery,8,16,64,hopfield,0.15,20,0.615625,0.09609375
exp02_noise_recovery,8,16,64,hopfield,0.2,20,0.53125,0.09609375
exp02_noise_recovery,8,16,64,hopfield,0.25,20,0.440625,0.09609375
exp02_noise_recovery,8,16,64,hopfield,0.3,20,0.325,0.09609375
exp02_noise_recovery,8,16,64,hopfield,0.35,20,0.23125,0.09609375
exp02_noise_recovery,8,16,64,hopfield,0.4,20,0.1375,0.09609375
exp02_noise_recovery,8,16,128,nearest,0.0,20,1.0,0.06653645833333334
exp02_noise_recovery,8,16,128,nearest,0.05,20,1.0,0.06653645833333334
exp02_noise_recovery,8,16,128,nearest,0.1,20,1.0,0.06653645833333334
exp02_noise_recovery,8,16,128,nearest,0.15,20,1.0,0.06653645833333334
exp02_noise_recovery,8,16,128,nearest,0.2,20,1.0,0.06653645833333334
exp02_noise_recovery,8,16,128,nearest,0.25,20,1.0,0.06653645833333334
exp02_noise_recovery,8,16,128,nearest,0.3,20,1.0,0.06653645833333334
exp02_noise_recovery,8,16,128,nearest,0.35,20,0.996875,0.06653645833333334
exp02_noise_recovery,8,16,128,nearest,0.4,20,0.846875,0.06653645833333334
exp02_noise_recovery,8,16,128,hopfield,0.0,20,1.0,0.06653645833333334
exp02_noise_recovery,8,16,128,hopfield,0.05,20,1.0,0.06653645833333334
exp02_noise_recovery,8,16,128,hopfield,0.1,20,0.996875,0.06653645833333334
exp02_noise_recovery,8,16,128,hopfield,0.15,20,0.996875,0.06653645833333334
exp02_noise_recovery,8,16,128,hopfield,0.2,20,0.965625,0.06653645833333334
exp02_noise_recovery,8,16,128,hopfield,0.25,20,0.9,0.06653645833333334
exp02_noise_recovery,8,16,128,hopfield,0.3,20,0.70625,0.06653645833333334
exp02_noise_recovery,8,16,128,hopfield,0.35,20,0.51875,0.06653645833333334
exp02_noise_recovery,8,16,128,hopfield,0.4,20,0.253125,0.06653645833333334
exp02_noise_recovery,8,16,256,nearest,0.0,20,1.0,0.04680989583333333
exp02_noise_recovery,8,16,256,nearest,0.05,20,1.0,0.04680989583333333
exp02_noise_recovery,8,16,256,nearest,0.1,20,1.0,0.04680989583333333
exp02_noise_recovery,8,16,256,nearest,0.15,20,1.0,0.04680989583333333
exp02_noise_recovery,8,16,256,nearest,0.2,20,1.0,0.04680989583333333
exp02_noise_recovery,8,16,256,nearest,0.25,20,1.0,0.04680989583333333
exp02_noise_recovery,8,16,256,nearest,0.3,20,1.0,0.04680989583333333
exp02_noise_recovery,8,16,256,nearest,0.35,20,1.0,0.04680989583333333
exp02_noise_recovery,8,16,256,nearest,0.4,20,0.990625,0.04680989583333333
exp02_noise_recovery,8,16,256,hopfield,0.0,20,1.0,0.04680989583333333
exp02_noise_recovery,8,16,256,hopfield,0.05,20,1.0,0.04680989583333333
exp02_noise_recovery,8,16,256,hopfield,0.1,20,1.0,0.04680989583333333
exp02_noise_recovery,8,16,256,hopfield,0.15,20,1.0,0.04680989583333333
exp02_noise_recovery,8,16,256,hopfield,0.2,20,1.0,0.04680989583333333
exp02_noise_recovery,8,16,256,hopfield,0.25,20,1.0,0.04680989583333333
exp02_noise_recovery,8,16,256,hopfield,0.3,20,0.990625,0.04680989583333333
exp02_noise_recovery,8,16,256,hopfield,0.35,20,0.89375,0.04680989583333333
exp02_noise_recovery,8,16,256,hopfield,0.4,20,0.56875,0.04680989583333333
exp02_noise_recovery,8,16,512,nearest,0.0,20,1.0,0.038899739583333336
exp02_noise_recovery,8,16,512,nearest,0.05,20,1.0,0.038899739583333336
exp02_noise_recovery,8,16,512,nearest,0.1,20,1.0,0.038899739583333336
exp02_noise_recovery,8,16,512,nearest,0.15,20,1.0,0.038899739583333336
exp02_noise_recovery,8,16,512,nearest,0.2,20,1.0,0.038899739583333336
exp02_noise_recovery,8,16,512,nearest,0.25,20,1.0,0.038899739583333336
exp02_noise_recovery,8,16,512,nearest,0.3,20,1.0,0.038899739583333336
exp02_noise_recovery,8,16,512,nearest,0.35,20,1.0,0.038899739583333336
exp02_noise_recovery,8,16,512,nearest,0.4,20,1.0,0.038899739583333336
exp02_noise_recovery,8,16,512,hopfield,0.0,20,1.0,0.038899739583333336
exp02_noise_recovery,8,16,512,hopfield,0.05,20,1.0,0.038899739583333336
exp02_noise_recovery,8,16,512,hopfield,0.1,20,1.0,0.038899739583333336
exp02_noise_recovery,8,16,512,hopfield,0.15,20,1.0,0.038899739583333336
exp02_noise_recovery,8,16,512,hopfield,0.2,20,1.0,0.038899739583333336
exp02_noise_recovery,8,16,512,hopfield,0.25,20,1.0,0.038899739583333336
exp02_noise_recovery,8,16,512,hopfield,0.3,20,1.0,0.038899739583333336
exp02_noise_recovery,8,16,512,hopfield,0.35,20,1.0,0.038899739583333336
exp02_noise_recovery,8,16,512,hopfield,0.4,20,0.940625,0.038899739583333336
exp02_noise_recovery,8,32,64,nearest,0.0,20,1.0,0.09784526209677419
exp02_noise_recovery,8,32,64,nearest,0.05,20,1.0,0.09784526209677419
exp02_noise_recovery,8,32,64,nearest,0.1,20,1.0,0.09784526209677419
exp02_noise_recovery,8,32,64,nearest,0.15,20,1.0,0.09784526209677419
exp02_noise_recovery,8,32,64,nearest,0.2,20,1.0,0.09784526209677419
exp02_noise_recovery,8,32,64,nearest,0.25,20,0.9984375,0.09784526209677419
exp02_noise_recovery,8,32,64,nearest,0.3,20,0.9828125,0.09784526209677419
exp02_noise_recovery,8,32,64,nearest,0.35,20,0.83125,0.09784526209677419
exp02_noise_recovery,8,32,64,nearest,0.4,20,0.1234375,0.09784526209677419
exp02_noise_recovery,8,32,64,hopfield,0.0,20,0.78125,0.09784526209677419
exp02_noise_recovery,8,32,64,hopfield,0.05,20,0.6328125,0.09784526209677419
exp02_noise_recovery,8,32,64,hopfield,0.1,20,0.54375,0.09784526209677419
exp02_noise_recovery,8,32,64,hopfield,0.15,20,0.459375,0.09784526209677419
exp02_noise_recovery,8,32,64,hopfield,0.2,20,0.3734375,0.09784526209677419
exp02_noise_recovery,8,32,64,hopfield,0.25,20,0.334375,0.09784526209677419
exp02_noise_recovery,8,32,64,hopfield,0.3,20,0.215625,0.09784526209677419
exp02_noise_recovery,8,32,64,hopfield,0.35,20,0.1703125,0.09784526209677419
exp02_noise_recovery,8,32,64,hopfield,0.4,20,0.0734375,0.09784526209677419
exp02_noise_recovery,8,32,128,nearest,0.0,20,1.0,0.06914692540322581
exp02_noise_recovery,8,32,128,nearest,0.05,20,1.0,0.06914692540322581
exp02_noise_recovery,8,32,128,nearest,0.1,20,1.0,0.06914692540322581
exp02_noise_recovery,8,32,128,nearest,0.15,20,1.0,0.06914692540322581
exp02_noise_recovery,8,32,128,nearest,0.2,20,1.0,0.06914692540322581
exp02_noise_recovery,8,32,128,nearest,0.25,20,1.0,0.06914692540322581
exp02_noise_recovery,8,32,128,nearest,0.3,20,1.0,0.06914692540322581
exp02_noise_recovery,8,32,128,nearest,0.35,20,0.9921875,0.06914692540322581
exp02_noise_recovery,8,32,128,nearest,0.4,20,0.6953125,0.06914692540322581
exp02_noise_recovery,8,32,128,hopfield,0.0,20,0.75,0.06914692540322581
exp02_noise_recovery,8,32,128,hopfield,0.05,20,0.65,0.06914692540322581
exp02_noise_recovery,8,32,128,hopfield,0.1,20,0.5890625,0.06914692540322581
exp02_noise_recovery,8,32,128,hopfield,0.15,20,0.5640625,0.06914692540322581
exp02_noise_recovery,8,32,128,hopfield,0.2,20,0.4859375,0.06914692540322581
exp02_noise_recovery,8,32,128,hopfield,0.25,20,0.40625,0.06914692540322581
exp02_noise_recovery,8,32,128,hopfield,0.3,20,0.3015625,0.06914692540322581
exp02_noise_recovery,8,32,128,hopfield,0.35,20,0.1671875,0.06914692540322581
exp02_noise_recovery,8,32,128,hopfield,0.4,20,0.1171875,0.06914692540322581
exp02_noise_recovery,8,32,256,nearest,0.0,20,1.0,0.04994644657258065
exp02_noise_recovery,8,32,256,nearest,0.05,20,1.0,0.04994644657258065
exp02_noise_recovery,8,32,256,nearest,0.1,20,1.0,0.04994644657258065
exp02_noise_recovery,8,32,256,nearest,0.15,20,1.0,0.04994644657258065
exp02_noise_recovery,8,32,256,nearest,0.2,20,1.0,0.04994644657258065
exp02_noise_recovery,8,32,256,nearest,0.25,20,1.0,0.04994644657258065
exp02_noise_recovery,8,32,256,nearest,0.3,20,1.0,0.04994644657258065
exp02_noise_recovery,8,32,256,nearest,0.35,20,1.0,0.04994644657258065
exp02_noise_recovery,8,32,256,nearest,0.4,20,0.9828125,0.04994644657258065
exp02_noise_recovery,8,32,256,hopfield,0.0,20,1.0,0.04994644657258065
exp02_noise_recovery,8,32,256,hopfield,0.05,20,1.0,0.04994644657258065
exp02_noise_recovery,8,32,256,hopfield,0.1,20,0.99375,0.04994644657258065
exp02_noise_recovery,8,32,256,hopfield,0.15,20,0.984375,0.04994644657258065
exp02_noise_recovery,8,32,256,hopfield,0.2,20,0.940625,0.04994644657258065
exp02_noise_recovery,8,32,256,hopfield,0.25,20,0.8375,0.04994644657258065
exp02_noise_recovery,8,32,256,hopfield,0.3,20,0.6171875,0.04994644657258065
exp02_noise_recovery,8,32,256,hopfield,0.35,20,0.3796875,0.04994644657258065
exp02_noise_recovery,8,32,256,hopfield,0.4,20,0.2203125,0.04994644657258065
exp02_noise_recovery,8,32,512,nearest,0.0,20,1.0,0.036463583669354836
exp02_noise_recovery,8,32,512,nearest,0.05,20,1.0,0.036463583669354836
exp02_noise_recovery,8,32,512,nearest,0.1,20,1.0,0.036463583669354836
exp02_noise_recovery,8,32,512,nearest,0.15,20,1.0,0.036463583669354836
exp02_noise_recovery,8,32,512,nearest,0.2,20,1.0,0.036463583669354836
exp02_noise_recovery,8,32,512,nearest,0.25,20,1.0,0.036463583669354836
exp02_noise_recovery,8,32,512,nearest,0.3,20,1.0,0.036463583669354836
exp02_noise_recovery,8,32,512,nearest,0.35,20,1.0,0.036463583669354836
exp02_noise_recovery,8,32,512,nearest,0.4,20,1.0,0.036463583669354836
exp02_noise_recovery,8,32,512,hopfield,0.0,20,1.0,0.036463583669354836
exp02_noise_recovery,8,32,512,hopfield,0.05,20,1.0,0.036463583669354836
exp02_noise_recovery,8,32,512,hopfield,0.1,20,1.0,0.036463583669354836
exp02_noise_recovery,8,32,512,hopfield,0.15,20,1.0,0.036463583669354836
exp02_noise_recovery,8,32,512,hopfield,0.2,20,1.0,0.036463583669354836
exp02_noise_recovery,8,32,512,hopfield,0.25,20,1.0,0.036463583669354836
exp02_noise_recovery,8,32,512,hopfield,0.3,20,0.996875,0.036463583669354836
exp02_noise_recovery,8,32,512,hopfield,0.35,20,0.95625,0.036463583669354836
exp02_noise_recovery,8,32,512,hopfield,0.4,20,0.5796875,0.036463583669354836
exp02_noise_recovery,8,64,64,nearest,0.0,20,1.0,0.09931485615079365
exp02_noise_recovery,8,64,64,nearest,0.05,20,1.0,0.09931485615079365
exp02_noise_recovery,8,64,64,nearest,0.1,20,1.0,0.09931485615079365
exp02_noise_recovery,8,64,64,nearest,0.15,20,1.0,0.09931485615079365
exp02_noise_recovery,8,64,64,nearest,0.2,20,1.0,0.09931485615079365
exp02_noise_recovery,8,64,64,nearest,0.25,20,0.9984375,0.09931485615079365
exp02_noise_recovery,8,64,64,nearest,0.3,20,0.96328125,0.09931485615079365
exp02_noise_recovery,8,64,64,nearest,0.35,20,0.66875,0.09931485615079365
exp02_noise_recovery,8,64,64,nearest,0.4,20,0.01015625,0.09931485615079365
exp02_noise_recovery,8,64,64,hopfield,0.0,20,0.375,0.09931485615079365
exp02_noise_recovery,8,64,64,hopfield,0.05,20,0.3375,0.09931485615079365
exp02_noise_recovery,8,64,64,hopfield,0.1,20,0.29765625,0.09931485615079365
exp02_noise_recovery,8,64,64,hopfield,0.15,20,0.1984375,0.09931485615079365
exp02_noise_recovery,8,64,64,hopfield,0.2,20,0.15546875,0.09931485615079365
exp02_noise_recovery,8,64,64,hopfield,0.25,20,0.12890625,0.09931485615079365
exp02_noise_recovery,8,64,64,hopfield,0.3,20,0.07734375,0.09931485615079365
exp02_noise_recovery,8,64,64,hopfield,0.35,20,0.06171875,0.09931485615079365
exp02_noise_recovery,8,64,64,hopfield,0.4,20,0.0171875,0.09931485615079365
exp02_noise_recovery,8,64,128,nearest,0.0,20,1.0,0.07128131200396826
exp02_noise_recovery,8,64,128,nearest,0.05,20,1.0,0.07128131200396826
exp02_noise_recovery,8,64,128,nearest,0.1,20,1.0,0.07128131200396826
exp02_noise_recovery,8,64,128,nearest,0.15,20,1.0,0.07128131200396826
exp02_noise_recovery,8,64,128,nearest,0.2,20,1.0,0.07128131200396826
exp02_noise_recovery,8,64,128,nearest,0.25,20,1.0,0.07128131200396826
exp02_noise_recovery,8,64,128,nearest,0.3,20,0.99921875,0.07128131200396826
exp02_noise_recovery,8,64,128,nearest,0.35,20,0.97734375,0.07128131200396826
exp02_noise_recovery,8,64,128,nearest,0.4,20,0.503125,0.07128131200396826
exp02_noise_recovery,8,64,128,hopfield,0.0,20,0.4375,0.07128131200396826
exp02_noise_recovery,8,64,128,hopfield,0.05,20,0.38515625,0.07128131200396826
exp02_noise_recovery,8,64,128,hopfield,0.1,20,0.3625,0.07128131200396826
exp02_noise_recovery,8,64,128,hopfield,0.15,20,0.30078125,0.07128131200396826
exp02_noise_recovery,8,64,128,hopfield,0.2,20,0.25703125,0.07128131200396826
exp02_noise_recovery,8,64,128,hopfield,0.25,20,0.18359375,0.07128131200396826
exp02_noise_recovery,8,64,128,hopfield,0.3,20,0.1375,0.07128131200396826
exp02_noise_recovery,8,64,128,hopfield,0.35,20,0.090625,0.07128131200396826
exp02_noise_recovery,8,64,128,hopfield,0.4,20,0.059375,0.07128131200396826
exp02_noise_recovery,8,64,256,nearest,0.0,20,1.0,0.050835503472222224
exp02_noise_recovery,8,64,256,nearest,0.05,20,1.0,0.050835503472222224
exp02_noise_recovery,8,64,256,nearest,0.1,20,1.0,0.050835503472222224
exp02_noise_recovery,8,64,256,nearest,0.15,20,1.0,0.050835503472222224
exp02_noise_recovery,8,64,256,nearest,0.2,20,1.0,0.050835503472222224
exp02_noise_recovery,8,64,256,nearest,0.25,20,1.0,0.050835503472222224
exp02_noise_recovery,8,64,256,nearest,0.3,20,1.0,0.050835503472222224
exp02_noise_recovery,8,64,256,nearest,0.35,20,1.0,0.050835503472222224
exp02_noise_recovery,8,64,256,nearest,0.4,20,0.9640625,0.050835503472222224
exp02_noise_recovery,8,64,256,hopfield,0.0,20,0.609375,0.050835503472222224
exp02_noise_recovery,8,64,256,hopfield,0.05,20,0.6109375,0.050835503472222224
exp02_noise_recovery,8,64,256,hopfield,0.1,20,0.56171875,0.050835503472222224
exp02_noise_recovery,8,64,256,hopfield,0.15,20,0.56171875,0.050835503472222224
exp02_noise_recovery,8,64,256,hopfield,0.2,20,0.5046875,0.050835503472222224
exp02_noise_recovery,8,64,256,hopfield,0.25,20,0.4140625,0.050835503472222224
exp02_noise_recovery,8,64,256,hopfield,0.3,20,0.28984375,0.050835503472222224
exp02_noise_recovery,8,64,256,hopfield,0.35,20,0.17890625,0.050835503472222224
exp02_noise_recovery,8,64,256,hopfield,0.4,20,0.09921875,0.050835503472222224
exp02_noise_recovery,8,64,512,nearest,0.0,20,1.0,0.03597392733134921
exp02_noise_recovery,8,64,512,nearest,0.05,20,1.0,0.03597392733134921
exp02_noise_recovery,8,64,512,nearest,0.1,20,1.0,0.03597392733134921
exp02_noise_recovery,8,64,512,nearest,0.15,20,1.0,0.03597392733134921
exp02_noise_recovery,8,64,512,nearest,0.2,20,1.0,0.03597392733134921
exp02_noise_recovery,8,64,512,nearest,0.25,20,1.0,0.03597392733134921
exp02_noise_recovery,8,64,512,nearest,0.3,20,1.0,0.03597392733134921
exp02_noise_recovery,8,64,512,nearest,0.35,20,1.0,0.03597392733134921
exp02_noise_recovery,8,64,512,nearest,0.4,20,1.0,0.03597392733134921
exp02_noise_recovery,8,64,512,hopfield,0.0,20,1.0,0.03597392733134921
exp02_noise_recovery,8,64,512,hopfield,0.05,20,1.0,0.03597392733134921
exp02_noise_recovery,8,64,512,hopfield,0.1,20,1.0,0.03597392733134921
exp02_noise_recovery,8,64,512,hopfield,0.15,20,0.99921875,0.03597392733134921
exp02_noise_recovery,8,64,512,hopfield,0.2,20,0.990625,0.03597392733134921
exp02_noise_recovery,8,64,512,hopfield,0.25,20,0.946875,0.03597392733134921
exp02_noise_recovery,8,64,512,hopfield,0.3,20,0.77890625,0.03597392733134921
exp02_noise_recovery,8,64,512,hopfield,0.35,20,0.51640625,0.03597392733134921
exp02_noise_recovery,8,64,512,hopfield,0.4,20,0.23359375,0.03597392733134921
exp02_noise_recovery,9,8,64,nearest,0.0,20,1.0,0.12723214285714285
exp02_noise_recovery,9,8,64,nearest,0.05,20,1.0,0.12723214285714285
exp02_noise_recovery,9,8,64,nearest,0.1,20,1.0,0.12723214285714285
exp02_noise_recovery,9,8,64,nearest,0.15,20,1.0,0.12723214285714285
exp02_noise_recovery,9,8,64,nearest,0.2,20,1.0,0.12723214285714285
exp02_noise_recovery,9,8,64,nearest,0.25,20,1.0,0.12723214285714285
exp02_noise_recovery,9,8,64,nearest,0.3,20,1.0,0.12723214285714285
exp02_noise_recovery,9,8,64,nearest,0.35,20,0.94375,0.12723214285714285
exp02_noise_recovery,9,8,64,nearest,0.4,20,0.63125,0.12723214285714285
exp02_noise_recovery,9,8,64,hopfield,0.0,20,1.0,0.12723214285714285
exp02_noise_recovery,9,8,64,hopfield,0.05,20,0.9875,0.12723214285714285
exp02_noise_recovery,9,8,64,hopfield,0.1,20,0.96875,0.12723214285714285
exp02_noise_recovery,9,8,64,hopfield,0.15,20,0.925,0.12723214285714285
exp02_noise_recovery,9,8,64,hopfield,0.2,20,0.7875,0.12723214285714285
exp02_noise_recovery,9,8,64,hopfield,0.25,20,0.7875,0.12723214285714285
exp02_noise_recovery,9,8,64,hopfield,0.3,20,0.59375,0.12723214285714285
exp02_noise_recovery,9,8,64,hopfield,0.35,20,0.5125,0.12723214285714285
exp02_noise_recovery,9,8,64,hopfield,0.4,20,0.33125,0.12723214285714285
exp02_noise_recovery,9,8,128,nearest,0.0,20,1.0,0.05915178571428571
exp02_noise_recovery,9,8,128,nearest,0.05,20,1.0,0.05915178571428571
exp02_noise_recovery,9,8,128,nearest,0.1,20,1.0,0.05915178571428571
exp02_noise_recovery,9,8,128,nearest,0.15,20,1.0,0.05915178571428571
exp02_noise_recovery,9,8,128,nearest,0.2,20,1.0,0.05915178571428571
exp02_noise_recovery,9,8,128,nearest,0.25,20,1.0,0.05915178571428571
exp02_noise_recovery,9,8,128,nearest,0.3,20,1.0,0.05915178571428571
exp02_noise_recovery,9,8,128,nearest,0.35,20,1.0,0.05915178571428571
exp02_noise_recovery,9,8,128,nearest,0.4,20,0.9625,0.05915178571428571
exp02_noise_recovery,9,8,128,hopfield,0.0,20,1.0,0.05915178571428571
exp02_noise_recovery,9,8,128,hopfield,0.05,20,1.0,0.05915178571428571
exp02_noise_recovery,9,8,128,hopfield,0.1,20,1.0,0.05915178571428571
exp02_noise_recovery,9,8,128,hopfield,0.15,20,1.0,0.05915178571428571
exp02_noise_recovery,9,8,128,hopfield,0.2,20,1.0,0.05915178571428571
exp02_noise_recovery,9,8,128,hopfield,0.25,20,0.99375,0.05915178571428571
exp02_noise_recovery,9,8,128,hopfield,0.3,20,0.96875,0.05915178571428571
exp02_noise_recovery,9,8,128,hopfield,0.35,20,0.8875,0.05915178571428571
exp02_noise_recovery,9,8,128,hopfield,0.4,20,0.6,0.05915178571428571
exp02_noise_recovery,9,8,256,nearest,0.0,20,1.0,0.05719866071428571
exp02_noise_recovery,9,8,256,nearest,0.05,20,1.0,0.05719866071428571
exp02_noise_recovery,9,8,256,nearest,0.1,20,1.0,0.05719866071428571
exp02_noise_recovery,9,8,256,nearest,0.15,20,1.0,0.05719866071428571
exp02_noise_recovery,9,8,256,nearest,0.2,20,1.0,0.05719866071428571
exp02_noise_recovery,9,8,256,nearest,0.25,20,1.0,0.05719866071428571
exp02_noise_recovery,9,8,256,nearest,0.3,20,1.0,0.05719866071428571
exp02_noise_recovery,9,8,256,nearest,0.35,20,1.0,0.05719866071428571
exp02_noise_recovery,9,8,256,nearest,0.4,20,0.99375,0.05719866071428571
exp02_noise_recovery,9,8,256,hopfield,0.0,20,1.0,0.05719866071428571
exp02_noise_recovery,9,8,256,hopfield,0.05,20,1.0,0.05719866071428571
exp02_noise_recovery,9,8,256,hopfield,0.1,20,1.0,0.05719866071428571
exp02_noise_recovery,9,8,256,hopfield,0.15,20,1.0,0.05719866071428571
exp02_noise_recovery,9,8,256,hopfield,0.2,20,1.0,0.05719866071428571
exp02_noise_recovery,9,8,256,hopfield,0.25,20,1.0,0.05719866071428571
exp02_noise_recovery,9,8,256,hopfield,0.3,20,1.0,0.05719866071428571
exp02_noise_recovery,9,8,256,hopfield,0.35,20,0.975,0.05719866071428571
exp02_noise_recovery,9,8,256,hopfield,0.4,20,0.83125,0.05719866071428571
exp02_noise_recovery,9,8,512,nearest,0.0,20,1.0,0.031947544642857144
exp02_noise_recovery,9,8,512,nearest,0.05,20,1.0,0.031947544642857144
exp02_noise_recovery,9,8,512,nearest,0.1,20,1.0,0.031947544642857144
exp02_noise_recovery,9,8,512,nearest,0.15,20,1.0,0.031947544642857144
exp02_noise_recovery,9,8,512,nearest,0.2,20,1.0,0.031947544642857144
exp02_noise_recovery,9,8,512,nearest,0.25,20,1.0,0.031947544642857144
exp02_noise_recovery,9,8,512,nearest,0.3,20,1.0,0.031947544642857144
exp02_noise_recovery,9,8,512,nearest,0.35,20,1.0,0.031947544642857144
exp02_noise_recovery,9,8,512,nearest,0.4,20,1.0,0.031947544642857144
exp02_noise_recovery,9,8,512,hopfield,0.0,20,1.0,0.031947544642857144
exp02_noise_recovery,9,8,512,hopfield,0.05,20,1.0,0.031947544642857144
exp02_noise_recovery,9,8,512,hopfield,0.1,20,1.0,0.031947544642857144
exp02_noise_recovery,9,8,512,hopfield,0.15,20,1.0,0.031947544642857144
exp02_noise_recovery,9,8,512,hopfield,0.2,20,1.0,0.031947544642857144
exp02_noise_recovery,9,8,512,hopfield,0.25,20,1.0,0.031947544642857144
exp02_noise_recovery,9,8,512,hopfield,0.3,20,1.0,0.031947544642857144
exp02_noise_recovery,9,8,512,hopfield,0.35,20,1.0,0.031947544642857144
exp02_noise_recovery,9,8,512,hopfield,0.4,20,1.0,0.031947544642857144
exp02_noise_recovery,9,16,64,nearest,0.0,20,1.0,0.1015625
exp02_noise_recovery,9,16,64,nearest,0.05,20,1.0,0.1015625
exp02_noise_recovery,9,16,64,nearest,0.1,20,1.0,0.1015625
exp02_noise_recovery,9,16,64,nearest,0.15,20,1.0,0.1015625
exp02_noise_recovery,9,16,64,nearest,0.2,20,1.0,0.1015625
exp02_noise_recovery,9,16,64,nearest,0.25,20,1.0,0.1015625
exp02_noise_recovery,9,16,64,nearest,0.3,20,0.99375,0.1015625
exp02_noise_recovery,9,16,64,nearest,0.35,20,0.9125,0.1015625
exp02_noise_recovery,9,16,64,nearest,0.4,20,0.33125,0.1015625
exp02_noise_recovery,9,16,64,hopfield,0.0,20,0.625,0.1015625
exp02_noise_recovery,9,16,64,hopfield,0.05,20,0.51875,0.1015625
exp02_noise_recovery,9,16,64,hopfield,0.1,20,0.421875,0.1015625
exp02_noise_recovery,9,16,64,hopfield,0.15,20,0.290625,0.1015625
exp02_noise_recovery,9,16,64,hopfield,0.2,20,0.23125,0.1015625
exp02_noise_recovery,9,16,64,hopfield,0.25,20,0.1875,0.1015625
exp02_noise_recovery,9,16,64,hopfield,0.3,20,0.15625,0.1015625
exp02_noise_recovery,9,16,64,hopfield,0.35,20,0.128125,0.1015625
exp02_noise_recovery,9,16,64,hopfield,0.4,20,0.103125,0.1015625
exp02_noise_recovery,9,16,128,nearest,0.0,20,1.0,0.069140625
exp02_noise_recovery,9,16,128,nearest,0.05,20,1.0,0.069140625
exp02_noise_recovery,9,16,128,nearest,0.1,20,1.0,0.069140625
exp02_noise_recovery,9,16,128,nearest,0.15,20,1.0,0.069140625
exp02_noise_recovery,9,16,128,nearest,0.2,20,1.0,0.069140625
exp02_noise_recovery,9,16,128,nearest,0.25,20,1.0,0.069140625
exp02_noise_recovery,9,16,128,nearest,0.3,20,1.0,0.069140625
exp02_noise_recovery,9,16,128,nearest,0.35,20,0.996875,0.069140625
exp02_noise_recovery,9,16,128,nearest,0.4,20,0.853125,0.069140625
exp02_noise_recovery,9,16,128,hopfield,0.0,20,1.0,0.069140625
exp02_noise_recovery,9,16,128,hopfield,0.05,20,0.971875,0.069140625
exp02_noise_recovery,9,16,128,hopfield,0.1,20,0.95625,0.069140625
exp02_noise_recovery,9,16,128,hopfield,0.15,20,0.940625,0.069140625
exp02_noise_recovery,9,16,128,hopfield,0.2,20,0.871875,0.069140625
exp02_noise_recovery,9,16,128,hopfield,0.25,20,0.76875,0.069140625
exp02_noise_recovery,9,16,128,hopfield,0.3,20,0.590625,0.069140625
exp02_noise_recovery,9,16,128,hopfield,0.35,20,0.34375,0.069140625
exp02_noise_recovery,9,16,128,hopfield,0.4,20,0.221875,0.069140625
exp02_noise_recovery,9,16,256,nearest,0.0,20,1.0,0.048502604166666664
exp02_noise_recovery,9,16,256,nearest,0.05,20,1.0,0.048502604166666664
exp02_noise_recovery,9,16,256,nearest,0.1,20,1.0,0.048502604166666664
exp02_noise_recovery,9,16,256,nearest,0.15,20,1.0,0.048502604166666664
exp02_noise_recovery,9,16,256,nearest,0.2,20,1.0,0.048502604166666664
exp02_noise_recovery,9,16,256,nearest,0.25,20,1.0,0.048502604166666664
exp02_noise_recovery,9,16,256,nearest,0.3,20,1.0,0.048502604166666664
exp02_noise_recovery,9,16,256,nearest,0.35,20,1.0,0.048502604166666664
exp02_noise_recovery,9,16,256,nearest,0.4,20,0.98125,0.048502604166666664
exp02_noise_recovery,9,16,256,hopfield,0.0,20,1.0,0.048502604166666664
exp02_noise_recovery,9,16,256,hopfield,0.05,20,1.0,0.048502604166666664
exp02_noise_recovery,9,16,256,hopfield,0.1,20,1.0,0.048502604166666664
exp02_noise_recovery,9,16,256,hopfield,0.15,20,1.0,0.048502604166666664
exp02_noise_recovery,9,16,256,hopfield,0.2,20,1.0,0.048502604166666664
exp02_noise_recovery,9,16,256,hopfield,0.25,20,1.0,0.048502604166666664
exp02_noise_recovery,9,16,256,hopfield,0.3,20,0.975,0.048502604166666664
exp02_noise_recovery,9,16,256,hopfield,0.35,20,0.815625,0.048502604166666664
exp02_noise_recovery,9,16,256,hopfield,0.4,20,0.465625,0.048502604166666664
exp02_noise_recovery,9,16,512,nearest,0.0,20,1.0,0.03131510416666667
exp02_noise_recovery,9,16,512,nearest,0.05,20,1.0,0.03131510416666667
exp02_noise_recovery,9,16,512,nearest,0.1,20,1.0,0.03131510416666667
exp02_noise_recovery,9,16,512,nearest,0.15,20,1.0,0.03131510416666667
exp02_noise_recovery,9,16,512,nearest,0.2,20,1.0,0.03131510416666667
exp02_noise_recovery,9,16,512,nearest,0.25,20,1.0,0.03131510416666667
exp02_noise_recovery,9,16,512,nearest,0.3,20,1.0,0.03131510416666667
exp02_noise_recovery,9,16,512,nearest,0.35,20,1.0,0.03131510416666667
exp02_noise_recovery,9,16,512,nearest,0.4,20,1.0,0.03131510416666667
exp02_noise_recovery,9,16,512,hopfield,0.0,20,1.0,0.03131510416666667
exp02_noise_recovery,9,16,512,hopfield,0.05,20,1.0,0.03131510416666667
exp02_noise_recovery,9,16,512,hopfield,0.1,20,1.0,0.03131510416666667
exp02_noise_recovery,9,16,512,hopfield,0.15,20,1.0,0.03131510416666667
exp02_noise_recovery,9,16,512,hopfield,0.2,20,1.0,0.03131510416666667
exp02_noise_recovery,9,16,512,hopfield,0.25,20,1.0,0.03131510416666667
exp02_noise_recovery,9,16,512,hopfield,0.3,20,1.0,0.03131510416666667
exp02_noise_recovery,9,16,512,hopfield,0.35,20,1.0,0.03131510416666667
exp02_noise_recovery,9,16,512,hopfield,0.4,20,0.975,0.03131510416666667
exp02_noise_recovery,9,32,64,nearest,0.0,20,1.0,0.10212953629032258
exp02_noise_recovery,9,32,64,nearest,0.05,20,1.0,0.10212953629032258
exp02_noise_recovery,9,32,64,nearest,0.1,20,1.0,0.10212953629032258
exp02_noise_recovery,9,32,64,nearest,0.15,20,1.0,0.10212953629032258
exp02_noise_recovery,9,32,64,nearest,0.2,20,1.0,0.10212953629032258
exp02_noise_recovery,9,32,64,nearest,0.25,20,0.9984375,0.10212953629032258
exp02_noise_recovery,9,32,64,nearest,0.3,20,0.978125,0.10212953629032258
exp02_noise_recovery,9,32,64,nearest,0.35,20,0.796875,0.10212953629032258
exp02_noise_recovery,9,32,64,nearest,0.4,20,0.1078125,0.10212953629032258
exp02_noise_recovery,9,32,64,hopfield,0.0,20,0.15625,0.10212953629032258
exp02_noise_recovery,9,32,64,hopfield,0.05,20,0.14375,0.10212953629032258
exp02_noise_recovery,9,32,64,hopfield,0.1,20,0.1578125,0.10212953629032258
exp02_noise_recovery,9,32,64,hopfield,0.15,20,0.140625,0.10212953629032258
exp02_noise_recovery,9,32,64,hopfield,0.2,20,0.1359375,0.10212953629032258
exp02_noise_recovery,9,32,64,hopfield,0.25,20,0.1125,0.10212953629032258
exp02_noise_recovery,9,32,64,hopfield,0.3,20,0.121875,0.10212953629032258
exp02_noise_recovery,9,32,64,hopfield,0.35,20,0.08125,0.10212953629032258
exp02_noise_recovery,9,32,64,hopfield,0.4,20,0.0703125,0.10212953629032258
exp02_noise_recovery,9,32,128,nearest,0.0,20,1.0,0.0684538810483871
exp02_noise_recovery,9,32,128,nearest,0.05,20,1.0,0.0684538810483871
exp02_noise_recovery,9,32,128,nearest,0.1,20,1.0,0.0684538810483871
exp02_noise_recovery,9,32,128,nearest,0.15,20,1.0,0.0684538810483871
exp02_noise_recovery,9,32,128,nearest,0.2,20,1.0,0.0684538810483871
exp02_noise_recovery,9,32,128,nearest,0.25,20,1.0,0.0684538810483871
exp02_noise_recovery,9,32,128,nearest,0.3,20,1.0,0.0684538810483871
exp02_noise_recovery,9,32,128,nearest,0.35,20,0.9859375,0.0684538810483871
exp02_noise_recovery,9,32,128,nearest,0.4,20,0.7203125,0.0684538810483871
exp02_noise_recovery,9,32,128,hopfield,0.0,20,0.65625,0.0684538810483871
exp02_noise_recovery,9,32,128,hopfield,0.05,20,0.5796875,0.0684538810483871
exp02_noise_recovery,9,32,128,hopfield,0.1,20,0.534375,0.0684538810483871
exp02_noise_recovery,9,32,128,hopfield,0.15,20,0.4921875,0.0684538810483871
exp02_noise_recovery,9,32,128,hopfield,0.2,20,0.421875,0.0684538810483871
exp02_noise_recovery,9,32,128,hopfield,0.25,20,0.3484375,0.0684538810483871
exp02_noise_recovery,9,32,128,hopfield,0.3,20,0.2671875,0.0684538810483871
exp02_noise_recovery,9,32,128,hopfield,0.35,20,0.16875,0.0684538810483871
exp02_noise_recovery,9,32,128,hopfield,0.4,20,0.1109375,0.0684538810483871
exp02_noise_recovery,9,32,256,nearest,0.0,20,1.0,0.050875756048387094
exp02_noise_recovery,9,32,256,nearest,0.05,20,1.0,0.050875756048387094
exp02_noise_recovery,9,32,256,nearest,0.1,20,1.0,0.050875756048387094
exp02_noise_recovery,9,32,256,nearest,0.15,20,1.0,0.050875756048387094
exp02_noise_recovery,9,32,256,nearest,0.2,20,1.0,0.050875756048387094
exp02_noise_recovery,9,32,256,nearest,0.25,20,1.0,0.050875756048387094
exp02_noise_recovery,9,32,256,nearest,0.3,20,1.0,0.050875756048387094
exp02_noise_recovery,9,32,256,nearest,0.35,20,1.0,0.050875756048387094
exp02_noise_recovery,9,32,256,nearest,0.4,20,0.9828125,0.050875756048387094
exp02_noise_recovery,9,32,256,hopfield,0.0,20,0.96875,0.050875756048387094
exp02_noise_recovery,9,32,256,hopfield,0.05,20,0.9625,0.050875756048387094
exp02_noise_recovery,9,32,256,hopfield,0.1,20,0.9375,0.050875756048387094
exp02_noise_recovery,9,32,256,hopfield,0.15,20,0.93125,0.050875756048387094
exp02_noise_recovery,9,32,256,hopfield,0.2,20,0.9109375,0.050875756048387094
exp02_noise_recovery,9,32,256,hopfield,0.25,20,0.7984375,0.050875756048387094
exp02_noise_recovery,9,32,256,hopfield,0.3,20,0.615625,0.050875756048387094
exp02_noise_recovery,9,32,256,hopfield,0.35,20,0.3875,0.050875756048387094
exp02_noise_recovery,9,32,256,hopfield,0.4,20,0.2078125,0.050875756048387094
exp02_noise_recovery,9,32,512,nearest,0.0,20,1.0,0.03428206905241935
exp02_noise_recovery,9,32,512,nearest,0.05,20,1.0,0.03428206905241935
exp02_noise_recovery,9,32,512,nearest,0.1,20,1.0,0.03428206905241935
exp02_noise_recovery,9,32,512,nearest,0.15,20,1.0,0.03428206905241935
exp02_noise_recovery,9,32,512,nearest,0.2,20,1.0,0.03428206905241935
exp02_noise_recovery,9,32,512,nearest,0.25,20,1.0,0.03428206905241935
exp02_noise_recovery,9,32,512,nearest,0.3,20,1.0,0.03428206905241935
exp02_noise_recovery,9,32,512,nearest,0.35,20,1.0,0.03428206905241935
exp02_noise_recovery,9,32,512,nearest,0.4,20,1.0,0.03428206905241935
exp02_noise_recovery,9,32,512,hopfield,0.0,20,1.0,0.03428206905241935
exp02_noise_recovery,9,32,512,hopfield,0.05,20,1.0,0.03428206905241935
exp02_noise_recovery,9,32,512,hopfield,0.1,20,1.0,0.03428206905241935
exp02_noise_recovery,9,32,512,hopfield,0.15,20,1.0,0.03428206905241935
exp02_noise_recovery,9,32,512,hopfield,0.2,20,1.0,0.03428206905241935
exp02_noise_recovery,9,32,512,hopfield,0.25,20,1.0,0.03428206905241935
exp02_noise_recovery,9,32,512,hopfield,0.3,20,1.0,0.03428206905241935
exp02_noise_recovery,9,32,512,hopfield,0.35,20,0.98125,0.03428206905241935
exp02_noise_recovery,9,32,512,hopfield,0.4,20,0.640625,0.03428206905241935
exp02_noise_recovery,9,64,64,nearest,0.0,20,1.0,0.09919084821428571
exp02_noise_recovery,9,64,64,nearest,0.05,20,1.0,0.09919084821428571
exp02_noise_recovery,9,64,64,nearest,0.1,20,1.0,0.09919084821428571
exp02_noise_recovery,9,64,64,nearest,0.15,20,1.0,0.09919084821428571
exp02_noise_recovery,9,64,64,nearest,0.2,20,1.0,0.09919084821428571
exp02_noise_recovery,9,64,64,nearest,0.25,20,0.9953125,0.09919084821428571
exp02_noise_recovery,9,64,64,nearest,0.3,20,0.95859375,0.09919084821428571
exp02_noise_recovery,9,64,64,nearest,0.35,20,0.66953125,0.09919084821428571
exp02_noise_recovery,9,64,64,nearest,0.4,20,0.01015625,0.09919084821428571
exp02_noise_recovery,9,64,64,hopfield,0.0,20,0.21875,0.09919084821428571
exp02_noise_recovery,9,64,64,hopfield,0.05,20,0.18515625,0.09919084821428571
exp02_noise_recovery,9,64,64,hopfield,0.1,20,0.15546875,0.09919084821428571
exp02_noise_recovery,9,64,64,hopfield,0.15,20,0.128125,0.09919084821428571
exp02_noise_recovery,9,64,64,hopfield,0.2,20,0.08828125,0.09919084821428571
exp02_noise_recovery,9,64,64,hopfield,0.25,20,0.08515625,0.09919084821428571
exp02_noise_recovery,9,64,64,hopfield,0.3,20,0.059375,0.09919084821428571
exp02_noise_recovery,9,64,64,hopfield,0.35,20,0.05234375,0.09919084821428571
exp02_noise_recovery,9,64,64,hopfield,0.4,20,0.02734375,0.09919084821428571
exp02_noise_recovery,9,64,128,nearest,0.0,20,1.0,0.07035900297619048
exp02_noise_recovery,9,64,128,nearest,0.05,20,1.0,0.07035900297619048
exp02_noise_recovery,9,64,128,nearest,0.1,20,1.0,0.07035900297619048
exp02_noise_recovery,9,64,128,nearest,0.15,20,1.0,0.07035900297619048
exp02_noise_recovery,9,64,128,nearest,0.2,20,1.0,0.07035900297619048
exp02_noise_recovery,9,64,128,nearest,0.25,20,1.0,0.07035900297619048
exp02_noise_recovery,9,64,128,nearest,0.3,20,1.0,0.07035900297619048
exp02_noise_recovery,9,64,128,nearest,0.35,20,0.97109375,0.07035900297619048
exp02_noise_recovery,9,64,128,nearest,0.4,20,0.52265625,0.07035900297619048
exp02_noise_recovery,9,64,128,hopfield,0.0,20,0.484375,0.07035900297619048
exp02_noise_recovery,9,64,128,hopfield,0.05,20,0.46875,0.07035900297619048
exp02_noise_recovery,9,64,128,hopfield,0.1,20,0.4359375,0.07035900297619048
exp02_noise_recovery,9,64,128,hopfield,0.15,20,0.40703125,0.07035900297619048
exp02_noise_recovery,9,64,128,hopfield,0.2,20,0.334375,0.07035900297619048
exp02_noise_recovery,9,64,128,hopfield,0.25,20,0.25,0.07035900297619048
exp02_noise_recovery,9,64,128,hopfield,0.3,20,0.165625,0.07035900297619048
exp02_noise_recovery,9,64,128,hopfield,0.35,20,0.103125,0.07035900297619048
exp02_noise_recovery,9,64,128,hopfield,0.4,20,0.0671875,0.07035900297619048
exp02_noise_recovery,9,64,256,nearest,0.0,20,1.0,0.050366598462301584
exp02_noise_recovery,9,64,256,nearest,0.05,20,1.0,0.050366598462301584
exp02_noise_recovery,9,64,256,nearest,0.1,20,1.0,0.050366598462301584
exp02_noise_recovery,9,64,256,nearest,0.15,20,1.0,0.050366598462301584
exp02_noise_recovery,9,64,256,nearest,0.2,20,1.0,0.050366598462301584
exp02_noise_recovery,9,64,256,nearest,0.25,20,1.0,0.050366598462301584
exp02_noise_recovery,9,64,256,nearest,0.3,20,1.0,0.050366598462301584
exp02_noise_recovery,9,64,256,nearest,0.35,20,1.0,0.050366598462301584
exp02_noise_recovery,9,64,256,nearest,0.4,20,0.96171875,0.050366598462301584
exp02_noise_recovery,9,64,256,hopfield,0.0,20,0.625,0.050366598462301584
exp02_noise_recovery,9,64,256,hopfield,0.05,20,0.5734375,0.050366598462301584
exp02_noise_recovery,9,64,256,hopfield,0.1,20,0.5671875,0.050366598462301584
exp02_noise_recovery,9,64,256,hopfield,0.15,20,0.5234375,0.050366598462301584
exp02_noise_recovery,9,64,256,hopfield,0.2,20,0.48984375,0.050366598462301584
exp02_noise_recovery,9,64,256,hopfield,0.25,20,0.4109375,0.050366598462301584
exp02_noise_recovery,9,64,256,hopfield,0.3,20,0.29921875,0.050366598462301584
exp02_noise_recovery,9,64,256,hopfield,0.35,20,0.17109375,0.050366598462301584
exp02_noise_recovery,9,64,256,hopfield,0.4,20,0.0875,0.050366598462301584
exp02_noise_recovery,9,64,512,nearest,0.0,20,1.0,0.0349547371031746
exp02_noise_recovery,9,64,512,nearest,0.05,20,1.0,0.0349547371031746
exp02_noise_recovery,9,64,512,nearest,0.1,20,1.0,0.0349547371031746
exp02_noise_recovery,9,64,512,nearest,0.15,20,1.0,0.0349547371031746
exp02_noise_recovery,9,64,512,nearest,0.2,20,1.0,0.0349547371031746
exp02_noise_recovery,9,64,512,nearest,0.25,20,1.0,0.0349547371031746
exp02_noise_recovery,9,64,512,nearest,0.3,20,1.0,0.0349547371031746
exp02_noise_recovery,9,64,512,nearest,0.35,20,1.0,0.0349547371031746
exp02_noise_recovery,9,64,512,nearest,0.4,20,1.0,0.0349547371031746
exp02_noise_recovery,9,64,512,hopfield,0.0,20,1.0,0.0349547371031746
exp02_noise_recovery,9,64,512,hopfield,0.05,20,0.99921875,0.0349547371031746
exp02_noise_recovery,9,64,512,hopfield,0.1,20,1.0,0.0349547371031746
exp02_noise_recovery,9,64,512,hopfield,0.15,20,0.9921875,0.0349547371031746
exp02_noise_recovery,9,64,512,hopfield,0.2,20,0.97890625,0.0349547371031746
exp02_noise_recovery,9,64,512,hopfield,0.25,20,0.91875,0.0349547371031746
exp02_noise_recovery,9,64,512,hopfield,0.3,20,0.7296875,0.0349547371031746
exp02_noise_recovery,9,64,512,hopfield,0.35,20,0.465625,0.0349547371031746
exp02_noise_recovery,9,64,512,hopfield,0.4,20,0.196875,0.0349547371031746
