summary_type,regime,feature_mode,register_type,output_mode,count,test_string_accuracy_mean,test_string_accuracy_std,test_string_accuracy_sem,test_string_accuracy_min,test_string_accuracy_median,test_string_accuracy_max,hidden_dim,write_fraction,unwritten_mode,test_string_accuracy,length_generalization_accuracy_mean,length_generalization_accuracy_std,length_generalization_accuracy_sem,length_generalization_accuracy_min,length_generalization_accuracy_median,length_generalization_accuracy_max,length_generalization_accuracy,transition_accuracy_autonomous_mean,transition_accuracy_autonomous_std,transition_accuracy_autonomous_sem,transition_accuracy_autonomous_min,transition_accuracy_autonomous_median,transition_accuracy_autonomous_max,transition_accuracy_autonomous,grammar_name,length,transition_coverage_train,topk_k,masked_topk_accuracy_mean,masked_topk_accuracy_std,masked_topk_accuracy_sem,masked_topk_accuracy_min,masked_topk_accuracy_median,masked_topk_accuracy_max,masked_topk_accuracy,seen_transition_accuracy_mean,seen_transition_accuracy_std,seen_transition_accuracy_sem,seen_transition_accuracy_min,seen_transition_accuracy_median,seen_transition_accuracy_max,seen_transition_accuracy,unseen_transition_accuracy_mean,unseen_transition_accuracy_std,unseen_transition_accuracy_sem,unseen_transition_accuracy_min,unseen_transition_accuracy_median,unseen_transition_accuracy_max,unseen_transition_accuracy
overall_by_model,full_transition_exposure,exact_pair,hopfield,dense,280,0.9694547619047618,0.1195736133163839,0.007145890177861503,0.5,1.0,1.0,,,,,,,,,,,,,,,,,,,,,,,,,,,,,,,,,,,,,,,,,,,
overall_by_model,full_transition_exposure,exact_pair,hopfield,sparse_topk,840,0.8297380952380953,0.23014399327059168,0.007940722172277693,0.4846666666666667,1.0,1.0,,,,,,,,,,,,,,,,,,,,,,,,,,,,,,,,,,,,,,,,,,,
overall_by_model,full_transition_exposure,exact_pair,nearest,dense,280,0.9675273809523812,0.1228079936719224,0.007339181374581941,0.5,1.0,1.0,,,,,,,,,,,,,,,,,,,,,,,,,,,,,,,,,,,,,,,,,,,
overall_by_model,full_transition_exposure,exact_pair,nearest,sparse_topk,840,0.8324690476190476,0.2305849421404917,0.00795593635370514,0.4943333333333333,1.0,1.0,,,,,,,,,,,,,,,,,,,,,,,,,,,,,,,,,,,,,,,,,,,
overall_by_model,full_transition_exposure,hashed_pair,hopfield,dense,1120,0.885776488095238,0.19307471517195837,0.005769210582815349,0.4346666666666666,1.0,1.0,,,,,,,,,,,,,,,,,,,,,,,,,,,,,,,,,,,,,,,,,,,
overall_by_model,full_transition_exposure,hashed_pair,nearest,dense,1120,0.8845175595238095,0.19384991868269147,0.005792374218167465,0.4346666666666666,1.0,1.0,,,,,,,,,,,,,,,,,,,,,,,,,,,,,,,,,,,,,,,,,,,
variant_test_accuracy,full_transition_exposure,exact_pair,hopfield,dense,40,1.0,0.0,0.0,1.0,1.0,1.0,4.0,1.0,random_noise,1.0,,,,,,,,,,,,,,,,,,,,,,,,,,,,,,,,,,,,,,,
variant_test_accuracy,full_transition_exposure,exact_pair,hopfield,sparse_topk,40,1.0,0.0,0.0,1.0,1.0,1.0,4.0,0.3,random_noise,1.0,,,,,,,,,,,,,,,,,,,,,,,,,,,,,,,,,,,,,,,
variant_test_accuracy,full_transition_exposure,exact_pair,hopfield,sparse_topk,40,0.6876,0.24506688661950826,0.0387484770401944,0.5,0.5001666666666666,1.0,4.0,0.5,keep_current,0.6876,,,,,,,,,,,,,,,,,,,,,,,,,,,,,,,,,,,,,,,
variant_test_accuracy,full_transition_exposure,exact_pair,hopfield,sparse_topk,40,1.0,0.0,0.0,1.0,1.0,1.0,4.0,0.5,random_noise,1.0,,,,,,,,,,,,,,,,,,,,,,,,,,,,,,,,,,,,,,,
variant_test_accuracy,full_transition_exposure,exact_pair,nearest,dense,40,1.0,0.0,0.0,1.0,1.0,1.0,4.0,1.0,random_noise,1.0,,,,,,,,,,,,,,,,,,,,,,,,,,,,,,,,,,,,,,,
variant_test_accuracy,full_transition_exposure,exact_pair,nearest,sparse_topk,40,1.0,0.0,0.0,1.0,1.0,1.0,4.0,0.3,random_noise,1.0,,,,,,,,,,,,,,,,,,,,,,,,,,,,,,,,,,,,,,,
variant_test_accuracy,full_transition_exposure,exact_pair,nearest,sparse_topk,40,0.6625916666666667,0.23710654303348053,0.03748983620572639,0.5,0.5,1.0,4.0,0.5,keep_current,0.6625916666666667,,,,,,,,,,,,,,,,,,,,,,,,,,,,,,,,,,,,,,,
variant_test_accuracy,full_transition_exposure,exact_pair,nearest,sparse_topk,40,1.0,0.0,0.0,1.0,1.0,1.0,4.0,0.5,random_noise,1.0,,,,,,,,,,,,,,,,,,,,,,,,,,,,,,,,,,,,,,,
variant_test_accuracy,full_transition_exposure,exact_pair,hopfield,dense,100,1.0,0.0,0.0,1.0,1.0,1.0,6.0,1.0,random_noise,1.0,,,,,,,,,,,,,,,,,,,,,,,,,,,,,,,,,,,,,,,
variant_test_accuracy,full_transition_exposure,exact_pair,hopfield,sparse_topk,100,1.0,0.0,0.0,1.0,1.0,1.0,6.0,0.3,random_noise,1.0,,,,,,,,,,,,,,,,,,,,,,,,,,,,,,,,,,,,,,,
variant_test_accuracy,full_transition_exposure,exact_pair,hopfield,sparse_topk,100,0.5505533333333333,0.13589887984943885,0.013589887984943885,0.4846666666666667,0.5,1.0,6.0,0.5,keep_current,0.5505533333333333,,,,,,,,,,,,,,,,,,,,,,,,,,,,,,,,,,,,,,,
variant_test_accuracy,full_transition_exposure,exact_pair,hopfield,sparse_topk,100,1.0,0.0,0.0,1.0,1.0,1.0,6.0,0.5,random_noise,1.0,,,,,,,,,,,,,,,,,,,,,,,,,,,,,,,,,,,,,,,
variant_test_accuracy,full_transition_exposure,exact_pair,nearest,dense,100,1.0,0.0,0.0,1.0,1.0,1.0,6.0,1.0,random_noise,1.0,,,,,,,,,,,,,,,,,,,,,,,,,,,,,,,,,,,,,,,
variant_test_accuracy,full_transition_exposure,exact_pair,nearest,sparse_topk,100,1.0,0.0,0.0,1.0,1.0,1.0,6.0,0.3,random_noise,1.0,,,,,,,,,,,,,,,,,,,,,,,,,,,,,,,,,,,,,,,
variant_test_accuracy,full_transition_exposure,exact_pair,nearest,sparse_topk,100,0.5808033333333333,0.17427257888389025,0.017427257888389024,0.4943333333333333,0.5,1.0,6.0,0.5,keep_current,0.5808033333333333,,,,,,,,,,,,,,,,,,,,,,,,,,,,,,,,,,,,,,,
variant_test_accuracy,full_transition_exposure,exact_pair,nearest,sparse_topk,100,1.0,0.0,0.0,1.0,1.0,1.0,6.0,0.5,random_noise,1.0,,,,,,,,,,,,,,,,,,,,,,,,,,,,,,,,,,,,,,,
variant_test_accuracy,full_transition_exposure,exact_pair,hopfield,dense,60,1.0,0.0,0.0,1.0,1.0,1.0,8.0,1.0,random_noise,1.0,,,,,,,,,,,,,,,,,,,,,,,,,,,,,,,,,,,,,,,
variant_test_accuracy,full_transition_exposure,exact_pair,hopfield,sparse_topk,60,1.0,0.0,0.0,1.0,1.0,1.0,8.0,0.3,random_noise,1.0,,,,,,,,,,,,,,,,,,,,,,,,,,,,,,,,,,,,,,,
variant_test_accuracy,full_transition_exposure,exact_pair,hopfield,sparse_topk,60,0.5394722222222222,0.11974900448051363,0.015459530002598221,0.4996666666666666,0.5,1.0,8.0,0.5,keep_current,0.5394722222222222,,,,,,,,,,,,,,,,,,,,,,,,,,,,,,,,,,,,,,,
variant_test_accuracy,full_transition_exposure,exact_pair,hopfield,sparse_topk,60,1.0,0.0,0.0,1.0,1.0,1.0,8.0,0.5,random_noise,1.0,,,,,,,,,,,,,,,,,,,,,,,,,,,,,,,,,,,,,,,
variant_test_accuracy,full_transition_exposure,exact_pair,nearest,dense,60,1.0,0.0,0.0,1.0,1.0,1.0,8.0,1.0,random_noise,1.0,,,,,,,,,,,,,,,,,,,,,,,,,,,,,,,,,,,,,,,
variant_test_accuracy,full_transition_exposure,exact_pair,nearest,sparse_topk,60,1.0,0.0,0.0,1.0,1.0,1.0,8.0,0.3,random_noise,1.0,,,,,,,,,,,,,,,,,,,,,,,,,,,,,,,,,,,,,,,
variant_test_accuracy,full_transition_exposure,exact_pair,nearest,sparse_topk,60,0.5455111111111111,0.13931484843007508,0.01798546959496971,0.5,0.5,1.0,8.0,0.5,keep_current,0.5455111111111111,,,,,,,,,,,,,,,,,,,,,,,,,,,,,,,,,,,,,,,
variant_test_accuracy,full_transition_exposure,exact_pair,nearest,sparse_topk,60,1.0,0.0,0.0,1.0,1.0,1.0,8.0,0.5,random_noise,1.0,,,,,,,,,,,,,,,,,,,,,,,,,,,,,,,,,,,,,,,
variant_test_accuracy,full_transition_exposure,exact_pair,hopfield,dense,20,1.0,0.0,0.0,1.0,1.0,1.0,10.0,1.0,random_noise,1.0,,,,,,,,,,,,,,,,,,,,,,,,,,,,,,,,,,,,,,,
variant_test_accuracy,full_transition_exposure,exact_pair,hopfield,sparse_topk,20,1.0,0.0,0.0,1.0,1.0,1.0,10.0,0.3,random_noise,1.0,,,,,,,,,,,,,,,,,,,,,,,,,,,,,,,,,,,,,,,
variant_test_accuracy,full_transition_exposure,exact_pair,hopfield,sparse_topk,20,0.5275000000000001,0.1115522849640551,0.024943849222505487,0.5,0.5,1.0,10.0,0.5,keep_current,0.5275000000000001,,,,,,,,,,,,,,,,,,,,,,,,,,,,,,,,,,,,,,,
variant_test_accuracy,full_transition_exposure,exact_pair,hopfield,sparse_topk,20,1.0,0.0,0.0,1.0,1.0,1.0,10.0,0.5,random_noise,1.0,,,,,,,,,,,,,,,,,,,,,,,,,,,,,,,,,,,,,,,
variant_test_accuracy,full_transition_exposure,exact_pair,nearest,dense,20,1.0,0.0,0.0,1.0,1.0,1.0,10.0,1.0,random_noise,1.0,,,,,,,,,,,,,,,,,,,,,,,,,,,,,,,,,,,,,,,
variant_test_accuracy,full_transition_exposure,exact_pair,nearest,sparse_topk,20,1.0,0.0,0.0,1.0,1.0,1.0,10.0,0.3,random_noise,1.0,,,,,,,,,,,,,,,,,,,,,,,,,,,,,,,,,,,,,,,
variant_test_accuracy,full_transition_exposure,exact_pair,nearest,sparse_topk,20,0.525,0.11180339887498951,0.025000000000000005,0.5,0.5,1.0,10.0,0.5,keep_current,0.525,,,,,,,,,,,,,,,,,,,,,,,,,,,,,,,,,,,,,,,
variant_test_accuracy,full_transition_exposure,exact_pair,nearest,sparse_topk,20,1.0,0.0,0.0,1.0,1.0,1.0,10.0,0.5,random_noise,1.0,,,,,,,,,,,,,,,,,,,,,,,,,,,,,,,,,,,,,,,
variant_test_accuracy,full_transition_exposure,exact_pair,hopfield,dense,40,0.7875,0.25032030762656154,0.039579115834697594,0.5,1.0,1.0,12.0,1.0,random_noise,0.7875,,,,,,,,,,,,,,,,,,,,,,,,,,,,,,,,,,,,,,,
variant_test_accuracy,full_transition_exposure,exact_pair,hopfield,sparse_topk,40,0.7788999999999999,0.227365002681689,0.03594956343422143,0.5,0.8331666666666666,1.0,12.0,0.3,random_noise,0.7788999999999999,,,,,,,,,,,,,,,,,,,,,,,,,,,,,,,,,,,,,,,
variant_test_accuracy,full_transition_exposure,exact_pair,hopfield,sparse_topk,40,0.5214166666666668,0.0630493746735338,0.009968981450885097,0.5,0.5,0.7306666666666667,12.0,0.5,keep_current,0.5214166666666668,,,,,,,,,,,,,,,,,,,,,,,,,,,,,,,,,,,,,,,
variant_test_accuracy,full_transition_exposure,exact_pair,hopfield,sparse_topk,40,0.7850250000000001,0.22852221132392375,0.03613253418609608,0.5,0.9148333333333334,1.0,12.0,0.5,random_noise,0.7850250000000001,,,,,,,,,,,,,,,,,,,,,,,,,,,,,,,,,,,,,,,
variant_test_accuracy,full_transition_exposure,exact_pair,nearest,dense,40,0.775,0.2519157368278894,0.03983137534078457,0.5,1.0,1.0,12.0,1.0,random_noise,0.775,,,,,,,,,,,,,,,,,,,,,,,,,,,,,,,,,,,,,,,
variant_test_accuracy,full_transition_exposure,exact_pair,nearest,sparse_topk,40,0.7722666666666667,0.23552665360507405,0.03724003375347709,0.5,0.8471666666666666,1.0,12.0,0.3,random_noise,0.7722666666666667,,,,,,,,,,,,,,,,,,,,,,,,,,,,,,,,,,,,,,,
variant_test_accuracy,full_transition_exposure,exact_pair,nearest,sparse_topk,40,0.531775,0.09634051632345596,0.015232773126937592,0.5,0.5,1.0,12.0,0.5,keep_current,0.531775,,,,,,,,,,,,,,,,,,,,,,,,,,,,,,,,,,,,,,,
variant_test_accuracy,full_transition_exposure,exact_pair,nearest,sparse_topk,40,0.7809333333333333,0.23087458146074105,0.0365044765627013,0.5,0.8925000000000001,1.0,12.0,0.5,random_noise,0.7809333333333333,,,,,,,,,,,,,,,,,,,,,,,,,,,,,,,,,,,,,,,
variant_test_accuracy,full_transition_exposure,exact_pair,hopfield,dense,20,0.9973666666666666,0.0032801012678704915,0.0007334529408041666,0.9916666666666668,0.9993333333333332,1.0,63.0,1.0,random_noise,0.9973666666666666,,,,,,,,,,,,,,,,,,,,,,,,,,,,,,,,,,,,,,,
variant_test_accuracy,full_transition_exposure,exact_pair,hopfield,sparse_topk,20,0.9304833333333333,0.07492666785301182,0.016754112264688262,0.7143333333333334,0.9506666666666668,0.9933333333333332,63.0,0.3,random_noise,0.9304833333333333,,,,,,,,,,,,,,,,,,,,,,,,,,,,,,,,,,,,,,,
variant_test_accuracy,full_transition_exposure,exact_pair,hopfield,sparse_topk,20,0.51685,0.05426095437412285,0.012133118250455325,0.5,0.5,0.7176666666666667,63.0,0.5,keep_current,0.51685,,,,,,,,,,,,,,,,,,,,,,,,,,,,,,,,,,,,,,,
variant_test_accuracy,full_transition_exposure,exact_pair,hopfield,sparse_topk,20,0.9571,0.07397099953312664,0.016540418331967635,0.6933333333333334,0.9846666666666666,0.9993333333333332,63.0,0.5,random_noise,0.9571,,,,,,,,,,,,,,,,,,,,,,,,,,,,,,,,,,,,,,,
variant_test_accuracy,full_transition_exposure,exact_pair,nearest,dense,20,0.9953833333333334,0.011807062511319183,0.0026401394389899075,0.9463333333333334,0.9993333333333332,1.0,63.0,1.0,random_noise,0.9953833333333334,,,,,,,,,,,,,,,,,,,,,,,,,,,,,,,,,,,,,,,
variant_test_accuracy,full_transition_exposure,exact_pair,nearest,sparse_topk,20,0.9484666666666668,0.030827457951357093,0.006893229155275086,0.8923333333333333,0.9573333333333334,0.9903333333333332,63.0,0.3,random_noise,0.9484666666666668,,,,,,,,,,,,,,,,,,,,,,,,,,,,,,,,,,,,,,,
variant_test_accuracy,full_transition_exposure,exact_pair,nearest,sparse_topk,20,0.5,0.0,0.0,0.5,0.5,0.5,63.0,0.5,keep_current,0.5,,,,,,,,,,,,,,,,,,,,,,,,,,,,,,,,,,,,,,,
variant_test_accuracy,full_transition_exposure,exact_pair,nearest,sparse_topk,20,0.9545499999999999,0.06902506325042479,0.015434473357917242,0.7163333333333334,0.9781666666666666,0.9993333333333332,63.0,0.5,random_noise,0.9545499999999999,,,,,,,,,,,,,,,,,,,,,,,,,,,,,,,,,,,,,,,
variant_test_accuracy,full_transition_exposure,hashed_pair,hopfield,dense,280,0.804747619047619,0.221850496878503,0.013258103043211868,0.4363333333333333,0.9933333333333332,1.0,32.0,1.0,random_noise,0.804747619047619,,,,,,,,,,,,,,,,,,,,,,,,,,,,,,,,,,,,,,,
variant_test_accuracy,full_transition_exposure,hashed_pair,nearest,dense,280,0.8047726190476191,0.22160069778668054,0.01324317469215527,0.4363333333333333,0.9921666666666666,1.0,32.0,1.0,random_noise,0.8047726190476191,,,,,,,,,,,,,,,,,,,,,,,,,,,,,,,,,,,,,,,
variant_test_accuracy,full_transition_exposure,hashed_pair,hopfield,dense,280,0.8761107142857144,0.1951556640687786,0.011662781648432817,0.5,1.0,1.0,64.0,1.0,random_noise,0.8761107142857144,,,,,,,,,,,,,,,,,,,,,,,,,,,,,,,,,,,,,,,
variant_test_accuracy,full_transition_exposure,hashed_pair,nearest,dense,280,0.8751821428571428,0.19611294728031384,0.011719990262515937,0.5,1.0,1.0,64.0,1.0,random_noise,0.8751821428571428,,,,,,,,,,,,,,,,,,,,,,,,,,,,,,,,,,,,,,,
variant_test_accuracy,full_transition_exposure,hashed_pair,hopfield,dense,280,0.9205130952380953,0.1681605327718178,0.010049513986489527,0.4346666666666666,1.0,1.0,128.0,1.0,random_noise,0.9205130952380953,,,,,,,,,,,,,,,,,,,,,,,,,,,,,,,,,,,,,,,
variant_test_accuracy,full_transition_exposure,hashed_pair,nearest,dense,280,0.9181797619047618,0.17007418154247442,0.010163876374434845,0.4346666666666666,1.0,1.0,128.0,1.0,random_noise,0.9181797619047618,,,,,,,,,,,,,,,,,,,,,,,,,,,,,,,,,,,,,,,
variant_test_accuracy,full_transition_exposure,hashed_pair,hopfield,dense,280,0.9417345238095237,0.1513090357238721,0.009042444417398588,0.5,1.0,1.0,256.0,1.0,random_noise,0.9417345238095237,,,,,,,,,,,,,,,,,,,,,,,,,,,,,,,,,,,,,,,
variant_test_accuracy,full_transition_exposure,hashed_pair,nearest,dense,280,0.9399357142857143,0.15340777579159112,0.009167868126023295,0.5,1.0,1.0,256.0,1.0,random_noise,0.9399357142857143,,,,,,,,,,,,,,,,,,,,,,,,,,,,,,,,,,,,,,,
variant_length_generalization,full_transition_exposure,exact_pair,hopfield,dense,40,,,,,,,4.0,1.0,random_noise,,1.0,0.0,0.0,1.0,1.0,1.0,1.0,,,,,,,,,,,,,,,,,,,,,,,,,,,,,,,,
variant_length_generalization,full_transition_exposure,exact_pair,hopfield,sparse_topk,40,,,,,,,4.0,0.3,random_noise,,1.0,0.0,0.0,1.0,1.0,1.0,1.0,,,,,,,,,,,,,,,,,,,,,,,,,,,,,,,,
variant_length_generalization,full_transition_exposure,exact_pair,hopfield,sparse_topk,40,,,,,,,4.0,0.5,keep_current,,0.5441333333333332,0.40549654271503494,0.0641146329151634,0.0196666666666666,0.5,1.0,0.5441333333333332,,,,,,,,,,,,,,,,,,,,,,,,,,,,,,,,
variant_length_generalization,full_transition_exposure,exact_pair,hopfield,sparse_topk,40,,,,,,,4.0,0.5,random_noise,,1.0,0.0,0.0,1.0,1.0,1.0,1.0,,,,,,,,,,,,,,,,,,,,,,,,,,,,,,,,
variant_length_generalization,full_transition_exposure,exact_pair,nearest,dense,40,,,,,,,4.0,1.0,random_noise,,1.0,0.0,0.0,1.0,1.0,1.0,1.0,,,,,,,,,,,,,,,,,,,,,,,,,,,,,,,,
variant_length_generalization,full_transition_exposure,exact_pair,nearest,sparse_topk,40,,,,,,,4.0,0.3,random_noise,,1.0,0.0,0.0,1.0,1.0,1.0,1.0,,,,,,,,,,,,,,,,,,,,,,,,,,,,,,,,
variant_length_generalization,full_transition_exposure,exact_pair,nearest,sparse_topk,40,,,,,,,4.0,0.5,keep_current,,0.49528333333333324,0.40650948727903413,0.06427479351344957,0.0196666666666666,0.5,1.0,0.49528333333333324,,,,,,,,,,,,,,,,,,,,,,,,,,,,,,,,
variant_length_generalization,full_transition_exposure,exact_pair,nearest,sparse_topk,40,,,,,,,4.0,0.5,random_noise,,1.0,0.0,0.0,1.0,1.0,1.0,1.0,,,,,,,,,,,,,,,,,,,,,,,,,,,,,,,,
variant_length_generalization,full_transition_exposure,exact_pair,hopfield,dense,100,,,,,,,6.0,1.0,random_noise,,1.0,0.0,0.0,1.0,1.0,1.0,1.0,,,,,,,,,,,,,,,,,,,,,,,,,,,,,,,,
variant_length_generalization,full_transition_exposure,exact_pair,hopfield,sparse_topk,100,,,,,,,6.0,0.3,random_noise,,1.0,0.0,0.0,1.0,1.0,1.0,1.0,,,,,,,,,,,,,,,,,,,,,,,,,,,,,,,,
variant_length_generalization,full_transition_exposure,exact_pair,hopfield,sparse_topk,100,,,,,,,6.0,0.5,keep_current,,0.5631299999999999,0.23029421427614827,0.023029421427614827,0.0066666666666666,0.5,1.0,0.5631299999999999,,,,,,,,,,,,,,,,,,,,,,,,,,,,,,,,
variant_length_generalization,full_transition_exposure,exact_pair,hopfield,sparse_topk,100,,,,,,,6.0,0.5,random_noise,,1.0,0.0,0.0,1.0,1.0,1.0,1.0,,,,,,,,,,,,,,,,,,,,,,,,,,,,,,,,
variant_length_generalization,full_transition_exposure,exact_pair,nearest,dense,100,,,,,,,6.0,1.0,random_noise,,1.0,0.0,0.0,1.0,1.0,1.0,1.0,,,,,,,,,,,,,,,,,,,,,,,,,,,,,,,,
variant_length_generalization,full_transition_exposure,exact_pair,nearest,sparse_topk,100,,,,,,,6.0,0.3,random_noise,,1.0,0.0,0.0,1.0,1.0,1.0,1.0,,,,,,,,,,,,,,,,,,,,,,,,,,,,,,,,
variant_length_generalization,full_transition_exposure,exact_pair,nearest,sparse_topk,100,,,,,,,6.0,0.5,keep_current,,0.5882633333333332,0.26480008042406744,0.026480008042406744,0.0066666666666666,0.5,1.0,0.5882633333333332,,,,,,,,,,,,,,,,,,,,,,,,,,,,,,,,
variant_length_generalization,full_transition_exposure,exact_pair,nearest,sparse_topk,100,,,,,,,6.0,0.5,random_noise,,1.0,0.0,0.0,1.0,1.0,1.0,1.0,,,,,,,,,,,,,,,,,,,,,,,,,,,,,,,,
variant_length_generalization,full_transition_exposure,exact_pair,hopfield,dense,60,,,,,,,8.0,1.0,random_noise,,1.0,0.0,0.0,1.0,1.0,1.0,1.0,,,,,,,,,,,,,,,,,,,,,,,,,,,,,,,,
variant_length_generalization,full_transition_exposure,exact_pair,hopfield,sparse_topk,60,,,,,,,8.0,0.3,random_noise,,1.0,0.0,0.0,1.0,1.0,1.0,1.0,,,,,,,,,,,,,,,,,,,,,,,,,,,,,,,,
variant_length_generalization,full_transition_exposure,exact_pair,hopfield,sparse_topk,60,,,,,,,8.0,0.5,keep_current,,0.5303055555555556,0.11194123915352472,0.014451551833180762,0.5,0.5,1.0,0.5303055555555556,,,,,,,,,,,,,,,,,,,,,,,,,,,,,,,,
variant_length_generalization,full_transition_exposure,exact_pair,hopfield,sparse_topk,60,,,,,,,8.0,0.5,random_noise,,1.0,0.0,0.0,1.0,1.0,1.0,1.0,,,,,,,,,,,,,,,,,,,,,,,,,,,,,,,,
variant_length_generalization,full_transition_exposure,exact_pair,nearest,dense,60,,,,,,,8.0,1.0,random_noise,,1.0,0.0,0.0,1.0,1.0,1.0,1.0,,,,,,,,,,,,,,,,,,,,,,,,,,,,,,,,
variant_length_generalization,full_transition_exposure,exact_pair,nearest,sparse_topk,60,,,,,,,8.0,0.3,random_noise,,1.0,0.0,0.0,1.0,1.0,1.0,1.0,,,,,,,,,,,,,,,,,,,,,,,,,,,,,,,,
variant_length_generalization,full_transition_exposure,exact_pair,nearest,sparse_topk,60,,,,,,,8.0,0.5,keep_current,,0.5432,0.13923871845011676,0.01797564125681885,0.5,0.5,1.0,0.5432,,,,,,,,,,,,,,,,,,,,,,,,,,,,,,,,
variant_length_generalization,full_transition_exposure,exact_pair,nearest,sparse_topk,60,,,,,,,8.0,0.5,random_noise,,1.0,0.0,0.0,1.0,1.0,1.0,1.0,,,,,,,,,,,,,,,,,,,,,,,,,,,,,,,,
variant_length_generalization,full_transition_exposure,exact_pair,hopfield,dense,20,,,,,,,10.0,1.0,random_noise,,1.0,0.0,0.0,1.0,1.0,1.0,1.0,,,,,,,,,,,,,,,,,,,,,,,,,,,,,,,,
variant_length_generalization,full_transition_exposure,exact_pair,hopfield,sparse_topk,20,,,,,,,10.0,0.3,random_noise,,1.0,0.0,0.0,1.0,1.0,1.0,1.0,,,,,,,,,,,,,,,,,,,,,,,,,,,,,,,,
variant_length_generalization,full_transition_exposure,exact_pair,hopfield,sparse_topk,20,,,,,,,10.0,0.5,keep_current,,0.5258166666666667,0.11166116640028147,0.024968195851794484,0.5,0.5,1.0,0.5258166666666667,,,,,,,,,,,,,,,,,,,,,,,,,,,,,,,,
variant_length_generalization,full_transition_exposure,exact_pair,hopfield,sparse_topk,20,,,,,,,10.0,0.5,random_noise,,1.0,0.0,0.0,1.0,1.0,1.0,1.0,,,,,,,,,,,,,,,,,,,,,,,,,,,,,,,,
variant_length_generalization,full_transition_exposure,exact_pair,nearest,dense,20,,,,,,,10.0,1.0,random_noise,,1.0,0.0,0.0,1.0,1.0,1.0,1.0,,,,,,,,,,,,,,,,,,,,,,,,,,,,,,,,
variant_length_generalization,full_transition_exposure,exact_pair,nearest,sparse_topk,20,,,,,,,10.0,0.3,random_noise,,1.0,0.0,0.0,1.0,1.0,1.0,1.0,,,,,,,,,,,,,,,,,,,,,,,,,,,,,,,,
variant_length_generalization,full_transition_exposure,exact_pair,nearest,sparse_topk,20,,,,,,,10.0,0.5,keep_current,,0.525,0.11180339887498951,0.025000000000000005,0.5,0.5,1.0,0.525,,,,,,,,,,,,,,,,,,,,,,,,,,,,,,,,
variant_length_generalization,full_transition_exposure,exact_pair,nearest,sparse_topk,20,,,,,,,10.0,0.5,random_noise,,1.0,0.0,0.0,1.0,1.0,1.0,1.0,,,,,,,,,,,,,,,,,,,,,,,,,,,,,,,,
variant_length_generalization,full_transition_exposure,exact_pair,hopfield,dense,40,,,,,,,12.0,1.0,random_noise,,0.7869083333333333,0.25101789345534287,0.039689413838817855,0.4973333333333333,1.0,1.0,0.7869083333333333,,,,,,,,,,,,,,,,,,,,,,,,,,,,,,,,
variant_length_generalization,full_transition_exposure,exact_pair,hopfield,sparse_topk,40,,,,,,,12.0,0.3,random_noise,,0.7728833333333334,0.23222251523311987,0.036717603605490305,0.4973333333333333,0.8136666666666666,1.0,0.7728833333333334,,,,,,,,,,,,,,,,,,,,,,,,,,,,,,,,
variant_length_generalization,full_transition_exposure,exact_pair,hopfield,sparse_topk,40,,,,,,,12.0,0.5,keep_current,,0.5052416666666667,0.025435801260329623,0.0040217533047011535,0.4973333333333333,0.5,0.6193333333333333,0.5052416666666667,,,,,,,,,,,,,,,,,,,,,,,,,,,,,,,,
variant_length_generalization,full_transition_exposure,exact_pair,hopfield,sparse_topk,40,,,,,,,12.0,0.5,random_noise,,0.7891666666666667,0.23629566442412997,0.037361625040153515,0.4973333333333333,0.9928333333333335,1.0,0.7891666666666667,,,,,,,,,,,,,,,,,,,,,,,,,,,,,,,,
variant_length_generalization,full_transition_exposure,exact_pair,nearest,dense,40,,,,,,,12.0,1.0,random_noise,,0.774375,0.25261611459540023,0.039942114789178466,0.4973333333333333,1.0,1.0,0.774375,,,,,,,,,,,,,,,,,,,,,,,,,,,,,,,,
variant_length_generalization,full_transition_exposure,exact_pair,nearest,sparse_topk,40,,,,,,,12.0,0.3,random_noise,,0.7688083333333333,0.23801441081967026,0.03763338270665911,0.4973333333333333,0.8365,1.0,0.7688083333333333,,,,,,,,,,,,,,,,,,,,,,,,,,,,,,,,
variant_length_generalization,full_transition_exposure,exact_pair,nearest,sparse_topk,40,,,,,,,12.0,0.5,keep_current,,0.5243083333333333,0.08657883081832965,0.013689315127015073,0.4973333333333333,0.4998333333333333,1.0,0.5243083333333333,,,,,,,,,,,,,,,,,,,,,,,,,,,,,,,,
variant_length_generalization,full_transition_exposure,exact_pair,nearest,sparse_topk,40,,,,,,,12.0,0.5,random_noise,,0.7762083333333333,0.2335752431889331,0.036931488675237975,0.4973333333333333,0.8758333333333334,1.0,0.7762083333333333,,,,,,,,,,,,,,,,,,,,,,,,,,,,,,,,
variant_length_generalization,full_transition_exposure,exact_pair,hopfield,dense,20,,,,,,,63.0,1.0,random_noise,,0.9966833333333334,0.004210089524127652,0.0009414046367309171,0.989,0.9993333333333332,1.0,0.9966833333333334,,,,,,,,,,,,,,,,,,,,,,,,,,,,,,,,
variant_length_generalization,full_transition_exposure,exact_pair,hopfield,sparse_topk,20,,,,,,,63.0,0.3,random_noise,,0.9224833333333334,0.08003511473499164,0.017896395713443636,0.6873333333333334,0.9486666666666668,0.9923333333333332,0.9224833333333334,,,,,,,,,,,,,,,,,,,,,,,,,,,,,,,,
variant_length_generalization,full_transition_exposure,exact_pair,hopfield,sparse_topk,20,,,,,,,63.0,0.5,keep_current,,0.5029833333333333,0.009209374196948193,0.0020592786734608694,0.5,0.5,0.532,0.5029833333333333,,,,,,,,,,,,,,,,,,,,,,,,,,,,,,,,
variant_length_generalization,full_transition_exposure,exact_pair,hopfield,sparse_topk,20,,,,,,,63.0,0.5,random_noise,,0.9529166666666666,0.08026388313352723,0.01794754988246657,0.6646666666666666,0.9824999999999999,0.999,0.9529166666666666,,,,,,,,,,,,,,,,,,,,,,,,,,,,,,,,
variant_length_generalization,full_transition_exposure,exact_pair,nearest,dense,20,,,,,,,63.0,1.0,random_noise,,0.9936833333333333,0.015226736642233304,0.003404801820752056,0.9313333333333332,0.9993333333333332,1.0,0.9936833333333333,,,,,,,,,,,,,,,,,,,,,,,,,,,,,,,,
variant_length_generalization,full_transition_exposure,exact_pair,nearest,sparse_topk,20,,,,,,,63.0,0.3,random_noise,,0.9430333333333334,0.0325538510221797,0.007279262381499481,0.8843333333333333,0.951,0.99,0.9430333333333334,,,,,,,,,,,,,,,,,,,,,,,,,,,,,,,,
variant_length_generalization,full_transition_exposure,exact_pair,nearest,sparse_topk,20,,,,,,,63.0,0.5,keep_current,,0.5,0.0,0.0,0.5,0.5,0.5,0.5,,,,,,,,,,,,,,,,,,,,,,,,,,,,,,,,
variant_length_generalization,full_transition_exposure,exact_pair,nearest,sparse_topk,20,,,,,,,63.0,0.5,random_noise,,0.9512666666666666,0.07619178632958784,0.01703700135600976,0.69,0.9783333333333333,0.9986666666666668,0.9512666666666666,,,,,,,,,,,,,,,,,,,,,,,,,,,,,,,,
variant_length_generalization,full_transition_exposure,hashed_pair,hopfield,dense,280,,,,,,,32.0,1.0,random_noise,,0.7995190476190477,0.2259526732479062,0.013503254971074179,0.461,0.9998333333333334,1.0,0.7995190476190477,,,,,,,,,,,,,,,,,,,,,,,,,,,,,,,,
variant_length_generalization,full_transition_exposure,hashed_pair,nearest,dense,280,,,,,,,32.0,1.0,random_noise,,0.7995749999999999,0.2257592595214148,0.013491696290107153,0.461,0.9998333333333334,1.0,0.7995749999999999,,,,,,,,,,,,,,,,,,,,,,,,,,,,,,,,
variant_length_generalization,full_transition_exposure,hashed_pair,hopfield,dense,280,,,,,,,64.0,1.0,random_noise,,0.8686130952380954,0.20402715884982128,0.012192954866925966,0.497,1.0,1.0,0.8686130952380954,,,,,,,,,,,,,,,,,,,,,,,,,,,,,,,,
variant_length_generalization,full_transition_exposure,hashed_pair,nearest,dense,280,,,,,,,64.0,1.0,random_noise,,0.8676952380952381,0.20481130784487925,0.01223981673256967,0.497,1.0,1.0,0.8676952380952381,,,,,,,,,,,,,,,,,,,,,,,,,,,,,,,,
variant_length_generalization,full_transition_exposure,hashed_pair,hopfield,dense,280,,,,,,,128.0,1.0,random_noise,,0.9170119047619048,0.1741670735566662,0.01040847345594876,0.4973333333333333,1.0,1.0,0.9170119047619048,,,,,,,,,,,,,,,,,,,,,,,,,,,,,,,,
variant_length_generalization,full_transition_exposure,hashed_pair,nearest,dense,280,,,,,,,128.0,1.0,random_noise,,0.9145452380952381,0.1759585104183167,0.010515532285391803,0.4973333333333333,1.0,1.0,0.9145452380952381,,,,,,,,,,,,,,,,,,,,,,,,,,,,,,,,
variant_length_generalization,full_transition_exposure,hashed_pair,hopfield,dense,280,,,,,,,256.0,1.0,random_noise,,0.9398726190476191,0.15525457326981537,0.009278235385104307,0.4973333333333333,1.0,1.0,0.9398726190476191,,,,,,,,,,,,,,,,,,,,,,,,,,,,,,,,
variant_length_generalization,full_transition_exposure,hashed_pair,nearest,dense,280,,,,,,,256.0,1.0,random_noise,,0.9380190476190476,0.15728131428198244,0.00939935632717698,0.4973333333333333,1.0,1.0,0.9380190476190476,,,,,,,,,,,,,,,,,,,,,,,,,,,,,,,,
variant_autonomous_transition_accuracy,full_transition_exposure,exact_pair,hopfield,dense,40,,,,,,,4.0,1.0,random_noise,,,,,,,,,1.0,0.0,0.0,1.0,1.0,1.0,1.0,,,,,,,,,,,,,,,,,,,,,,,,,
variant_autonomous_transition_accuracy,full_transition_exposure,exact_pair,hopfield,sparse_topk,40,,,,,,,4.0,0.3,random_noise,,,,,,,,,1.0,0.0,0.0,1.0,1.0,1.0,1.0,,,,,,,,,,,,,,,,,,,,,,,,,
variant_autonomous_transition_accuracy,full_transition_exposure,exact_pair,hopfield,sparse_topk,40,,,,,,,4.0,0.5,keep_current,,,,,,,,,0.6716880874282287,0.2636898888033271,0.041693032228752265,0.4036378015025701,0.5465546174843333,1.0,0.6716880874282287,,,,,,,,,,,,,,,,,,,,,,,,,
variant_autonomous_transition_accuracy,full_transition_exposure,exact_pair,hopfield,sparse_topk,40,,,,,,,4.0,0.5,random_noise,,,,,,,,,1.0,0.0,0.0,1.0,1.0,1.0,1.0,,,,,,,,,,,,,,,,,,,,,,,,,
variant_autonomous_transition_accuracy,full_transition_exposure,exact_pair,nearest,dense,40,,,,,,,4.0,1.0,random_noise,,,,,,,,,1.0,0.0,0.0,1.0,1.0,1.0,1.0,,,,,,,,,,,,,,,,,,,,,,,,,
variant_autonomous_transition_accuracy,full_transition_exposure,exact_pair,nearest,sparse_topk,40,,,,,,,4.0,0.3,random_noise,,,,,,,,,1.0,0.0,0.0,1.0,1.0,1.0,1.0,,,,,,,,,,,,,,,,,,,,,,,,,
variant_autonomous_transition_accuracy,full_transition_exposure,exact_pair,nearest,sparse_topk,40,,,,,,,4.0,0.5,keep_current,,,,,,,,,0.6422917325820334,0.2580656971580997,0.04080376944894185,0.4036378015025701,0.5028325330922081,1.0,0.6422917325820334,,,,,,,,,,,,,,,,,,,,,,,,,
variant_autonomous_transition_accuracy,full_transition_exposure,exact_pair,nearest,sparse_topk,40,,,,,,,4.0,0.5,random_noise,,,,,,,,,1.0,0.0,0.0,1.0,1.0,1.0,1.0,,,,,,,,,,,,,,,,,,,,,,,,,
variant_autonomous_transition_accuracy,full_transition_exposure,exact_pair,hopfield,dense,100,,,,,,,6.0,1.0,random_noise,,,,,,,,,1.0,0.0,0.0,1.0,1.0,1.0,1.0,,,,,,,,,,,,,,,,,,,,,,,,,
variant_autonomous_transition_accuracy,full_transition_exposure,exact_pair,hopfield,sparse_topk,100,,,,,,,6.0,0.3,random_noise,,,,,,,,,1.0,0.0,0.0,1.0,1.0,1.0,1.0,,,,,,,,,,,,,,,,,,,,,,,,,
variant_autonomous_transition_accuracy,full_transition_exposure,exact_pair,hopfield,sparse_topk,100,,,,,,,6.0,0.5,keep_current,,,,,,,,,0.4368657874510977,0.20436573630885635,0.020436573630885635,0.1361009138483168,0.37723359569475623,1.0,0.4368657874510977,,,,,,,,,,,,,,,,,,,,,,,,,
variant_autonomous_transition_accuracy,full_transition_exposure,exact_pair,hopfield,sparse_topk,100,,,,,,,6.0,0.5,random_noise,,,,,,,,,1.0,0.0,0.0,1.0,1.0,1.0,1.0,,,,,,,,,,,,,,,,,,,,,,,,,
variant_autonomous_transition_accuracy,full_transition_exposure,exact_pair,nearest,dense,100,,,,,,,6.0,1.0,random_noise,,,,,,,,,1.0,0.0,0.0,1.0,1.0,1.0,1.0,,,,,,,,,,,,,,,,,,,,,,,,,
variant_autonomous_transition_accuracy,full_transition_exposure,exact_pair,nearest,sparse_topk,100,,,,,,,6.0,0.3,random_noise,,,,,,,,,1.0,0.0,0.0,1.0,1.0,1.0,1.0,,,,,,,,,,,,,,,,,,,,,,,,,
variant_autonomous_transition_accuracy,full_transition_exposure,exact_pair,nearest,sparse_topk,100,,,,,,,6.0,0.5,keep_current,,,,,,,,,0.48093694325841424,0.24361210565773087,0.024361210565773086,0.1920794429498338,0.432145643936506,1.0,0.48093694325841424,,,,,,,,,,,,,,,,,,,,,,,,,
variant_autonomous_transition_accuracy,full_transition_exposure,exact_pair,nearest,sparse_topk,100,,,,,,,6.0,0.5,random_noise,,,,,,,,,1.0,0.0,0.0,1.0,1.0,1.0,1.0,,,,,,,,,,,,,,,,,,,,,,,,,
variant_autonomous_transition_accuracy,full_transition_exposure,exact_pair,hopfield,dense,60,,,,,,,8.0,1.0,random_noise,,,,,,,,,1.0,0.0,0.0,1.0,1.0,1.0,1.0,,,,,,,,,,,,,,,,,,,,,,,,,
variant_autonomous_transition_accuracy,full_transition_exposure,exact_pair,hopfield,sparse_topk,60,,,,,,,8.0,0.3,random_noise,,,,,,,,,1.0,0.0,0.0,1.0,1.0,1.0,1.0,,,,,,,,,,,,,,,,,,,,,,,,,
variant_autonomous_transition_accuracy,full_transition_exposure,exact_pair,hopfield,sparse_topk,60,,,,,,,8.0,0.5,keep_current,,,,,,,,,0.38386583049714135,0.18186312842945532,0.023478428923215368,0.1941853422168382,0.32429360067909946,1.0,0.38386583049714135,,,,,,,,,,,,,,,,,,,,,,,,,
variant_autonomous_transition_accuracy,full_transition_exposure,exact_pair,hopfield,sparse_topk,60,,,,,,,8.0,0.5,random_noise,,,,,,,,,1.0,0.0,0.0,1.0,1.0,1.0,1.0,,,,,,,,,,,,,,,,,,,,,,,,,
variant_autonomous_transition_accuracy,full_transition_exposure,exact_pair,nearest,dense,60,,,,,,,8.0,1.0,random_noise,,,,,,,,,1.0,0.0,0.0,1.0,1.0,1.0,1.0,,,,,,,,,,,,,,,,,,,,,,,,,
variant_autonomous_transition_accuracy,full_transition_exposure,exact_pair,nearest,sparse_topk,60,,,,,,,8.0,0.3,random_noise,,,,,,,,,1.0,0.0,0.0,1.0,1.0,1.0,1.0,,,,,,,,,,,,,,,,,,,,,,,,,
variant_autonomous_transition_accuracy,full_transition_exposure,exact_pair,nearest,sparse_topk,60,,,,,,,8.0,0.5,keep_current,,,,,,,,,0.417269827623261,0.20911268975190747,0.026996332162992534,0.2532774618377731,0.3934837901728794,1.0,0.417269827623261,,,,,,,,,,,,,,,,,,,,,,,,,
variant_autonomous_transition_accuracy,full_transition_exposure,exact_pair,nearest,sparse_topk,60,,,,,,,8.0,0.5,random_noise,,,,,,,,,1.0,0.0,0.0,1.0,1.0,1.0,1.0,,,,,,,,,,,,,,,,,,,,,,,,,
variant_autonomous_transition_accuracy,full_transition_exposure,exact_pair,hopfield,dense,20,,,,,,,10.0,1.0,random_noise,,,,,,,,,1.0,0.0,0.0,1.0,1.0,1.0,1.0,,,,,,,,,,,,,,,,,,,,,,,,,
variant_autonomous_transition_accuracy,full_transition_exposure,exact_pair,hopfield,sparse_topk,20,,,,,,,10.0,0.3,random_noise,,,,,,,,,1.0,0.0,0.0,1.0,1.0,1.0,1.0,,,,,,,,,,,,,,,,,,,,,,,,,
variant_autonomous_transition_accuracy,full_transition_exposure,exact_pair,hopfield,sparse_topk,20,,,,,,,10.0,0.5,keep_current,,,,,,,,,0.35226476971911086,0.21898157938410726,0.048965769732313036,0.1401627573001436,0.3709695995805554,1.0,0.35226476971911086,,,,,,,,,,,,,,,,,,,,,,,,,
variant_autonomous_transition_accuracy,full_transition_exposure,exact_pair,hopfield,sparse_topk,20,,,,,,,10.0,0.5,random_noise,,,,,,,,,1.0,0.0,0.0,1.0,1.0,1.0,1.0,,,,,,,,,,,,,,,,,,,,,,,,,
variant_autonomous_transition_accuracy,full_transition_exposure,exact_pair,nearest,dense,20,,,,,,,10.0,1.0,random_noise,,,,,,,,,1.0,0.0,0.0,1.0,1.0,1.0,1.0,,,,,,,,,,,,,,,,,,,,,,,,,
variant_autonomous_transition_accuracy,full_transition_exposure,exact_pair,nearest,sparse_topk,20,,,,,,,10.0,0.3,random_noise,,,,,,,,,1.0,0.0,0.0,1.0,1.0,1.0,1.0,,,,,,,,,,,,,,,,,,,,,,,,,
variant_autonomous_transition_accuracy,full_transition_exposure,exact_pair,nearest,sparse_topk,20,,,,,,,10.0,0.5,keep_current,,,,,,,,,0.3195257343680587,0.24817917231521228,0.05549454998964485,0.1401627573001436,0.1452420172326406,1.0,0.3195257343680587,,,,,,,,,,,,,,,,,,,,,,,,,
variant_autonomous_transition_accuracy,full_transition_exposure,exact_pair,nearest,sparse_topk,20,,,,,,,10.0,0.5,random_noise,,,,,,,,,1.0,0.0,0.0,1.0,1.0,1.0,1.0,,,,,,,,,,,,,,,,,,,,,,,,,
variant_autonomous_transition_accuracy,full_transition_exposure,exact_pair,hopfield,dense,40,,,,,,,12.0,1.0,random_noise,,,,,,,,,0.788358330429382,0.24932690458463977,0.03942204502234697,0.4939790070191255,1.0,1.0,0.788358330429382,,,,,,,,,,,,,,,,,,,,,,,,,
variant_autonomous_transition_accuracy,full_transition_exposure,exact_pair,hopfield,sparse_topk,40,,,,,,,12.0,0.3,random_noise,,,,,,,,,0.7844576788190494,0.22279967920525276,0.03522772241217261,0.494178941274844,0.8479172040237297,1.0,0.7844576788190494,,,,,,,,,,,,,,,,,,,,,,,,,
variant_autonomous_transition_accuracy,full_transition_exposure,exact_pair,hopfield,sparse_topk,40,,,,,,,12.0,0.5,keep_current,,,,,,,,,0.2820943957000062,0.13283760210925938,0.021003469079022345,0.0867691516048112,0.2934294519449398,0.5449345868121754,0.2820943957000062,,,,,,,,,,,,,,,,,,,,,,,,,
variant_autonomous_transition_accuracy,full_transition_exposure,exact_pair,hopfield,sparse_topk,40,,,,,,,12.0,0.5,random_noise,,,,,,,,,0.7876170898192216,0.22511156594903542,0.035593263802307776,0.494178941274844,0.9051847982238475,1.0,0.7876170898192216,,,,,,,,,,,,,,,,,,,,,,,,,
variant_autonomous_transition_accuracy,full_transition_exposure,exact_pair,nearest,dense,40,,,,,,,12.0,1.0,random_noise,,,,,,,,,0.7758535282780181,0.2509779156757692,0.03968309279685541,0.4939790070191255,1.0,1.0,0.7758535282780181,,,,,,,,,,,,,,,,,,,,,,,,,
variant_autonomous_transition_accuracy,full_transition_exposure,exact_pair,nearest,sparse_topk,40,,,,,,,12.0,0.3,random_noise,,,,,,,,,0.7757850234215992,0.23295393906312498,0.0368332518673773,0.4939790070191255,0.8486524731459446,1.0,0.7757850234215992,,,,,,,,,,,,,,,,,,,,,,,,,
variant_autonomous_transition_accuracy,full_transition_exposure,exact_pair,nearest,sparse_topk,40,,,,,,,12.0,0.5,keep_current,,,,,,,,,0.2873928665505612,0.17535710036325866,0.02772639205153186,0.0867691516048112,0.223416747567872,0.877344176731201,0.2873928665505612,,,,,,,,,,,,,,,,,,,,,,,,,
variant_autonomous_transition_accuracy,full_transition_exposure,exact_pair,nearest,sparse_topk,40,,,,,,,12.0,0.5,random_noise,,,,,,,,,0.7850756046363045,0.22841102232540755,0.03611495366179286,0.494178941274844,0.9102076347691515,1.0,0.7850756046363045,,,,,,,,,,,,,,,,,,,,,,,,,
variant_autonomous_transition_accuracy,full_transition_exposure,exact_pair,hopfield,dense,20,,,,,,,63.0,1.0,random_noise,,,,,,,,,0.6288760227462795,0.1269900669337425,0.028395842213109652,0.5797522629823726,0.5883225652069873,1.0,0.6288760227462795,,,,,,,,,,,,,,,,,,,,,,,,,
variant_autonomous_transition_accuracy,full_transition_exposure,exact_pair,hopfield,sparse_topk,20,,,,,,,63.0,0.3,random_noise,,,,,,,,,0.6046438754936038,0.05478072194610862,0.012249341812801344,0.4454978561219628,0.6073864345162627,0.6983753124399154,0.6046438754936038,,,,,,,,,,,,,,,,,,,,,,,,,
variant_autonomous_transition_accuracy,full_transition_exposure,exact_pair,hopfield,sparse_topk,20,,,,,,,63.0,0.5,keep_current,,,,,,,,,0.1661587292482057,0.12626332801539877,0.028233338450778526,0.0,0.1694808617355533,0.3556931872320152,0.1661587292482057,,,,,,,,,,,,,,,,,,,,,,,,,
variant_autonomous_transition_accuracy,full_transition_exposure,exact_pair,hopfield,sparse_topk,20,,,,,,,63.0,0.5,random_noise,,,,,,,,,0.6097469236438952,0.026152652290662295,0.005847910831383647,0.5797522629823726,0.6045997709163533,0.6785406904465908,0.6097469236438952,,,,,,,,,,,,,,,,,,,,,,,,,
variant_autonomous_transition_accuracy,full_transition_exposure,exact_pair,nearest,dense,20,,,,,,,63.0,1.0,random_noise,,,,,,,,,0.6078636358953982,0.09241006841766466,0.02066351947873046,0.5797522629823726,0.5873148196199077,1.0,0.6078636358953982,,,,,,,,,,,,,,,,,,,,,,,,,
variant_autonomous_transition_accuracy,full_transition_exposure,exact_pair,nearest,sparse_topk,20,,,,,,,63.0,0.3,random_noise,,,,,,,,,0.621393139429025,0.0264131787020447,0.005906166307962161,0.5824965497549136,0.6201090677409327,0.6800229511332122,0.621393139429025,,,,,,,,,,,,,,,,,,,,,,,,,
variant_autonomous_transition_accuracy,full_transition_exposure,exact_pair,nearest,sparse_topk,20,,,,,,,63.0,0.5,keep_current,,,,,,,,,0.1369650926893937,0.12909064268755885,0.02886554523085177,0.0,0.08173391740608446,0.3545919564503261,0.1369650926893937,,,,,,,,,,,,,,,,,,,,,,,,,
variant_autonomous_transition_accuracy,full_transition_exposure,exact_pair,nearest,sparse_topk,20,,,,,,,63.0,0.5,random_noise,,,,,,,,,0.6162758670045934,0.03994353933506118,0.008931646921513355,0.5824965497549136,0.5965508325847381,0.7077485099019419,0.6162758670045934,,,,,,,,,,,,,,,,,,,,,,,,,
variant_autonomous_transition_accuracy,full_transition_exposure,hashed_pair,hopfield,dense,280,,,,,,,32.0,1.0,random_noise,,,,,,,,,0.770998569941755,0.25866925564265764,0.015458444734966822,0.081486499564502,0.9392354836435576,1.0,0.770998569941755,,,,,,,,,,,,,,,,,,,,,,,,,
variant_autonomous_transition_accuracy,full_transition_exposure,hashed_pair,nearest,dense,280,,,,,,,32.0,1.0,random_noise,,,,,,,,,0.7698259090918832,0.26016206778960044,0.015547657324286219,0.1520034426699818,0.9392354836435576,1.0,0.7698259090918832,,,,,,,,,,,,,,,,,,,,,,,,,
variant_autonomous_transition_accuracy,full_transition_exposure,hashed_pair,hopfield,dense,280,,,,,,,64.0,1.0,random_noise,,,,,,,,,0.8469585404052291,0.223332062026874,0.013346643495808157,0.2631594869312681,1.0,1.0,0.8469585404052291,,,,,,,,,,,,,,,,,,,,,,,,,
variant_autonomous_transition_accuracy,full_transition_exposure,hashed_pair,nearest,dense,280,,,,,,,64.0,1.0,random_noise,,,,,,,,,0.8446186569587886,0.22710393024145772,0.013572055735843632,0.2243925678894711,1.0,1.0,0.8446186569587886,,,,,,,,,,,,,,,,,,,,,,,,,
variant_autonomous_transition_accuracy,full_transition_exposure,hashed_pair,hopfield,dense,280,,,,,,,128.0,1.0,random_noise,,,,,,,,,0.8912600024703426,0.20418623555353083,0.012202461518293578,0.2245246221355436,1.0,1.0,0.8912600024703426,,,,,,,,,,,,,,,,,,,,,,,,,
variant_autonomous_transition_accuracy,full_transition_exposure,hashed_pair,nearest,dense,280,,,,,,,128.0,1.0,random_noise,,,,,,,,,0.8877556062013112,0.20929816650514768,0.012507957824409301,0.2243925678894711,1.0,1.0,0.8877556062013112,,,,,,,,,,,,,,,,,,,,,,,,,
variant_autonomous_transition_accuracy,full_transition_exposure,hashed_pair,hopfield,dense,280,,,,,,,256.0,1.0,random_noise,,,,,,,,,0.9177912362045321,0.17497248119806508,0.010456605768707583,0.3378598068279621,1.0,1.0,0.9177912362045321,,,,,,,,,,,,,,,,,,,,,,,,,
variant_autonomous_transition_accuracy,full_transition_exposure,hashed_pair,nearest,dense,280,,,,,,,256.0,1.0,random_noise,,,,,,,,,0.9146199927746191,0.17957242864263037,0.010731505208066537,0.3378598068279621,1.0,1.0,0.9146199927746191,,,,,,,,,,,,,,,,,,,,,,,,,
by_grammar_model,full_transition_exposure,exact_pair,hopfield,,20,1.0,0.0,0.0,1.0,1.0,1.0,,,,1.0,,,,,,,,,,,,,,,contains_101,,,,,,,,,,,,,,,,,,,,,,,,
by_grammar_model,full_transition_exposure,exact_pair,nearest,,20,1.0,0.0,0.0,1.0,1.0,1.0,,,,1.0,,,,,,,,,,,,,,,contains_101,,,,,,,,,,,,,,,,,,,,,,,,
by_grammar_model,full_transition_exposure,hashed_pair,hopfield,,80,0.9447458333333334,0.15195691375926434,0.01698929944083941,0.5,1.0,1.0,,,,0.9447458333333334,,,,,,,,,,,,,,,contains_101,,,,,,,,,,,,,,,,,,,,,,,,
by_grammar_model,full_transition_exposure,hashed_pair,nearest,,80,0.9447458333333334,0.15195691375926434,0.01698929944083941,0.5,1.0,1.0,,,,0.9447458333333334,,,,,,,,,,,,,,,contains_101,,,,,,,,,,,,,,,,,,,,,,,,
by_grammar_model,full_transition_exposure,exact_pair,hopfield,,20,1.0,0.0,0.0,1.0,1.0,1.0,,,,1.0,,,,,,,,,,,,,,,ends_with_01,,,,,,,,,,,,,,,,,,,,,,,,
by_grammar_model,full_transition_exposure,exact_pair,nearest,,20,1.0,0.0,0.0,1.0,1.0,1.0,,,,1.0,,,,,,,,,,,,,,,ends_with_01,,,,,,,,,,,,,,,,,,,,,,,,
by_grammar_model,full_transition_exposure,hashed_pair,hopfield,,80,0.9390791666666669,0.14649882267687434,0.016379066306458936,0.5,1.0,1.0,,,,0.9390791666666669,,,,,,,,,,,,,,,ends_with_01,,,,,,,,,,,,,,,,,,,,,,,,
by_grammar_model,full_transition_exposure,hashed_pair,nearest,,80,0.9390791666666669,0.14649882267687434,0.016379066306458936,0.5,1.0,1.0,,,,0.9390791666666669,,,,,,,,,,,,,,,ends_with_01,,,,,,,,,,,,,,,,,,,,,,,,
by_grammar_model,full_transition_exposure,exact_pair,hopfield,,20,1.0,0.0,0.0,1.0,1.0,1.0,,,,1.0,,,,,,,,,,,,,,,even_ones,,,,,,,,,,,,,,,,,,,,,,,,
by_grammar_model,full_transition_exposure,exact_pair,nearest,,20,1.0,0.0,0.0,1.0,1.0,1.0,,,,1.0,,,,,,,,,,,,,,,even_ones,,,,,,,,,,,,,,,,,,,,,,,,
by_grammar_model,full_transition_exposure,hashed_pair,hopfield,,80,0.9813083333333333,0.09529394564162702,0.010654187014942392,0.5,1.0,1.0,,,,0.9813083333333333,,,,,,,,,,,,,,,even_ones,,,,,,,,,,,,,,,,,,,,,,,,
by_grammar_model,full_transition_exposure,hashed_pair,nearest,,80,0.9813083333333333,0.09529394564162702,0.010654187014942392,0.5,1.0,1.0,,,,0.9813083333333333,,,,,,,,,,,,,,,even_ones,,,,,,,,,,,,,,,,,,,,,,,,
by_grammar_model,full_transition_exposure,exact_pair,hopfield,,20,1.0,0.0,0.0,1.0,1.0,1.0,,,,1.0,,,,,,,,,,,,,,,no_substring_11,,,,,,,,,,,,,,,,,,,,,,,,
by_grammar_model,full_transition_exposure,exact_pair,nearest,,20,1.0,0.0,0.0,1.0,1.0,1.0,,,,1.0,,,,,,,,,,,,,,,no_substring_11,,,,,,,,,,,,,,,,,,,,,,,,
by_grammar_model,full_transition_exposure,hashed_pair,hopfield,,80,0.8769958333333333,0.208600314963697,0.02332222421933465,0.5,1.0,1.0,,,,0.8769958333333333,,,,,,,,,,,,,,,no_substring_11,,,,,,,,,,,,,,,,,,,,,,,,
by_grammar_model,full_transition_exposure,hashed_pair,nearest,,80,0.8769958333333333,0.208600314963697,0.02332222421933465,0.5,1.0,1.0,,,,0.8769958333333333,,,,,,,,,,,,,,,no_substring_11,,,,,,,,,,,,,,,,,,,,,,,,
by_grammar_model,full_transition_exposure,exact_pair,hopfield,,20,1.0,0.0,0.0,1.0,1.0,1.0,,,,1.0,,,,,,,,,,,,,,,ones_mod3_zero,,,,,,,,,,,,,,,,,,,,,,,,
by_grammar_model,full_transition_exposure,exact_pair,nearest,,20,1.0,0.0,0.0,1.0,1.0,1.0,,,,1.0,,,,,,,,,,,,,,,ones_mod3_zero,,,,,,,,,,,,,,,,,,,,,,,,
by_grammar_model,full_transition_exposure,hashed_pair,hopfield,,80,0.9524083333333333,0.14497950749997984,0.016209201705719774,0.4363333333333333,1.0,1.0,,,,0.9524083333333333,,,,,,,,,,,,,,,ones_mod3_zero,,,,,,,,,,,,,,,,,,,,,,,,
by_grammar_model,full_transition_exposure,hashed_pair,nearest,,80,0.9524083333333333,0.14497950749997984,0.016209201705719774,0.4363333333333333,1.0,1.0,,,,0.9524083333333333,,,,,,,,,,,,,,,ones_mod3_zero,,,,,,,,,,,,,,,,,,,,,,,,
by_grammar_model,full_transition_exposure,exact_pair,hopfield,,20,0.9973666666666666,0.0032801012678704915,0.0007334529408041666,0.9916666666666668,0.9993333333333332,1.0,,,,0.9973666666666666,,,,,,,,,,,,,,,reber,,,,,,,,,,,,,,,,,,,,,,,,
by_grammar_model,full_transition_exposure,exact_pair,nearest,,20,0.9953833333333334,0.011807062511319183,0.0026401394389899075,0.9463333333333334,0.9993333333333332,1.0,,,,0.9953833333333334,,,,,,,,,,,,,,,reber,,,,,,,,,,,,,,,,,,,,,,,,
by_grammar_model,full_transition_exposure,hashed_pair,hopfield,,80,0.8599125000000001,0.16731388042112716,0.018706260510045574,0.4933333333333333,0.9881666666666666,1.0,,,,0.8599125000000001,,,,,,,,,,,,,,,reber,,,,,,,,,,,,,,,,,,,,,,,,
by_grammar_model,full_transition_exposure,hashed_pair,nearest,,80,0.858775,0.16246279483205178,0.018163892652953467,0.5,0.965,1.0,,,,0.858775,,,,,,,,,,,,,,,reber,,,,,,,,,,,,,,,,,,,,,,,,
by_grammar_model,full_transition_exposure,exact_pair,hopfield,,20,0.575,0.18317377426626164,0.04095890109545627,0.5,0.5,1.0,,,,0.575,,,,,,,,,,,,,,,tier_alternating_12,,,,,,,,,,,,,,,,,,,,,,,,
by_grammar_model,full_transition_exposure,exact_pair,nearest,,20,0.55,0.1538967528127731,0.03441236008058426,0.5,0.5,1.0,,,,0.55,,,,,,,,,,,,,,,tier_alternating_12,,,,,,,,,,,,,,,,,,,,,,,,
by_grammar_model,full_transition_exposure,hashed_pair,hopfield,,80,0.5542166666666667,0.14422889781468293,0.016125280991675095,0.5,0.5,1.0,,,,0.5542166666666667,,,,,,,,,,,,,,,tier_alternating_12,,,,,,,,,,,,,,,,,,,,,,,,
by_grammar_model,full_transition_exposure,hashed_pair,nearest,,80,0.5377291666666666,0.12355184308205718,0.013813515993843348,0.5,0.5,1.0,,,,0.5377291666666666,,,,,,,,,,,,,,,tier_alternating_12,,,,,,,,,,,,,,,,,,,,,,,,
by_grammar_model,full_transition_exposure,exact_pair,hopfield,,20,1.0,0.0,0.0,1.0,1.0,1.0,,,,1.0,,,,,,,,,,,,,,,tomita_1,,,,,,,,,,,,,,,,,,,,,,,,
by_grammar_model,full_transition_exposure,exact_pair,nearest,,20,1.0,0.0,0.0,1.0,1.0,1.0,,,,1.0,,,,,,,,,,,,,,,tomita_1,,,,,,,,,,,,,,,,,,,,,,,,
by_grammar_model,full_transition_exposure,hashed_pair,hopfield,,80,1.0,0.0,0.0,1.0,1.0,1.0,,,,1.0,,,,,,,,,,,,,,,tomita_1,,,,,,,,,,,,,,,,,,,,,,,,
by_grammar_model,full_transition_exposure,hashed_pair,nearest,,80,1.0,0.0,0.0,1.0,1.0,1.0,,,,1.0,,,,,,,,,,,,,,,tomita_1,,,,,,,,,,,,,,,,,,,,,,,,
by_grammar_model,full_transition_exposure,exact_pair,hopfield,,20,1.0,0.0,0.0,1.0,1.0,1.0,,,,1.0,,,,,,,,,,,,,,,tomita_2,,,,,,,,,,,,,,,,,,,,,,,,
by_grammar_model,full_transition_exposure,exact_pair,nearest,,20,1.0,0.0,0.0,1.0,1.0,1.0,,,,1.0,,,,,,,,,,,,,,,tomita_2,,,,,,,,,,,,,,,,,,,,,,,,
by_grammar_model,full_transition_exposure,hashed_pair,hopfield,,80,0.9864333333333335,0.06991991400252832,0.007817284034529637,0.5773333333333334,1.0,1.0,,,,0.9864333333333335,,,,,,,,,,,,,,,tomita_2,,,,,,,,,,,,,,,,,,,,,,,,
by_grammar_model,full_transition_exposure,hashed_pair,nearest,,80,0.9864333333333335,0.06991991400252832,0.007817284034529637,0.5773333333333334,1.0,1.0,,,,0.9864333333333335,,,,,,,,,,,,,,,tomita_2,,,,,,,,,,,,,,,,,,,,,,,,
by_grammar_model,full_transition_exposure,exact_pair,hopfield,,20,1.0,0.0,0.0,1.0,1.0,1.0,,,,1.0,,,,,,,,,,,,,,,tomita_3,,,,,,,,,,,,,,,,,,,,,,,,
by_grammar_model,full_transition_exposure,exact_pair,nearest,,20,1.0,0.0,0.0,1.0,1.0,1.0,,,,1.0,,,,,,,,,,,,,,,tomita_3,,,,,,,,,,,,,,,,,,,,,,,,
by_grammar_model,full_transition_exposure,hashed_pair,hopfield,,80,0.8098041666666667,0.20611825080703663,0.023044721010394238,0.4346666666666666,0.9123333333333333,1.0,,,,0.8098041666666667,,,,,,,,,,,,,,,tomita_3,,,,,,,,,,,,,,,,,,,,,,,,
by_grammar_model,full_transition_exposure,hashed_pair,nearest,,80,0.8098041666666667,0.20611825080703663,0.023044721010394238,0.4346666666666666,0.9123333333333333,1.0,,,,0.8098041666666667,,,,,,,,,,,,,,,tomita_3,,,,,,,,,,,,,,,,,,,,,,,,
by_grammar_model,full_transition_exposure,exact_pair,hopfield,,20,1.0,0.0,0.0,1.0,1.0,1.0,,,,1.0,,,,,,,,,,,,,,,tomita_4,,,,,,,,,,,,,,,,,,,,,,,,
by_grammar_model,full_transition_exposure,exact_pair,nearest,,20,1.0,0.0,0.0,1.0,1.0,1.0,,,,1.0,,,,,,,,,,,,,,,tomita_4,,,,,,,,,,,,,,,,,,,,,,,,
by_grammar_model,full_transition_exposure,hashed_pair,hopfield,,80,0.8125708333333334,0.22593901068791308,0.025260749333361258,0.5,1.0,1.0,,,,0.8125708333333334,,,,,,,,,,,,,,,tomita_4,,,,,,,,,,,,,,,,,,,,,,,,
by_grammar_model,full_transition_exposure,hashed_pair,nearest,,80,0.8125708333333334,0.22593901068791308,0.025260749333361258,0.5,1.0,1.0,,,,0.8125708333333334,,,,,,,,,,,,,,,tomita_4,,,,,,,,,,,,,,,,,,,,,,,,
by_grammar_model,full_transition_exposure,exact_pair,hopfield,,20,1.0,0.0,0.0,1.0,1.0,1.0,,,,1.0,,,,,,,,,,,,,,,tomita_5,,,,,,,,,,,,,,,,,,,,,,,,
by_grammar_model,full_transition_exposure,exact_pair,nearest,,20,1.0,0.0,0.0,1.0,1.0,1.0,,,,1.0,,,,,,,,,,,,,,,tomita_5,,,,,,,,,,,,,,,,,,,,,,,,
by_grammar_model,full_transition_exposure,hashed_pair,hopfield,,80,0.9044625,0.16195534705877504,0.01810715826714958,0.5006666666666667,1.0,1.0,,,,0.9044625,,,,,,,,,,,,,,,tomita_5,,,,,,,,,,,,,,,,,,,,,,,,
by_grammar_model,full_transition_exposure,hashed_pair,nearest,,80,0.9044625,0.16195534705877504,0.01810715826714958,0.5006666666666667,1.0,1.0,,,,0.9044625,,,,,,,,,,,,,,,tomita_5,,,,,,,,,,,,,,,,,,,,,,,,
by_grammar_model,full_transition_exposure,exact_pair,hopfield,,20,1.0,0.0,0.0,1.0,1.0,1.0,,,,1.0,,,,,,,,,,,,,,,tomita_6,,,,,,,,,,,,,,,,,,,,,,,,
by_grammar_model,full_transition_exposure,exact_pair,nearest,,20,1.0,0.0,0.0,1.0,1.0,1.0,,,,1.0,,,,,,,,,,,,,,,tomita_6,,,,,,,,,,,,,,,,,,,,,,,,
by_grammar_model,full_transition_exposure,hashed_pair,hopfield,,80,0.9437208333333332,0.15920287938287256,0.01779942302569014,0.4613333333333333,1.0,1.0,,,,0.9437208333333332,,,,,,,,,,,,,,,tomita_6,,,,,,,,,,,,,,,,,,,,,,,,
by_grammar_model,full_transition_exposure,hashed_pair,nearest,,80,0.9437208333333332,0.15920287938287256,0.01779942302569014,0.4613333333333333,1.0,1.0,,,,0.9437208333333332,,,,,,,,,,,,,,,tomita_6,,,,,,,,,,,,,,,,,,,,,,,,
by_grammar_model,full_transition_exposure,exact_pair,hopfield,,20,1.0,0.0,0.0,1.0,1.0,1.0,,,,1.0,,,,,,,,,,,,,,,tomita_7,,,,,,,,,,,,,,,,,,,,,,,,
by_grammar_model,full_transition_exposure,exact_pair,nearest,,20,1.0,0.0,0.0,1.0,1.0,1.0,,,,1.0,,,,,,,,,,,,,,,tomita_7,,,,,,,,,,,,,,,,,,,,,,,,
by_grammar_model,full_transition_exposure,hashed_pair,hopfield,,80,0.8352125000000001,0.19432517474786334,0.0217262150237874,0.5,1.0,1.0,,,,0.8352125000000001,,,,,,,,,,,,,,,tomita_7,,,,,,,,,,,,,,,,,,,,,,,,
by_grammar_model,full_transition_exposure,hashed_pair,nearest,,80,0.8352125000000001,0.19432517474786334,0.0217262150237874,0.5,1.0,1.0,,,,0.8352125000000001,,,,,,,,,,,,,,,tomita_7,,,,,,,,,,,,,,,,,,,,,,,,
by_grammar_variant,full_transition_exposure,exact_pair,hopfield,dense,20,1.0,0.0,0.0,1.0,1.0,1.0,8.0,1.0,random_noise,1.0,,,,,,,,,,,,,,,contains_101,,,,,,,,,,,,,,,,,,,,,,,,
by_grammar_variant,full_transition_exposure,exact_pair,hopfield,sparse_topk,20,1.0,0.0,0.0,1.0,1.0,1.0,8.0,0.3,random_noise,1.0,,,,,,,,,,,,,,,contains_101,,,,,,,,,,,,,,,,,,,,,,,,
by_grammar_variant,full_transition_exposure,exact_pair,hopfield,sparse_topk,20,0.5501833333333334,0.15383622623726823,0.03439882592685684,0.5,0.5,1.0,8.0,0.5,keep_current,0.5501833333333334,,,,,,,,,,,,,,,contains_101,,,,,,,,,,,,,,,,,,,,,,,,
by_grammar_variant,full_transition_exposure,exact_pair,hopfield,sparse_topk,20,1.0,0.0,0.0,1.0,1.0,1.0,8.0,0.5,random_noise,1.0,,,,,,,,,,,,,,,contains_101,,,,,,,,,,,,,,,,,,,,,,,,
by_grammar_variant,full_transition_exposure,exact_pair,nearest,dense,20,1.0,0.0,0.0,1.0,1.0,1.0,8.0,1.0,random_noise,1.0,,,,,,,,,,,,,,,contains_101,,,,,,,,,,,,,,,,,,,,,,,,
by_grammar_variant,full_transition_exposure,exact_pair,nearest,sparse_topk,20,1.0,0.0,0.0,1.0,1.0,1.0,8.0,0.3,random_noise,1.0,,,,,,,,,,,,,,,contains_101,,,,,,,,,,,,,,,,,,,,,,,,
by_grammar_variant,full_transition_exposure,exact_pair,nearest,sparse_topk,20,0.6,0.20519567041703082,0.04588314677411235,0.5,0.5,1.0,8.0,0.5,keep_current,0.6,,,,,,,,,,,,,,,contains_101,,,,,,,,,,,,,,,,,,,,,,,,
by_grammar_variant,full_transition_exposure,exact_pair,nearest,sparse_topk,20,1.0,0.0,0.0,1.0,1.0,1.0,8.0,0.5,random_noise,1.0,,,,,,,,,,,,,,,contains_101,,,,,,,,,,,,,,,,,,,,,,,,
by_grammar_variant,full_transition_exposure,hashed_pair,hopfield,dense,20,0.8924833333333334,0.2037922768538179,0.04556933843345938,0.5,1.0,1.0,32.0,1.0,random_noise,0.8924833333333334,,,,,,,,,,,,,,,contains_101,,,,,,,,,,,,,,,,,,,,,,,,
by_grammar_variant,full_transition_exposure,hashed_pair,nearest,dense,20,0.8924833333333334,0.2037922768538179,0.04556933843345938,0.5,1.0,1.0,32.0,1.0,random_noise,0.8924833333333334,,,,,,,,,,,,,,,contains_101,,,,,,,,,,,,,,,,,,,,,,,,
by_grammar_variant,full_transition_exposure,hashed_pair,hopfield,dense,20,0.9364999999999999,0.15685846788544258,0.03507461970383173,0.5,1.0,1.0,64.0,1.0,random_noise,0.9364999999999999,,,,,,,,,,,,,,,contains_101,,,,,,,,,,,,,,,,,,,,,,,,
by_grammar_variant,full_transition_exposure,hashed_pair,nearest,dense,20,0.9364999999999999,0.15685846788544258,0.03507461970383173,0.5,1.0,1.0,64.0,1.0,random_noise,0.9364999999999999,,,,,,,,,,,,,,,contains_101,,,,,,,,,,,,,,,,,,,,,,,,
by_grammar_variant,full_transition_exposure,hashed_pair,hopfield,dense,20,0.975,0.11180339887498951,0.025000000000000005,0.5,1.0,1.0,128.0,1.0,random_noise,0.975,,,,,,,,,,,,,,,contains_101,,,,,,,,,,,,,,,,,,,,,,,,
by_grammar_variant,full_transition_exposure,hashed_pair,nearest,dense,20,0.975,0.11180339887498951,0.025000000000000005,0.5,1.0,1.0,128.0,1.0,random_noise,0.975,,,,,,,,,,,,,,,contains_101,,,,,,,,,,,,,,,,,,,,,,,,
by_grammar_variant,full_transition_exposure,hashed_pair,hopfield,dense,20,0.975,0.11180339887498951,0.025000000000000005,0.5,1.0,1.0,256.0,1.0,random_noise,0.975,,,,,,,,,,,,,,,contains_101,,,,,,,,,,,,,,,,,,,,,,,,
by_grammar_variant,full_transition_exposure,hashed_pair,nearest,dense,20,0.975,0.11180339887498951,0.025000000000000005,0.5,1.0,1.0,256.0,1.0,random_noise,0.975,,,,,,,,,,,,,,,contains_101,,,,,,,,,,,,,,,,,,,,,,,,
by_grammar_variant,full_transition_exposure,exact_pair,hopfield,dense,20,1.0,0.0,0.0,1.0,1.0,1.0,6.0,1.0,random_noise,1.0,,,,,,,,,,,,,,,ends_with_01,,,,,,,,,,,,,,,,,,,,,,,,
by_grammar_variant,full_transition_exposure,exact_pair,hopfield,sparse_topk,20,1.0,0.0,0.0,1.0,1.0,1.0,6.0,0.3,random_noise,1.0,,,,,,,,,,,,,,,ends_with_01,,,,,,,,,,,,,,,,,,,,,,,,
by_grammar_variant,full_transition_exposure,exact_pair,hopfield,sparse_topk,20,0.5250833333333332,0.11180391539242275,0.025000115496809232,0.4936666666666666,0.5,1.0,6.0,0.5,keep_current,0.5250833333333332,,,,,,,,,,,,,,,ends_with_01,,,,,,,,,,,,,,,,,,,,,,,,
by_grammar_variant,full_transition_exposure,exact_pair,hopfield,sparse_topk,20,1.0,0.0,0.0,1.0,1.0,1.0,6.0,0.5,random_noise,1.0,,,,,,,,,,,,,,,ends_with_01,,,,,,,,,,,,,,,,,,,,,,,,
by_grammar_variant,full_transition_exposure,exact_pair,nearest,dense,20,1.0,0.0,0.0,1.0,1.0,1.0,6.0,1.0,random_noise,1.0,,,,,,,,,,,,,,,ends_with_01,,,,,,,,,,,,,,,,,,,,,,,,
by_grammar_variant,full_transition_exposure,exact_pair,nearest,sparse_topk,20,1.0,0.0,0.0,1.0,1.0,1.0,6.0,0.3,random_noise,1.0,,,,,,,,,,,,,,,ends_with_01,,,,,,,,,,,,,,,,,,,,,,,,
by_grammar_variant,full_transition_exposure,exact_pair,nearest,sparse_topk,20,0.5424166666666667,0.13034649617203942,0.029146362606959623,0.5,0.5,1.0,6.0,0.5,keep_current,0.5424166666666667,,,,,,,,,,,,,,,ends_with_01,,,,,,,,,,,,,,,,,,,,,,,,
by_grammar_variant,full_transition_exposure,exact_pair,nearest,sparse_topk,20,1.0,0.0,0.0,1.0,1.0,1.0,6.0,0.5,random_noise,1.0,,,,,,,,,,,,,,,ends_with_01,,,,,,,,,,,,,,,,,,,,,,,,
by_grammar_variant,full_transition_exposure,hashed_pair,hopfield,dense,20,0.9088666666666667,0.1617681323838869,0.03617245406035562,0.5,1.0,1.0,32.0,1.0,random_noise,0.9088666666666667,,,,,,,,,,,,,,,ends_with_01,,,,,,,,,,,,,,,,,,,,,,,,
by_grammar_variant,full_transition_exposure,hashed_pair,nearest,dense,20,0.9088666666666667,0.1617681323838869,0.03617245406035562,0.5,1.0,1.0,32.0,1.0,random_noise,0.9088666666666667,,,,,,,,,,,,,,,ends_with_01,,,,,,,,,,,,,,,,,,,,,,,,
by_grammar_variant,full_transition_exposure,hashed_pair,hopfield,dense,20,0.9317666666666667,0.15537165779762932,0.03474215886123344,0.5,1.0,1.0,64.0,1.0,random_noise,0.9317666666666667,,,,,,,,,,,,,,,ends_with_01,,,,,,,,,,,,,,,,,,,,,,,,
by_grammar_variant,full_transition_exposure,hashed_pair,nearest,dense,20,0.9317666666666667,0.15537165779762932,0.03474215886123344,0.5,1.0,1.0,64.0,1.0,random_noise,0.9317666666666667,,,,,,,,,,,,,,,ends_with_01,,,,,,,,,,,,,,,,,,,,,,,,
by_grammar_variant,full_transition_exposure,hashed_pair,hopfield,dense,20,0.9406833333333335,0.1550774367969395,0.034676369045438395,0.5,1.0,1.0,128.0,1.0,random_noise,0.9406833333333335,,,,,,,,,,,,,,,ends_with_01,,,,,,,,,,,,,,,,,,,,,,,,
by_grammar_variant,full_transition_exposure,hashed_pair,nearest,dense,20,0.9406833333333335,0.1550774367969395,0.034676369045438395,0.5,1.0,1.0,128.0,1.0,random_noise,0.9406833333333335,,,,,,,,,,,,,,,ends_with_01,,,,,,,,,,,,,,,,,,,,,,,,
by_grammar_variant,full_transition_exposure,hashed_pair,hopfield,dense,20,0.975,0.11180339887498951,0.025000000000000005,0.5,1.0,1.0,256.0,1.0,random_noise,0.975,,,,,,,,,,,,,,,ends_with_01,,,,,,,,,,,,,,,,,,,,,,,,
by_grammar_variant,full_transition_exposure,hashed_pair,nearest,dense,20,0.975,0.11180339887498951,0.025000000000000005,0.5,1.0,1.0,256.0,1.0,random_noise,0.975,,,,,,,,,,,,,,,ends_with_01,,,,,,,,,,,,,,,,,,,,,,,,
by_grammar_variant,full_transition_exposure,exact_pair,hopfield,dense,20,1.0,0.0,0.0,1.0,1.0,1.0,4.0,1.0,random_noise,1.0,,,,,,,,,,,,,,,even_ones,,,,,,,,,,,,,,,,,,,,,,,,
by_grammar_variant,full_transition_exposure,exact_pair,hopfield,sparse_topk,20,1.0,0.0,0.0,1.0,1.0,1.0,4.0,0.3,random_noise,1.0,,,,,,,,,,,,,,,even_ones,,,,,,,,,,,,,,,,,,,,,,,,
by_grammar_variant,full_transition_exposure,exact_pair,hopfield,sparse_topk,20,0.6752,0.24452994411165976,0.054678557756789564,0.5,0.5006666666666667,1.0,4.0,0.5,keep_current,0.6752,,,,,,,,,,,,,,,even_ones,,,,,,,,,,,,,,,,,,,,,,,,
by_grammar_variant,full_transition_exposure,exact_pair,hopfield,sparse_topk,20,1.0,0.0,0.0,1.0,1.0,1.0,4.0,0.5,random_noise,1.0,,,,,,,,,,,,,,,even_ones,,,,,,,,,,,,,,,,,,,,,,,,
by_grammar_variant,full_transition_exposure,exact_pair,nearest,dense,20,1.0,0.0,0.0,1.0,1.0,1.0,4.0,1.0,random_noise,1.0,,,,,,,,,,,,,,,even_ones,,,,,,,,,,,,,,,,,,,,,,,,
by_grammar_variant,full_transition_exposure,exact_pair,nearest,sparse_topk,20,1.0,0.0,0.0,1.0,1.0,1.0,4.0,0.3,random_noise,1.0,,,,,,,,,,,,,,,even_ones,,,,,,,,,,,,,,,,,,,,,,,,
by_grammar_variant,full_transition_exposure,exact_pair,nearest,sparse_topk,20,0.6751833333333334,0.2445424292584057,0.054681349520472856,0.5,0.5006666666666667,1.0,4.0,0.5,keep_current,0.6751833333333334,,,,,,,,,,,,,,,even_ones,,,,,,,,,,,,,,,,,,,,,,,,
by_grammar_variant,full_transition_exposure,exact_pair,nearest,sparse_topk,20,1.0,0.0,0.0,1.0,1.0,1.0,4.0,0.5,random_noise,1.0,,,,,,,,,,,,,,,even_ones,,,,,,,,,,,,,,,,,,,,,,,,
by_grammar_variant,full_transition_exposure,hashed_pair,hopfield,dense,20,0.9501166666666666,0.15353812696769664,0.034332168903776335,0.5,1.0,1.0,32.0,1.0,random_noise,0.9501166666666666,,,,,,,,,,,,,,,even_ones,,,,,,,,,,,,,,,,,,,,,,,,
by_grammar_variant,full_transition_exposure,hashed_pair,nearest,dense,20,0.9501166666666666,0.15353812696769664,0.034332168903776335,0.5,1.0,1.0,32.0,1.0,random_noise,0.9501166666666666,,,,,,,,,,,,,,,even_ones,,,,,,,,,,,,,,,,,,,,,,,,
by_grammar_variant,full_transition_exposure,hashed_pair,hopfield,dense,20,0.9751166666666666,0.11128164968023953,0.02488333333333333,0.5023333333333333,1.0,1.0,64.0,1.0,random_noise,0.9751166666666666,,,,,,,,,,,,,,,even_ones,,,,,,,,,,,,,,,,,,,,,,,,
by_grammar_variant,full_transition_exposure,hashed_pair,nearest,dense,20,0.9751166666666666,0.11128164968023953,0.02488333333333333,0.5023333333333333,1.0,1.0,64.0,1.0,random_noise,0.9751166666666666,,,,,,,,,,,,,,,even_ones,,,,,,,,,,,,,,,,,,,,,,,,
by_grammar_variant,full_transition_exposure,hashed_pair,hopfield,dense,20,1.0,0.0,0.0,1.0,1.0,1.0,128.0,1.0,random_noise,1.0,,,,,,,,,,,,,,,even_ones,,,,,,,,,,,,,,,,,,,,,,,,
by_grammar_variant,full_transition_exposure,hashed_pair,nearest,dense,20,1.0,0.0,0.0,1.0,1.0,1.0,128.0,1.0,random_noise,1.0,,,,,,,,,,,,,,,even_ones,,,,,,,,,,,,,,,,,,,,,,,,
by_grammar_variant,full_transition_exposure,hashed_pair,hopfield,dense,20,1.0,0.0,0.0,1.0,1.0,1.0,256.0,1.0,random_noise,1.0,,,,,,,,,,,,,,,even_ones,,,,,,,,,,,,,,,,,,,,,,,,
by_grammar_variant,full_transition_exposure,hashed_pair,nearest,dense,20,1.0,0.0,0.0,1.0,1.0,1.0,256.0,1.0,random_noise,1.0,,,,,,,,,,,,,,,even_ones,,,,,,,,,,,,,,,,,,,,,,,,
by_grammar_variant,full_transition_exposure,exact_pair,hopfield,dense,20,1.0,0.0,0.0,1.0,1.0,1.0,6.0,1.0,random_noise,1.0,,,,,,,,,,,,,,,no_substring_11,,,,,,,,,,,,,,,,,,,,,,,,
by_grammar_variant,full_transition_exposure,exact_pair,hopfield,sparse_topk,20,1.0,0.0,0.0,1.0,1.0,1.0,6.0,0.3,random_noise,1.0,,,,,,,,,,,,,,,no_substring_11,,,,,,,,,,,,,,,,,,,,,,,,
by_grammar_variant,full_transition_exposure,exact_pair,hopfield,sparse_topk,20,0.5561666666666667,0.15230964536159697,0.03405747206574163,0.5,0.5,1.0,6.0,0.5,keep_current,0.5561666666666667,,,,,,,,,,,,,,,no_substring_11,,,,,,,,,,,,,,,,,,,,,,,,
by_grammar_variant,full_transition_exposure,exact_pair,hopfield,sparse_topk,20,1.0,0.0,0.0,1.0,1.0,1.0,6.0,0.5,random_noise,1.0,,,,,,,,,,,,,,,no_substring_11,,,,,,,,,,,,,,,,,,,,,,,,
by_grammar_variant,full_transition_exposure,exact_pair,nearest,dense,20,1.0,0.0,0.0,1.0,1.0,1.0,6.0,1.0,random_noise,1.0,,,,,,,,,,,,,,,no_substring_11,,,,,,,,,,,,,,,,,,,,,,,,
by_grammar_variant,full_transition_exposure,exact_pair,nearest,sparse_topk,20,1.0,0.0,0.0,1.0,1.0,1.0,6.0,0.3,random_noise,1.0,,,,,,,,,,,,,,,no_substring_11,,,,,,,,,,,,,,,,,,,,,,,,
by_grammar_variant,full_transition_exposure,exact_pair,nearest,sparse_topk,20,0.625,0.22213082915965965,0.04966996338993914,0.5,0.5,1.0,6.0,0.5,keep_current,0.625,,,,,,,,,,,,,,,no_substring_11,,,,,,,,,,,,,,,,,,,,,,,,
by_grammar_variant,full_transition_exposure,exact_pair,nearest,sparse_topk,20,1.0,0.0,0.0,1.0,1.0,1.0,6.0,0.5,random_noise,1.0,,,,,,,,,,,,,,,no_substring_11,,,,,,,,,,,,,,,,,,,,,,,,
by_grammar_variant,full_transition_exposure,hashed_pair,hopfield,dense,20,0.7861833333333333,0.2440028874098163,0.05456070429545768,0.5,1.0,1.0,32.0,1.0,random_noise,0.7861833333333333,,,,,,,,,,,,,,,no_substring_11,,,,,,,,,,,,,,,,,,,,,,,,
by_grammar_variant,full_transition_exposure,hashed_pair,nearest,dense,20,0.7861833333333333,0.2440028874098163,0.05456070429545768,0.5,1.0,1.0,32.0,1.0,random_noise,0.7861833333333333,,,,,,,,,,,,,,,no_substring_11,,,,,,,,,,,,,,,,,,,,,,,,
by_grammar_variant,full_transition_exposure,hashed_pair,hopfield,dense,20,0.8111833333333334,0.2386946341302483,0.05337374277796766,0.5,1.0,1.0,64.0,1.0,random_noise,0.8111833333333334,,,,,,,,,,,,,,,no_substring_11,,,,,,,,,,,,,,,,,,,,,,,,
by_grammar_variant,full_transition_exposure,hashed_pair,nearest,dense,20,0.8111833333333334,0.2386946341302483,0.05337374277796766,0.5,1.0,1.0,64.0,1.0,random_noise,0.8111833333333334,,,,,,,,,,,,,,,no_substring_11,,,,,,,,,,,,,,,,,,,,,,,,
by_grammar_variant,full_transition_exposure,hashed_pair,hopfield,dense,20,0.9334,0.16392355228627778,0.03665442060253581,0.5,1.0,1.0,128.0,1.0,random_noise,0.9334,,,,,,,,,,,,,,,no_substring_11,,,,,,,,,,,,,,,,,,,,,,,,
by_grammar_variant,full_transition_exposure,hashed_pair,nearest,dense,20,0.9334,0.16392355228627778,0.03665442060253581,0.5,1.0,1.0,128.0,1.0,random_noise,0.9334,,,,,,,,,,,,,,,no_substring_11,,,,,,,,,,,,,,,,,,,,,,,,
by_grammar_variant,full_transition_exposure,hashed_pair,hopfield,dense,20,0.9772166666666667,0.10189016417474042,0.022783333333333333,0.5443333333333333,1.0,1.0,256.0,1.0,random_noise,0.9772166666666667,,,,,,,,,,,,,,,no_substring_11,,,,,,,,,,,,,,,,,,,,,,,,
by_grammar_variant,full_transition_exposure,hashed_pair,nearest,dense,20,0.9772166666666667,0.10189016417474042,0.022783333333333333,0.5443333333333333,1.0,1.0,256.0,1.0,random_noise,0.9772166666666667,,,,,,,,,,,,,,,no_substring_11,,,,,,,,,,,,,,,,,,,,,,,,
by_grammar_variant,full_transition_exposure,exact_pair,hopfield,dense,20,1.0,0.0,0.0,1.0,1.0,1.0,6.0,1.0,random_noise,1.0,,,,,,,,,,,,,,,ones_mod3_zero,,,,,,,,,,,,,,,,,,,,,,,,
by_grammar_variant,full_transition_exposure,exact_pair,hopfield,sparse_topk,20,1.0,0.0,0.0,1.0,1.0,1.0,6.0,0.3,random_noise,1.0,,,,,,,,,,,,,,,ones_mod3_zero,,,,,,,,,,,,,,,,,,,,,,,,
by_grammar_variant,full_transition_exposure,exact_pair,hopfield,sparse_topk,20,0.5510833333333333,0.15353129383658076,0.0343306409692089,0.5,0.5016666666666667,1.0,6.0,0.5,keep_current,0.5510833333333333,,,,,,,,,,,,,,,ones_mod3_zero,,,,,,,,,,,,,,,,,,,,,,,,
by_grammar_variant,full_transition_exposure,exact_pair,hopfield,sparse_topk,20,1.0,0.0,0.0,1.0,1.0,1.0,6.0,0.5,random_noise,1.0,,,,,,,,,,,,,,,ones_mod3_zero,,,,,,,,,,,,,,,,,,,,,,,,
by_grammar_variant,full_transition_exposure,exact_pair,nearest,dense,20,1.0,0.0,0.0,1.0,1.0,1.0,6.0,1.0,random_noise,1.0,,,,,,,,,,,,,,,ones_mod3_zero,,,,,,,,,,,,,,,,,,,,,,,,
by_grammar_variant,full_transition_exposure,exact_pair,nearest,sparse_topk,20,1.0,0.0,0.0,1.0,1.0,1.0,6.0,0.3,random_noise,1.0,,,,,,,,,,,,,,,ones_mod3_zero,,,,,,,,,,,,,,,,,,,,,,,,
by_grammar_variant,full_transition_exposure,exact_pair,nearest,sparse_topk,20,0.6262,0.22142310586943154,0.04951171165131816,0.5,0.5025,1.0,6.0,0.5,keep_current,0.6262,,,,,,,,,,,,,,,ones_mod3_zero,,,,,,,,,,,,,,,,,,,,,,,,
by_grammar_variant,full_transition_exposure,exact_pair,nearest,sparse_topk,20,1.0,0.0,0.0,1.0,1.0,1.0,6.0,0.5,random_noise,1.0,,,,,,,,,,,,,,,ones_mod3_zero,,,,,,,,,,,,,,,,,,,,,,,,
by_grammar_variant,full_transition_exposure,hashed_pair,hopfield,dense,20,0.8499666666666666,0.23688186164050004,0.052968394526485794,0.4363333333333333,1.0,1.0,32.0,1.0,random_noise,0.8499666666666666,,,,,,,,,,,,,,,ones_mod3_zero,,,,,,,,,,,,,,,,,,,,,,,,
by_grammar_variant,full_transition_exposure,hashed_pair,nearest,dense,20,0.8499666666666666,0.23688186164050004,0.052968394526485794,0.4363333333333333,1.0,1.0,32.0,1.0,random_noise,0.8499666666666666,,,,,,,,,,,,,,,ones_mod3_zero,,,,,,,,,,,,,,,,,,,,,,,,
by_grammar_variant,full_transition_exposure,hashed_pair,hopfield,dense,20,0.9798333333333333,0.09018807509249151,0.020166666666666663,0.5966666666666667,1.0,1.0,64.0,1.0,random_noise,0.9798333333333333,,,,,,,,,,,,,,,ones_mod3_zero,,,,,,,,,,,,,,,,,,,,,,,,
by_grammar_variant,full_transition_exposure,hashed_pair,nearest,dense,20,0.9798333333333333,0.09018807509249151,0.020166666666666663,0.5966666666666667,1.0,1.0,64.0,1.0,random_noise,0.9798333333333333,,,,,,,,,,,,,,,ones_mod3_zero,,,,,,,,,,,,,,,,,,,,,,,,
by_grammar_variant,full_transition_exposure,hashed_pair,hopfield,dense,20,0.9798333333333333,0.09018807509249151,0.020166666666666663,0.5966666666666667,1.0,1.0,128.0,1.0,random_noise,0.9798333333333333,,,,,,,,,,,,,,,ones_mod3_zero,,,,,,,,,,,,,,,,,,,,,,,,
by_grammar_variant,full_transition_exposure,hashed_pair,nearest,dense,20,0.9798333333333333,0.09018807509249151,0.020166666666666663,0.5966666666666667,1.0,1.0,128.0,1.0,random_noise,0.9798333333333333,,,,,,,,,,,,,,,ones_mod3_zero,,,,,,,,,,,,,,,,,,,,,,,,
by_grammar_variant,full_transition_exposure,hashed_pair,hopfield,dense,20,1.0,0.0,0.0,1.0,1.0,1.0,256.0,1.0,random_noise,1.0,,,,,,,,,,,,,,,ones_mod3_zero,,,,,,,,,,,,,,,,,,,,,,,,
by_grammar_variant,full_transition_exposure,hashed_pair,nearest,dense,20,1.0,0.0,0.0,1.0,1.0,1.0,256.0,1.0,random_noise,1.0,,,,,,,,,,,,,,,ones_mod3_zero,,,,,,,,,,,,,,,,,,,,,,,,
by_grammar_variant,full_transition_exposure,exact_pair,hopfield,dense,20,0.9973666666666666,0.0032801012678704915,0.0007334529408041666,0.9916666666666668,0.9993333333333332,1.0,63.0,1.0,random_noise,0.9973666666666666,,,,,,,,,,,,,,,reber,,,,,,,,,,,,,,,,,,,,,,,,
by_grammar_variant,full_transition_exposure,exact_pair,hopfield,sparse_topk,20,0.9304833333333333,0.07492666785301182,0.016754112264688262,0.7143333333333334,0.9506666666666668,0.9933333333333332,63.0,0.3,random_noise,0.9304833333333333,,,,,,,,,,,,,,,reber,,,,,,,,,,,,,,,,,,,,,,,,
by_grammar_variant,full_transition_exposure,exact_pair,hopfield,sparse_topk,20,0.51685,0.05426095437412285,0.012133118250455325,0.5,0.5,0.7176666666666667,63.0,0.5,keep_current,0.51685,,,,,,,,,,,,,,,reber,,,,,,,,,,,,,,,,,,,,,,,,
by_grammar_variant,full_transition_exposure,exact_pair,hopfield,sparse_topk,20,0.9571,0.07397099953312664,0.016540418331967635,0.6933333333333334,0.9846666666666666,0.9993333333333332,63.0,0.5,random_noise,0.9571,,,,,,,,,,,,,,,reber,,,,,,,,,,,,,,,,,,,,,,,,
by_grammar_variant,full_transition_exposure,exact_pair,nearest,dense,20,0.9953833333333334,0.011807062511319183,0.0026401394389899075,0.9463333333333334,0.9993333333333332,1.0,63.0,1.0,random_noise,0.9953833333333334,,,,,,,,,,,,,,,reber,,,,,,,,,,,,,,,,,,,,,,,,
by_grammar_variant,full_transition_exposure,exact_pair,nearest,sparse_topk,20,0.9484666666666668,0.030827457951357093,0.006893229155275086,0.8923333333333333,0.9573333333333334,0.9903333333333332,63.0,0.3,random_noise,0.9484666666666668,,,,,,,,,,,,,,,reber,,,,,,,,,,,,,,,,,,,,,,,,
by_grammar_variant,full_transition_exposure,exact_pair,nearest,sparse_topk,20,0.5,0.0,0.0,0.5,0.5,0.5,63.0,0.5,keep_current,0.5,,,,,,,,,,,,,,,reber,,,,,,,,,,,,,,,,,,,,,,,,
by_grammar_variant,full_transition_exposure,exact_pair,nearest,sparse_topk,20,0.9545499999999999,0.06902506325042479,0.015434473357917242,0.7163333333333334,0.9781666666666666,0.9993333333333332,63.0,0.5,random_noise,0.9545499999999999,,,,,,,,,,,,,,,reber,,,,,,,,,,,,,,,,,,,,,,,,
by_grammar_variant,full_transition_exposure,hashed_pair,hopfield,dense,20,0.7229666666666668,0.19017160302340416,0.04252366317504362,0.4933333333333333,0.7226666666666667,0.9943333333333332,32.0,1.0,random_noise,0.7229666666666668,,,,,,,,,,,,,,,reber,,,,,,,,,,,,,,,,,,,,,,,,
by_grammar_variant,full_transition_exposure,hashed_pair,nearest,dense,20,0.7281666666666665,0.18107739613715695,0.04049013669513408,0.5,0.7226666666666667,0.991,32.0,1.0,random_noise,0.7281666666666665,,,,,,,,,,,,,,,reber,,,,,,,,,,,,,,,,,,,,,,,,
by_grammar_variant,full_transition_exposure,hashed_pair,hopfield,dense,20,0.8700166666666667,0.15439462899333092,0.034523688578994786,0.5,0.9848333333333332,0.9996666666666668,64.0,1.0,random_noise,0.8700166666666667,,,,,,,,,,,,,,,reber,,,,,,,,,,,,,,,,,,,,,,,,
by_grammar_variant,full_transition_exposure,hashed_pair,nearest,dense,20,0.8681166666666668,0.15207582269365902,0.03400518772772267,0.5,0.969,0.9993333333333332,64.0,1.0,random_noise,0.8681166666666668,,,,,,,,,,,,,,,reber,,,,,,,,,,,,,,,,,,,,,,,,
by_grammar_variant,full_transition_exposure,hashed_pair,hopfield,dense,20,0.9003500000000001,0.12758707495630753,0.028529337265266463,0.6343333333333333,0.992,1.0,128.0,1.0,random_noise,0.9003500000000001,,,,,,,,,,,,,,,reber,,,,,,,,,,,,,,,,,,,,,,,,
by_grammar_variant,full_transition_exposure,hashed_pair,nearest,dense,20,0.8926833333333333,0.12845835673557668,0.02872416179386674,0.654,0.9913333333333334,1.0,128.0,1.0,random_noise,0.8926833333333333,,,,,,,,,,,,,,,reber,,,,,,,,,,,,,,,,,,,,,,,,
by_grammar_variant,full_transition_exposure,hashed_pair,hopfield,dense,20,0.9463166666666666,0.10337251520875747,0.023114797101191256,0.7413333333333333,0.9961666666666666,1.0,256.0,1.0,random_noise,0.9463166666666666,,,,,,,,,,,,,,,reber,,,,,,,,,,,,,,,,,,,,,,,,
by_grammar_variant,full_transition_exposure,hashed_pair,nearest,dense,20,0.9461333333333334,0.10017419915047286,0.0223996318892059,0.7413333333333333,0.9973333333333334,1.0,256.0,1.0,random_noise,0.9461333333333334,,,,,,,,,,,,,,,reber,,,,,,,,,,,,,,,,,,,,,,,,
by_grammar_variant,full_transition_exposure,exact_pair,hopfield,dense,20,0.575,0.18317377426626164,0.04095890109545627,0.5,0.5,1.0,12.0,1.0,random_noise,0.575,,,,,,,,,,,,,,,tier_alternating_12,,,,,,,,,,,,,,,,,,,,,,,,
by_grammar_variant,full_transition_exposure,exact_pair,hopfield,sparse_topk,20,0.5578000000000001,0.05651759545921277,0.012637718537163318,0.5,0.5609999999999999,0.6663333333333333,12.0,0.3,random_noise,0.5578000000000001,,,,,,,,,,,,,,,tier_alternating_12,,,,,,,,,,,,,,,,,,,,,,,,
by_grammar_variant,full_transition_exposure,exact_pair,hopfield,sparse_topk,20,0.5222833333333333,0.06863372357446378,0.015346967146143085,0.5,0.5,0.7306666666666667,12.0,0.5,keep_current,0.5222833333333333,,,,,,,,,,,,,,,tier_alternating_12,,,,,,,,,,,,,,,,,,,,,,,,
by_grammar_variant,full_transition_exposure,exact_pair,hopfield,sparse_topk,20,0.5700500000000001,0.09949970025521279,0.022248809351150898,0.5,0.53,0.8296666666666667,12.0,0.5,random_noise,0.5700500000000001,,,,,,,,,,,,,,,tier_alternating_12,,,,,,,,,,,,,,,,,,,,,,,,
by_grammar_variant,full_transition_exposure,exact_pair,nearest,dense,20,0.55,0.1538967528127731,0.03441236008058426,0.5,0.5,1.0,12.0,1.0,random_noise,0.55,,,,,,,,,,,,,,,tier_alternating_12,,,,,,,,,,,,,,,,,,,,,,,,
by_grammar_variant,full_transition_exposure,exact_pair,nearest,sparse_topk,20,0.5445333333333333,0.06841842370118145,0.015298824630922447,0.5,0.5,0.6943333333333334,12.0,0.3,random_noise,0.5445333333333333,,,,,,,,,,,,,,,tier_alternating_12,,,,,,,,,,,,,,,,,,,,,,,,
by_grammar_variant,full_transition_exposure,exact_pair,nearest,sparse_topk,20,0.5,0.0,0.0,0.5,0.5,0.5,12.0,0.5,keep_current,0.5,,,,,,,,,,,,,,,tier_alternating_12,,,,,,,,,,,,,,,,,,,,,,,,
by_grammar_variant,full_transition_exposure,exact_pair,nearest,sparse_topk,20,0.5618666666666666,0.0915399379173819,0.020468952383937644,0.5,0.5,0.785,12.0,0.5,random_noise,0.5618666666666666,,,,,,,,,,,,,,,tier_alternating_12,,,,,,,,,,,,,,,,,,,,,,,,
by_grammar_variant,full_transition_exposure,hashed_pair,hopfield,dense,20,0.5219666666666667,0.06226719448290513,0.013923367963197573,0.5,0.5,0.7586666666666667,32.0,1.0,random_noise,0.5219666666666667,,,,,,,,,,,,,,,tier_alternating_12,,,,,,,,,,,,,,,,,,,,,,,,
by_grammar_variant,full_transition_exposure,hashed_pair,nearest,dense,20,0.5171166666666667,0.05984583263862678,0.013381934995004507,0.5,0.5,0.7586666666666667,32.0,1.0,random_noise,0.5171166666666667,,,,,,,,,,,,,,,tier_alternating_12,,,,,,,,,,,,,,,,,,,,,,,,
by_grammar_variant,full_transition_exposure,hashed_pair,hopfield,dense,20,0.5448999999999999,0.11582064678727286,0.02589828394143347,0.5,0.5,0.9313333333333332,64.0,1.0,random_noise,0.5448999999999999,,,,,,,,,,,,,,,tier_alternating_12,,,,,,,,,,,,,,,,,,,,,,,,
by_grammar_variant,full_transition_exposure,hashed_pair,nearest,dense,20,0.5338,0.10835162598595909,0.024228160117723718,0.5,0.5,0.9313333333333332,64.0,1.0,random_noise,0.5338,,,,,,,,,,,,,,,tier_alternating_12,,,,,,,,,,,,,,,,,,,,,,,,
by_grammar_variant,full_transition_exposure,hashed_pair,hopfield,dense,20,0.575,0.18317377426626164,0.04095890109545627,0.5,0.5,1.0,128.0,1.0,random_noise,0.575,,,,,,,,,,,,,,,tier_alternating_12,,,,,,,,,,,,,,,,,,,,,,,,
by_grammar_variant,full_transition_exposure,hashed_pair,nearest,dense,20,0.55,0.1538967528127731,0.03441236008058426,0.5,0.5,1.0,128.0,1.0,random_noise,0.55,,,,,,,,,,,,,,,tier_alternating_12,,,,,,,,,,,,,,,,,,,,,,,,
by_grammar_variant,full_transition_exposure,hashed_pair,hopfield,dense,20,0.575,0.18317377426626164,0.04095890109545627,0.5,0.5,1.0,256.0,1.0,random_noise,0.575,,,,,,,,,,,,,,,tier_alternating_12,,,,,,,,,,,,,,,,,,,,,,,,
by_grammar_variant,full_transition_exposure,hashed_pair,nearest,dense,20,0.55,0.1538967528127731,0.03441236008058426,0.5,0.5,1.0,256.0,1.0,random_noise,0.55,,,,,,,,,,,,,,,tier_alternating_12,,,,,,,,,,,,,,,,,,,,,,,,
by_grammar_variant,full_transition_exposure,exact_pair,hopfield,dense,20,1.0,0.0,0.0,1.0,1.0,1.0,4.0,1.0,random_noise,1.0,,,,,,,,,,,,,,,tomita_1,,,,,,,,,,,,,,,,,,,,,,,,
by_grammar_variant,full_transition_exposure,exact_pair,hopfield,sparse_topk,20,1.0,0.0,0.0,1.0,1.0,1.0,4.0,0.3,random_noise,1.0,,,,,,,,,,,,,,,tomita_1,,,,,,,,,,,,,,,,,,,,,,,,
by_grammar_variant,full_transition_exposure,exact_pair,hopfield,sparse_topk,20,0.7,0.2513123449750173,0.05619514869490164,0.5,0.5,1.0,4.0,0.5,keep_current,0.7,,,,,,,,,,,,,,,tomita_1,,,,,,,,,,,,,,,,,,,,,,,,
by_grammar_variant,full_transition_exposure,exact_pair,hopfield,sparse_topk,20,1.0,0.0,0.0,1.0,1.0,1.0,4.0,0.5,random_noise,1.0,,,,,,,,,,,,,,,tomita_1,,,,,,,,,,,,,,,,,,,,,,,,
by_grammar_variant,full_transition_exposure,exact_pair,nearest,dense,20,1.0,0.0,0.0,1.0,1.0,1.0,4.0,1.0,random_noise,1.0,,,,,,,,,,,,,,,tomita_1,,,,,,,,,,,,,,,,,,,,,,,,
by_grammar_variant,full_transition_exposure,exact_pair,nearest,sparse_topk,20,1.0,0.0,0.0,1.0,1.0,1.0,4.0,0.3,random_noise,1.0,,,,,,,,,,,,,,,tomita_1,,,,,,,,,,,,,,,,,,,,,,,,
by_grammar_variant,full_transition_exposure,exact_pair,nearest,sparse_topk,20,0.65,0.2350811729908136,0.05256574830378467,0.5,0.5,1.0,4.0,0.5,keep_current,0.65,,,,,,,,,,,,,,,tomita_1,,,,,,,,,,,,,,,,,,,,,,,,
by_grammar_variant,full_transition_exposure,exact_pair,nearest,sparse_topk,20,1.0,0.0,0.0,1.0,1.0,1.0,4.0,0.5,random_noise,1.0,,,,,,,,,,,,,,,tomita_1,,,,,,,,,,,,,,,,,,,,,,,,
by_grammar_variant,full_transition_exposure,hashed_pair,hopfield,dense,20,1.0,0.0,0.0,1.0,1.0,1.0,32.0,1.0,random_noise,1.0,,,,,,,,,,,,,,,tomita_1,,,,,,,,,,,,,,,,,,,,,,,,
by_grammar_variant,full_transition_exposure,hashed_pair,nearest,dense,20,1.0,0.0,0.0,1.0,1.0,1.0,32.0,1.0,random_noise,1.0,,,,,,,,,,,,,,,tomita_1,,,,,,,,,,,,,,,,,,,,,,,,
by_grammar_variant,full_transition_exposure,hashed_pair,hopfield,dense,20,1.0,0.0,0.0,1.0,1.0,1.0,64.0,1.0,random_noise,1.0,,,,,,,,,,,,,,,tomita_1,,,,,,,,,,,,,,,,,,,,,,,,
by_grammar_variant,full_transition_exposure,hashed_pair,nearest,dense,20,1.0,0.0,0.0,1.0,1.0,1.0,64.0,1.0,random_noise,1.0,,,,,,,,,,,,,,,tomita_1,,,,,,,,,,,,,,,,,,,,,,,,
by_grammar_variant,full_transition_exposure,hashed_pair,hopfield,dense,20,1.0,0.0,0.0,1.0,1.0,1.0,128.0,1.0,random_noise,1.0,,,,,,,,,,,,,,,tomita_1,,,,,,,,,,,,,,,,,,,,,,,,
by_grammar_variant,full_transition_exposure,hashed_pair,nearest,dense,20,1.0,0.0,0.0,1.0,1.0,1.0,128.0,1.0,random_noise,1.0,,,,,,,,,,,,,,,tomita_1,,,,,,,,,,,,,,,,,,,,,,,,
by_grammar_variant,full_transition_exposure,hashed_pair,hopfield,dense,20,1.0,0.0,0.0,1.0,1.0,1.0,256.0,1.0,random_noise,1.0,,,,,,,,,,,,,,,tomita_1,,,,,,,,,,,,,,,,,,,,,,,,
by_grammar_variant,full_transition_exposure,hashed_pair,nearest,dense,20,1.0,0.0,0.0,1.0,1.0,1.0,256.0,1.0,random_noise,1.0,,,,,,,,,,,,,,,tomita_1,,,,,,,,,,,,,,,,,,,,,,,,
by_grammar_variant,full_transition_exposure,exact_pair,hopfield,dense,20,1.0,0.0,0.0,1.0,1.0,1.0,6.0,1.0,random_noise,1.0,,,,,,,,,,,,,,,tomita_2,,,,,,,,,,,,,,,,,,,,,,,,
by_grammar_variant,full_transition_exposure,exact_pair,hopfield,sparse_topk,20,1.0,0.0,0.0,1.0,1.0,1.0,6.0,0.3,random_noise,1.0,,,,,,,,,,,,,,,tomita_2,,,,,,,,,,,,,,,,,,,,,,,,
by_grammar_variant,full_transition_exposure,exact_pair,hopfield,sparse_topk,20,0.6205333333333333,0.16844536483878833,0.037665528627428356,0.5,0.5678333333333334,1.0,6.0,0.5,keep_current,0.6205333333333333,,,,,,,,,,,,,,,tomita_2,,,,,,,,,,,,,,,,,,,,,,,,
by_grammar_variant,full_transition_exposure,exact_pair,hopfield,sparse_topk,20,1.0,0.0,0.0,1.0,1.0,1.0,6.0,0.5,random_noise,1.0,,,,,,,,,,,,,,,tomita_2,,,,,,,,,,,,,,,,,,,,,,,,
by_grammar_variant,full_transition_exposure,exact_pair,nearest,dense,20,1.0,0.0,0.0,1.0,1.0,1.0,6.0,1.0,random_noise,1.0,,,,,,,,,,,,,,,tomita_2,,,,,,,,,,,,,,,,,,,,,,,,
by_grammar_variant,full_transition_exposure,exact_pair,nearest,sparse_topk,20,1.0,0.0,0.0,1.0,1.0,1.0,6.0,0.3,random_noise,1.0,,,,,,,,,,,,,,,tomita_2,,,,,,,,,,,,,,,,,,,,,,,,
by_grammar_variant,full_transition_exposure,exact_pair,nearest,sparse_topk,20,0.6103666666666666,0.17123353295139812,0.038288981970677635,0.5,0.5628333333333333,1.0,6.0,0.5,keep_current,0.6103666666666666,,,,,,,,,,,,,,,tomita_2,,,,,,,,,,,,,,,,,,,,,,,,
by_grammar_variant,full_transition_exposure,exact_pair,nearest,sparse_topk,20,1.0,0.0,0.0,1.0,1.0,1.0,6.0,0.5,random_noise,1.0,,,,,,,,,,,,,,,tomita_2,,,,,,,,,,,,,,,,,,,,,,,,
by_grammar_variant,full_transition_exposure,hashed_pair,hopfield,dense,20,0.9465166666666667,0.13447891528031727,0.03007039961072246,0.5773333333333334,1.0,1.0,32.0,1.0,random_noise,0.9465166666666667,,,,,,,,,,,,,,,tomita_2,,,,,,,,,,,,,,,,,,,,,,,,
by_grammar_variant,full_transition_exposure,hashed_pair,nearest,dense,20,0.9465166666666667,0.13447891528031727,0.03007039961072246,0.5773333333333334,1.0,1.0,32.0,1.0,random_noise,0.9465166666666667,,,,,,,,,,,,,,,tomita_2,,,,,,,,,,,,,,,,,,,,,,,,
by_grammar_variant,full_transition_exposure,hashed_pair,hopfield,dense,20,0.9992166666666668,0.0024116554213537943,0.0005392625460452982,0.992,1.0,1.0,64.0,1.0,random_noise,0.9992166666666668,,,,,,,,,,,,,,,tomita_2,,,,,,,,,,,,,,,,,,,,,,,,
by_grammar_variant,full_transition_exposure,hashed_pair,nearest,dense,20,0.9992166666666668,0.0024116554213537943,0.0005392625460452982,0.992,1.0,1.0,64.0,1.0,random_noise,0.9992166666666668,,,,,,,,,,,,,,,tomita_2,,,,,,,,,,,,,,,,,,,,,,,,
by_grammar_variant,full_transition_exposure,hashed_pair,hopfield,dense,20,1.0,0.0,0.0,1.0,1.0,1.0,128.0,1.0,random_noise,1.0,,,,,,,,,,,,,,,tomita_2,,,,,,,,,,,,,,,,,,,,,,,,
by_grammar_variant,full_transition_exposure,hashed_pair,nearest,dense,20,1.0,0.0,0.0,1.0,1.0,1.0,128.0,1.0,random_noise,1.0,,,,,,,,,,,,,,,tomita_2,,,,,,,,,,,,,,,,,,,,,,,,
by_grammar_variant,full_transition_exposure,hashed_pair,hopfield,dense,20,1.0,0.0,0.0,1.0,1.0,1.0,256.0,1.0,random_noise,1.0,,,,,,,,,,,,,,,tomita_2,,,,,,,,,,,,,,,,,,,,,,,,
by_grammar_variant,full_transition_exposure,hashed_pair,nearest,dense,20,1.0,0.0,0.0,1.0,1.0,1.0,256.0,1.0,random_noise,1.0,,,,,,,,,,,,,,,tomita_2,,,,,,,,,,,,,,,,,,,,,,,,
by_grammar_variant,full_transition_exposure,exact_pair,hopfield,dense,20,1.0,0.0,0.0,1.0,1.0,1.0,12.0,1.0,random_noise,1.0,,,,,,,,,,,,,,,tomita_3,,,,,,,,,,,,,,,,,,,,,,,,
by_grammar_variant,full_transition_exposure,exact_pair,hopfield,sparse_topk,20,1.0,0.0,0.0,1.0,1.0,1.0,12.0,0.3,random_noise,1.0,,,,,,,,,,,,,,,tomita_3,,,,,,,,,,,,,,,,,,,,,,,,
by_grammar_variant,full_transition_exposure,exact_pair,hopfield,sparse_topk,20,0.52055,0.05871541784231514,0.013129166562272067,0.5,0.5,0.715,12.0,0.5,keep_current,0.52055,,,,,,,,,,,,,,,tomita_3,,,,,,,,,,,,,,,,,,,,,,,,
by_grammar_variant,full_transition_exposure,exact_pair,hopfield,sparse_topk,20,1.0,0.0,0.0,1.0,1.0,1.0,12.0,0.5,random_noise,1.0,,,,,,,,,,,,,,,tomita_3,,,,,,,,,,,,,,,,,,,,,,,,
by_grammar_variant,full_transition_exposure,exact_pair,nearest,dense,20,1.0,0.0,0.0,1.0,1.0,1.0,12.0,1.0,random_noise,1.0,,,,,,,,,,,,,,,tomita_3,,,,,,,,,,,,,,,,,,,,,,,,
by_grammar_variant,full_transition_exposure,exact_pair,nearest,sparse_topk,20,1.0,0.0,0.0,1.0,1.0,1.0,12.0,0.3,random_noise,1.0,,,,,,,,,,,,,,,tomita_3,,,,,,,,,,,,,,,,,,,,,,,,
by_grammar_variant,full_transition_exposure,exact_pair,nearest,sparse_topk,20,0.56355,0.13009961433118394,0.029091158149103312,0.5,0.5,1.0,12.0,0.5,keep_current,0.56355,,,,,,,,,,,,,,,tomita_3,,,,,,,,,,,,,,,,,,,,,,,,
by_grammar_variant,full_transition_exposure,exact_pair,nearest,sparse_topk,20,1.0,0.0,0.0,1.0,1.0,1.0,12.0,0.5,random_noise,1.0,,,,,,,,,,,,,,,tomita_3,,,,,,,,,,,,,,,,,,,,,,,,
by_grammar_variant,full_transition_exposure,hashed_pair,hopfield,dense,20,0.6657833333333334,0.18028662283782737,0.040313314409924805,0.456,0.6093333333333333,1.0,32.0,1.0,random_noise,0.6657833333333334,,,,,,,,,,,,,,,tomita_3,,,,,,,,,,,,,,,,,,,,,,,,
by_grammar_variant,full_transition_exposure,hashed_pair,nearest,dense,20,0.6657833333333334,0.18028662283782737,0.040313314409924805,0.456,0.6093333333333333,1.0,32.0,1.0,random_noise,0.6657833333333334,,,,,,,,,,,,,,,tomita_3,,,,,,,,,,,,,,,,,,,,,,,,
by_grammar_variant,full_transition_exposure,hashed_pair,hopfield,dense,20,0.78485,0.19617546373871378,0.0438661672437309,0.5,0.7728333333333333,1.0,64.0,1.0,random_noise,0.78485,,,,,,,,,,,,,,,tomita_3,,,,,,,,,,,,,,,,,,,,,,,,
by_grammar_variant,full_transition_exposure,hashed_pair,nearest,dense,20,0.78485,0.19617546373871378,0.0438661672437309,0.5,0.7728333333333333,1.0,64.0,1.0,random_noise,0.78485,,,,,,,,,,,,,,,tomita_3,,,,,,,,,,,,,,,,,,,,,,,,
by_grammar_variant,full_transition_exposure,hashed_pair,hopfield,dense,20,0.8565833333333333,0.20150904018146135,0.04505879119264841,0.4346666666666666,1.0,1.0,128.0,1.0,random_noise,0.8565833333333333,,,,,,,,,,,,,,,tomita_3,,,,,,,,,,,,,,,,,,,,,,,,
by_grammar_variant,full_transition_exposure,hashed_pair,nearest,dense,20,0.8565833333333333,0.20150904018146135,0.04505879119264841,0.4346666666666666,1.0,1.0,128.0,1.0,random_noise,0.8565833333333333,,,,,,,,,,,,,,,tomita_3,,,,,,,,,,,,,,,,,,,,,,,,
by_grammar_variant,full_transition_exposure,hashed_pair,hopfield,dense,20,0.932,0.1566612167771758,0.03503051301515956,0.5,1.0,1.0,256.0,1.0,random_noise,0.932,,,,,,,,,,,,,,,tomita_3,,,,,,,,,,,,,,,,,,,,,,,,
by_grammar_variant,full_transition_exposure,hashed_pair,nearest,dense,20,0.932,0.1566612167771758,0.03503051301515956,0.5,1.0,1.0,256.0,1.0,random_noise,0.932,,,,,,,,,,,,,,,tomita_3,,,,,,,,,,,,,,,,,,,,,,,,
by_grammar_variant,full_transition_exposure,exact_pair,hopfield,dense,20,1.0,0.0,0.0,1.0,1.0,1.0,8.0,1.0,random_noise,1.0,,,,,,,,,,,,,,,tomita_4,,,,,,,,,,,,,,,,,,,,,,,,
by_grammar_variant,full_transition_exposure,exact_pair,hopfield,sparse_topk,20,1.0,0.0,0.0,1.0,1.0,1.0,8.0,0.3,random_noise,1.0,,,,,,,,,,,,,,,tomita_4,,,,,,,,,,,,,,,,,,,,,,,,
by_grammar_variant,full_transition_exposure,exact_pair,hopfield,sparse_topk,20,0.5525833333333333,0.13631009860775592,0.030479864650664167,0.5,0.5,1.0,8.0,0.5,keep_current,0.5525833333333333,,,,,,,,,,,,,,,tomita_4,,,,,,,,,,,,,,,,,,,,,,,,
by_grammar_variant,full_transition_exposure,exact_pair,hopfield,sparse_topk,20,1.0,0.0,0.0,1.0,1.0,1.0,8.0,0.5,random_noise,1.0,,,,,,,,,,,,,,,tomita_4,,,,,,,,,,,,,,,,,,,,,,,,
by_grammar_variant,full_transition_exposure,exact_pair,nearest,dense,20,1.0,0.0,0.0,1.0,1.0,1.0,8.0,1.0,random_noise,1.0,,,,,,,,,,,,,,,tomita_4,,,,,,,,,,,,,,,,,,,,,,,,
by_grammar_variant,full_transition_exposure,exact_pair,nearest,sparse_topk,20,1.0,0.0,0.0,1.0,1.0,1.0,8.0,0.3,random_noise,1.0,,,,,,,,,,,,,,,tomita_4,,,,,,,,,,,,,,,,,,,,,,,,
by_grammar_variant,full_transition_exposure,exact_pair,nearest,sparse_topk,20,0.5,0.0,0.0,0.5,0.5,0.5,8.0,0.5,keep_current,0.5,,,,,,,,,,,,,,,tomita_4,,,,,,,,,,,,,,,,,,,,,,,,
by_grammar_variant,full_transition_exposure,exact_pair,nearest,sparse_topk,20,1.0,0.0,0.0,1.0,1.0,1.0,8.0,0.5,random_noise,1.0,,,,,,,,,,,,,,,tomita_4,,,,,,,,,,,,,,,,,,,,,,,,
by_grammar_variant,full_transition_exposure,hashed_pair,hopfield,dense,20,0.67485,0.21025193673444437,0.04701376229392027,0.5,0.5998333333333333,1.0,32.0,1.0,random_noise,0.67485,,,,,,,,,,,,,,,tomita_4,,,,,,,,,,,,,,,,,,,,,,,,
by_grammar_variant,full_transition_exposure,hashed_pair,nearest,dense,20,0.67485,0.21025193673444437,0.04701376229392027,0.5,0.5998333333333333,1.0,32.0,1.0,random_noise,0.67485,,,,,,,,,,,,,,,tomita_4,,,,,,,,,,,,,,,,,,,,,,,,
by_grammar_variant,full_transition_exposure,hashed_pair,hopfield,dense,20,0.7735,0.23815878775962582,0.053253923886946816,0.5,0.8393333333333333,1.0,64.0,1.0,random_noise,0.7735,,,,,,,,,,,,,,,tomita_4,,,,,,,,,,,,,,,,,,,,,,,,
by_grammar_variant,full_transition_exposure,hashed_pair,nearest,dense,20,0.7735,0.23815878775962582,0.053253923886946816,0.5,0.8393333333333333,1.0,64.0,1.0,random_noise,0.7735,,,,,,,,,,,,,,,tomita_4,,,,,,,,,,,,,,,,,,,,,,,,
by_grammar_variant,full_transition_exposure,hashed_pair,hopfield,dense,20,0.8884666666666667,0.20115030021069769,0.04497857449656103,0.5,1.0,1.0,128.0,1.0,random_noise,0.8884666666666667,,,,,,,,,,,,,,,tomita_4,,,,,,,,,,,,,,,,,,,,,,,,
by_grammar_variant,full_transition_exposure,hashed_pair,nearest,dense,20,0.8884666666666667,0.20115030021069769,0.04497857449656103,0.5,1.0,1.0,128.0,1.0,random_noise,0.8884666666666667,,,,,,,,,,,,,,,tomita_4,,,,,,,,,,,,,,,,,,,,,,,,
by_grammar_variant,full_transition_exposure,hashed_pair,hopfield,dense,20,0.9134666666666668,0.1803214608408164,0.04032110442421318,0.5,1.0,1.0,256.0,1.0,random_noise,0.9134666666666668,,,,,,,,,,,,,,,tomita_4,,,,,,,,,,,,,,,,,,,,,,,,
by_grammar_variant,full_transition_exposure,hashed_pair,nearest,dense,20,0.9134666666666668,0.1803214608408164,0.04032110442421318,0.5,1.0,1.0,256.0,1.0,random_noise,0.9134666666666668,,,,,,,,,,,,,,,tomita_4,,,,,,,,,,,,,,,,,,,,,,,,
by_grammar_variant,full_transition_exposure,exact_pair,hopfield,dense,20,1.0,0.0,0.0,1.0,1.0,1.0,8.0,1.0,random_noise,1.0,,,,,,,,,,,,,,,tomita_5,,,,,,,,,,,,,,,,,,,,,,,,
by_grammar_variant,full_transition_exposure,exact_pair,hopfield,sparse_topk,20,1.0,0.0,0.0,1.0,1.0,1.0,8.0,0.3,random_noise,1.0,,,,,,,,,,,,,,,tomita_5,,,,,,,,,,,,,,,,,,,,,,,,
by_grammar_variant,full_transition_exposure,exact_pair,hopfield,sparse_topk,20,0.5156499999999999,0.03719970995925414,0.008318108021216818,0.4996666666666666,0.5003333333333333,0.6513333333333333,8.0,0.5,keep_current,0.5156499999999999,,,,,,,,,,,,,,,tomita_5,,,,,,,,,,,,,,,,,,,,,,,,
by_grammar_variant,full_transition_exposure,exact_pair,hopfield,sparse_topk,20,1.0,0.0,0.0,1.0,1.0,1.0,8.0,0.5,random_noise,1.0,,,,,,,,,,,,,,,tomita_5,,,,,,,,,,,,,,,,,,,,,,,,
by_grammar_variant,full_transition_exposure,exact_pair,nearest,dense,20,1.0,0.0,0.0,1.0,1.0,1.0,8.0,1.0,random_noise,1.0,,,,,,,,,,,,,,,tomita_5,,,,,,,,,,,,,,,,,,,,,,,,
by_grammar_variant,full_transition_exposure,exact_pair,nearest,sparse_topk,20,1.0,0.0,0.0,1.0,1.0,1.0,8.0,0.3,random_noise,1.0,,,,,,,,,,,,,,,tomita_5,,,,,,,,,,,,,,,,,,,,,,,,
by_grammar_variant,full_transition_exposure,exact_pair,nearest,sparse_topk,20,0.5365333333333333,0.11301862393749602,0.025271732584772603,0.5,0.5,1.0,8.0,0.5,keep_current,0.5365333333333333,,,,,,,,,,,,,,,tomita_5,,,,,,,,,,,,,,,,,,,,,,,,
by_grammar_variant,full_transition_exposure,exact_pair,nearest,sparse_topk,20,1.0,0.0,0.0,1.0,1.0,1.0,8.0,0.5,random_noise,1.0,,,,,,,,,,,,,,,tomita_5,,,,,,,,,,,,,,,,,,,,,,,,
by_grammar_variant,full_transition_exposure,hashed_pair,hopfield,dense,20,0.8265833333333333,0.18900886067908212,0.04226366608282147,0.5006666666666667,0.8873333333333333,1.0,32.0,1.0,random_noise,0.8265833333333333,,,,,,,,,,,,,,,tomita_5,,,,,,,,,,,,,,,,,,,,,,,,
by_grammar_variant,full_transition_exposure,hashed_pair,nearest,dense,20,0.8265833333333333,0.18900886067908212,0.04226366608282147,0.5006666666666667,0.8873333333333333,1.0,32.0,1.0,random_noise,0.8265833333333333,,,,,,,,,,,,,,,tomita_5,,,,,,,,,,,,,,,,,,,,,,,,
by_grammar_variant,full_transition_exposure,hashed_pair,hopfield,dense,20,0.8722666666666667,0.18436483662145597,0.04122523073462182,0.5613333333333334,1.0,1.0,64.0,1.0,random_noise,0.8722666666666667,,,,,,,,,,,,,,,tomita_5,,,,,,,,,,,,,,,,,,,,,,,,
by_grammar_variant,full_transition_exposure,hashed_pair,nearest,dense,20,0.8722666666666667,0.18436483662145597,0.04122523073462182,0.5613333333333334,1.0,1.0,64.0,1.0,random_noise,0.8722666666666667,,,,,,,,,,,,,,,tomita_5,,,,,,,,,,,,,,,,,,,,,,,,
by_grammar_variant,full_transition_exposure,hashed_pair,hopfield,dense,20,0.9514833333333333,0.1212474380268308,0.02711175135256866,0.596,1.0,1.0,128.0,1.0,random_noise,0.9514833333333333,,,,,,,,,,,,,,,tomita_5,,,,,,,,,,,,,,,,,,,,,,,,
by_grammar_variant,full_transition_exposure,hashed_pair,nearest,dense,20,0.9514833333333333,0.1212474380268308,0.02711175135256866,0.596,1.0,1.0,128.0,1.0,random_noise,0.9514833333333333,,,,,,,,,,,,,,,tomita_5,,,,,,,,,,,,,,,,,,,,,,,,
by_grammar_variant,full_transition_exposure,hashed_pair,hopfield,dense,20,0.9675166666666666,0.10322810006618768,0.02308250489361462,0.596,1.0,1.0,256.0,1.0,random_noise,0.9675166666666666,,,,,,,,,,,,,,,tomita_5,,,,,,,,,,,,,,,,,,,,,,,,
by_grammar_variant,full_transition_exposure,hashed_pair,nearest,dense,20,0.9675166666666666,0.10322810006618768,0.02308250489361462,0.596,1.0,1.0,256.0,1.0,random_noise,0.9675166666666666,,,,,,,,,,,,,,,tomita_5,,,,,,,,,,,,,,,,,,,,,,,,
by_grammar_variant,full_transition_exposure,exact_pair,hopfield,dense,20,1.0,0.0,0.0,1.0,1.0,1.0,6.0,1.0,random_noise,1.0,,,,,,,,,,,,,,,tomita_6,,,,,,,,,,,,,,,,,,,,,,,,
by_grammar_variant,full_transition_exposure,exact_pair,hopfield,sparse_topk,20,1.0,0.0,0.0,1.0,1.0,1.0,6.0,0.3,random_noise,1.0,,,,,,,,,,,,,,,tomita_6,,,,,,,,,,,,,,,,,,,,,,,,
by_grammar_variant,full_transition_exposure,exact_pair,hopfield,sparse_topk,20,0.49989999999999996,0.0038099592482970413,0.0008519327870696184,0.4846666666666667,0.5,0.5053333333333333,6.0,0.5,keep_current,0.49989999999999996,,,,,,,,,,,,,,,tomita_6,,,,,,,,,,,,,,,,,,,,,,,,
by_grammar_variant,full_transition_exposure,exact_pair,hopfield,sparse_topk,20,1.0,0.0,0.0,1.0,1.0,1.0,6.0,0.5,random_noise,1.0,,,,,,,,,,,,,,,tomita_6,,,,,,,,,,,,,,,,,,,,,,,,
by_grammar_variant,full_transition_exposure,exact_pair,nearest,dense,20,1.0,0.0,0.0,1.0,1.0,1.0,6.0,1.0,random_noise,1.0,,,,,,,,,,,,,,,tomita_6,,,,,,,,,,,,,,,,,,,,,,,,
by_grammar_variant,full_transition_exposure,exact_pair,nearest,sparse_topk,20,1.0,0.0,0.0,1.0,1.0,1.0,6.0,0.3,random_noise,1.0,,,,,,,,,,,,,,,tomita_6,,,,,,,,,,,,,,,,,,,,,,,,
by_grammar_variant,full_transition_exposure,exact_pair,nearest,sparse_topk,20,0.5000333333333333,0.001844543081981704,0.00041245237187380573,0.4943333333333333,0.5,0.5053333333333333,6.0,0.5,keep_current,0.5000333333333333,,,,,,,,,,,,,,,tomita_6,,,,,,,,,,,,,,,,,,,,,,,,
by_grammar_variant,full_transition_exposure,exact_pair,nearest,sparse_topk,20,1.0,0.0,0.0,1.0,1.0,1.0,6.0,0.5,random_noise,1.0,,,,,,,,,,,,,,,tomita_6,,,,,,,,,,,,,,,,,,,,,,,,
by_grammar_variant,full_transition_exposure,hashed_pair,hopfield,dense,20,0.8233499999999999,0.2472776329912954,0.05529295966837812,0.4613333333333333,1.0,1.0,32.0,1.0,random_noise,0.8233499999999999,,,,,,,,,,,,,,,tomita_6,,,,,,,,,,,,,,,,,,,,,,,,
by_grammar_variant,full_transition_exposure,hashed_pair,nearest,dense,20,0.8233499999999999,0.2472776329912954,0.05529295966837812,0.4613333333333333,1.0,1.0,32.0,1.0,random_noise,0.8233499999999999,,,,,,,,,,,,,,,tomita_6,,,,,,,,,,,,,,,,,,,,,,,,
by_grammar_variant,full_transition_exposure,hashed_pair,hopfield,dense,20,0.9515333333333335,0.14917729159454993,0.033357056470472164,0.515,1.0,1.0,64.0,1.0,random_noise,0.9515333333333335,,,,,,,,,,,,,,,tomita_6,,,,,,,,,,,,,,,,,,,,,,,,
by_grammar_variant,full_transition_exposure,hashed_pair,nearest,dense,20,0.9515333333333335,0.14917729159454993,0.033357056470472164,0.515,1.0,1.0,64.0,1.0,random_noise,0.9515333333333335,,,,,,,,,,,,,,,tomita_6,,,,,,,,,,,,,,,,,,,,,,,,
by_grammar_variant,full_transition_exposure,hashed_pair,hopfield,dense,20,1.0,0.0,0.0,1.0,1.0,1.0,128.0,1.0,random_noise,1.0,,,,,,,,,,,,,,,tomita_6,,,,,,,,,,,,,,,,,,,,,,,,
by_grammar_variant,full_transition_exposure,hashed_pair,nearest,dense,20,1.0,0.0,0.0,1.0,1.0,1.0,128.0,1.0,random_noise,1.0,,,,,,,,,,,,,,,tomita_6,,,,,,,,,,,,,,,,,,,,,,,,
by_grammar_variant,full_transition_exposure,hashed_pair,hopfield,dense,20,1.0,0.0,0.0,1.0,1.0,1.0,256.0,1.0,random_noise,1.0,,,,,,,,,,,,,,,tomita_6,,,,,,,,,,,,,,,,,,,,,,,,
by_grammar_variant,full_transition_exposure,hashed_pair,nearest,dense,20,1.0,0.0,0.0,1.0,1.0,1.0,256.0,1.0,random_noise,1.0,,,,,,,,,,,,,,,tomita_6,,,,,,,,,,,,,,,,,,,,,,,,
by_grammar_variant,full_transition_exposure,exact_pair,hopfield,dense,20,1.0,0.0,0.0,1.0,1.0,1.0,10.0,1.0,random_noise,1.0,,,,,,,,,,,,,,,tomita_7,,,,,,,,,,,,,,,,,,,,,,,,
by_grammar_variant,full_transition_exposure,exact_pair,hopfield,sparse_topk,20,1.0,0.0,0.0,1.0,1.0,1.0,10.0,0.3,random_noise,1.0,,,,,,,,,,,,,,,tomita_7,,,,,,,,,,,,,,,,,,,,,,,,
by_grammar_variant,full_transition_exposure,exact_pair,hopfield,sparse_topk,20,0.5275000000000001,0.1115522849640551,0.024943849222505487,0.5,0.5,1.0,10.0,0.5,keep_current,0.5275000000000001,,,,,,,,,,,,,,,tomita_7,,,,,,,,,,,,,,,,,,,,,,,,
by_grammar_variant,full_transition_exposure,exact_pair,hopfield,sparse_topk,20,1.0,0.0,0.0,1.0,1.0,1.0,10.0,0.5,random_noise,1.0,,,,,,,,,,,,,,,tomita_7,,,,,,,,,,,,,,,,,,,,,,,,
by_grammar_variant,full_transition_exposure,exact_pair,nearest,dense,20,1.0,0.0,0.0,1.0,1.0,1.0,10.0,1.0,random_noise,1.0,,,,,,,,,,,,,,,tomita_7,,,,,,,,,,,,,,,,,,,,,,,,
by_grammar_variant,full_transition_exposure,exact_pair,nearest,sparse_topk,20,1.0,0.0,0.0,1.0,1.0,1.0,10.0,0.3,random_noise,1.0,,,,,,,,,,,,,,,tomita_7,,,,,,,,,,,,,,,,,,,,,,,,
by_grammar_variant,full_transition_exposure,exact_pair,nearest,sparse_topk,20,0.525,0.11180339887498951,0.025000000000000005,0.5,0.5,1.0,10.0,0.5,keep_current,0.525,,,,,,,,,,,,,,,tomita_7,,,,,,,,,,,,,,,,,,,,,,,,
by_grammar_variant,full_transition_exposure,exact_pair,nearest,sparse_topk,20,1.0,0.0,0.0,1.0,1.0,1.0,10.0,0.5,random_noise,1.0,,,,,,,,,,,,,,,tomita_7,,,,,,,,,,,,,,,,,,,,,,,,
by_grammar_variant,full_transition_exposure,hashed_pair,hopfield,dense,20,0.6968333333333334,0.19000971043207113,0.0424874628911162,0.5,0.6563333333333333,1.0,32.0,1.0,random_noise,0.6968333333333334,,,,,,,,,,,,,,,tomita_7,,,,,,,,,,,,,,,,,,,,,,,,
by_grammar_variant,full_transition_exposure,hashed_pair,nearest,dense,20,0.6968333333333334,0.19000971043207113,0.0424874628911162,0.5,0.6563333333333333,1.0,32.0,1.0,random_noise,0.6968333333333334,,,,,,,,,,,,,,,tomita_7,,,,,,,,,,,,,,,,,,,,,,,,
by_grammar_variant,full_transition_exposure,hashed_pair,hopfield,dense,20,0.8348666666666666,0.18939026201214582,0.042348950013565416,0.5,0.9505,1.0,64.0,1.0,random_noise,0.8348666666666666,,,,,,,,,,,,,,,tomita_7,,,,,,,,,,,,,,,,,,,,,,,,
by_grammar_variant,full_transition_exposure,hashed_pair,nearest,dense,20,0.8348666666666666,0.18939026201214582,0.042348950013565416,0.5,0.9505,1.0,64.0,1.0,random_noise,0.8348666666666666,,,,,,,,,,,,,,,tomita_7,,,,,,,,,,,,,,,,,,,,,,,,
by_grammar_variant,full_transition_exposure,hashed_pair,hopfield,dense,20,0.8863833333333332,0.17418966187490448,0.038949992492998985,0.5,1.0,1.0,128.0,1.0,random_noise,0.8863833333333332,,,,,,,,,,,,,,,tomita_7,,,,,,,,,,,,,,,,,,,,,,,,
by_grammar_variant,full_transition_exposure,hashed_pair,nearest,dense,20,0.8863833333333332,0.17418966187490448,0.038949992492998985,0.5,1.0,1.0,128.0,1.0,random_noise,0.8863833333333332,,,,,,,,,,,,,,,tomita_7,,,,,,,,,,,,,,,,,,,,,,,,
by_grammar_variant,full_transition_exposure,hashed_pair,hopfield,dense,20,0.9227666666666666,0.1539965861245362,0.03443468348773639,0.5,1.0,1.0,256.0,1.0,random_noise,0.9227666666666666,,,,,,,,,,,,,,,tomita_7,,,,,,,,,,,,,,,,,,,,,,,,
by_grammar_variant,full_transition_exposure,hashed_pair,nearest,dense,20,0.9227666666666666,0.1539965861245362,0.03443468348773639,0.5,1.0,1.0,256.0,1.0,random_noise,0.9227666666666666,,,,,,,,,,,,,,,tomita_7,,,,,,,,,,,,,,,,,,,,,,,,
accuracy_by_length,,,,,2464,1.0,0.0,0.0,1.0,1.0,1.0,,,,1.0,,,,,,,,,,,,,,,,0.0,,,,,,,,,,,,,,,,,,,,,,,
accuracy_by_length,,,,,2752,0.9793859578836814,0.13066839895919782,0.0024908430036160094,0.0,1.0,1.0,,,,0.9793859578836814,,,,,,,,,,,,,,,,1.0,,,,,,,,,,,,,,,,,,,,,,,
accuracy_by_length,,,,,3520,0.9517950116843473,0.16746739106333883,0.0028226623005495255,0.0,1.0,1.0,,,,0.9517950116843473,,,,,,,,,,,,,,,,2.0,,,,,,,,,,,,,,,,,,,,,,,
accuracy_by_length,,,,,4320,0.9350402979953165,0.19063539362529702,0.0029004251485403258,0.0,1.0,1.0,,,,0.9350402979953165,,,,,,,,,,,,,,,,3.0,,,,,,,,,,,,,,,,,,,,,,,
accuracy_by_length,,,,,4416,0.9166903031172992,0.19701783474679957,0.002964770013638071,0.0,1.0,1.0,,,,0.9166903031172992,,,,,,,,,,,,,,,,4.0,,,,,,,,,,,,,,,,,,,,,,,
accuracy_by_length,,,,,4480,0.8898783913984246,0.22569818618981277,0.003372011615111812,0.0,1.0,1.0,,,,0.8898783913984246,,,,,,,,,,,,,,,,5.0,,,,,,,,,,,,,,,,,,,,,,,
accuracy_by_length,,,,,4480,0.8707694911336655,0.24528298339947532,0.0036646154892743255,0.0185185185185185,1.0,1.0,,,,0.8707694911336655,,,,,,,,,,,,,,,,6.0,,,,,,,,,,,,,,,,,,,,,,,
accuracy_by_length,,,,,4480,0.8667798417970817,0.2555905753848582,0.0038186145997027693,0.0,1.0,1.0,,,,0.8667798417970817,,,,,,,,,,,,,,,,7.0,,,,,,,,,,,,,,,,,,,,,,,
accuracy_by_length,,,,,4480,0.8559690075589271,0.2597448000873546,0.0038806802023781117,0.1317073170731707,1.0,1.0,,,,0.8559690075589271,,,,,,,,,,,,,,,,8.0,,,,,,,,,,,,,,,,,,,,,,,
accuracy_by_length,,,,,4480,0.8527338726182145,0.2733932534806369,0.004084592976988338,0.0,1.0,1.0,,,,0.8527338726182145,,,,,,,,,,,,,,,,9.0,,,,,,,,,,,,,,,,,,,,,,,
accuracy_by_length,,,,,4480,0.844923111727164,0.27452746162507,0.004101538452277919,0.0338983050847457,1.0,1.0,,,,0.844923111727164,,,,,,,,,,,,,,,,10.0,,,,,,,,,,,,,,,,,,,,,,,
accuracy_by_length,,,,,4480,0.8449126155359696,0.2855400215039054,0.004266070035142821,0.0,1.0,1.0,,,,0.8449126155359696,,,,,,,,,,,,,,,,11.0,,,,,,,,,,,,,,,,,,,,,,,
accuracy_by_length,,,,,4480,0.8393894801346664,0.2884233191244862,0.0043091475327096205,0.0148514851485148,1.0,1.0,,,,0.8393894801346664,,,,,,,,,,,,,,,,12.0,,,,,,,,,,,,,,,,,,,,,,,
accuracy_by_length,,,,,4480,0.9129307721650437,0.20894081783236373,0.003121650539137087,0.0,1.0,1.0,,,,0.9129307721650437,,,,,,,,,,,,,,,,13.0,,,,,,,,,,,,,,,,,,,,,,,
accuracy_by_length,,,,,4480,0.9051010362145743,0.20691235845170108,0.0030913446305790783,0.0696517412935323,1.0,1.0,,,,0.9051010362145743,,,,,,,,,,,,,,,,14.0,,,,,,,,,,,,,,,,,,,,,,,
accuracy_by_length,,,,,4480,0.9090209636179498,0.20450533957550288,0.0030553829077785777,0.0,1.0,1.0,,,,0.9090209636179498,,,,,,,,,,,,,,,,15.0,,,,,,,,,,,,,,,,,,,,,,,
accuracy_by_length,,,,,4480,0.9001559498265106,0.2034220178585008,0.0030391976939126513,0.0344827586206896,1.0,1.0,,,,0.9001559498265106,,,,,,,,,,,,,,,,16.0,,,,,,,,,,,,,,,,,,,,,,,
accuracy_by_length,,,,,4480,0.8975840345694427,0.2048975554122216,0.003061242752642081,0.0,1.0,1.0,,,,0.8975840345694427,,,,,,,,,,,,,,,,17.0,,,,,,,,,,,,,,,,,,,,,,,
accuracy_by_length,,,,,4480,0.8919695441634107,0.20370727890831017,0.0030434595960109126,0.0,1.0,1.0,,,,0.8919695441634107,,,,,,,,,,,,,,,,18.0,,,,,,,,,,,,,,,,,,,,,,,
accuracy_by_length,,,,,4480,0.8897058797557853,0.206793981378807,0.003089576034776425,0.0,1.0,1.0,,,,0.8897058797557853,,,,,,,,,,,,,,,,19.0,,,,,,,,,,,,,,,,,,,,,,,
accuracy_by_length,,,,,4480,0.8767827503289624,0.22123399958281112,0.0033053150707356145,0.0,1.0,1.0,,,,0.8767827503289624,,,,,,,,,,,,,,,,20.0,,,,,,,,,,,,,,,,,,,,,,,
accuracy_by_length,,,,,4480,0.8745954427705479,0.2373195990594195,0.0035456396793948227,0.0,1.0,1.0,,,,0.8745954427705479,,,,,,,,,,,,,,,,21.0,,,,,,,,,,,,,,,,,,,,,,,
accuracy_by_length,,,,,4480,0.8671741856969909,0.24683313864661965,0.0036877753630280346,0.0,1.0,1.0,,,,0.8671741856969909,,,,,,,,,,,,,,,,22.0,,,,,,,,,,,,,,,,,,,,,,,
accuracy_by_length,,,,,4480,0.8653045749841233,0.25557718107082367,0.0038184144838610636,0.0,1.0,1.0,,,,0.8653045749841233,,,,,,,,,,,,,,,,23.0,,,,,,,,,,,,,,,,,,,,,,,
accuracy_by_length,,,,,4480,0.8564562594002901,0.2734552578686849,0.0040855193447195785,0.0,1.0,1.0,,,,0.8564562594002901,,,,,,,,,,,,,,,,24.0,,,,,,,,,,,,,,,,,,,,,,,
accuracy_by_length,,,,,4480,0.8543649617288306,0.28594051456439284,0.004272053544689502,0.0,1.0,1.0,,,,0.8543649617288306,,,,,,,,,,,,,,,,25.0,,,,,,,,,,,,,,,,,,,,,,,
accuracy_by_length,,,,,4480,0.8487952001121234,0.2918871888968963,0.004360898985847035,0.0,1.0,1.0,,,,0.8487952001121234,,,,,,,,,,,,,,,,26.0,,,,,,,,,,,,,,,,,,,,,,,
accuracy_by_length,,,,,4480,0.8491978254073969,0.2980897027961428,0.0044535667616242055,0.0,1.0,1.0,,,,0.8491978254073969,,,,,,,,,,,,,,,,27.0,,,,,,,,,,,,,,,,,,,,,,,
accuracy_by_length,,,,,4480,0.84438941078767,0.30035010837393084,0.004487338029315097,0.0,1.0,1.0,,,,0.84438941078767,,,,,,,,,,,,,,,,28.0,,,,,,,,,,,,,,,,,,,,,,,
accuracy_by_length,,,,,4480,0.8448149681579311,0.30787401992049807,0.004599747958497079,0.0,1.0,1.0,,,,0.8448149681579311,,,,,,,,,,,,,,,,29.0,,,,,,,,,,,,,,,,,,,,,,,
accuracy_by_length,,,,,4480,0.8426799923453416,0.30747558695968236,0.0045937952275762195,0.0,1.0,1.0,,,,0.8426799923453416,,,,,,,,,,,,,,,,30.0,,,,,,,,,,,,,,,,,,,,,,,
accuracy_by_length,,,,,4480,0.8442011102488783,0.31065624760966926,0.004641315435144325,0.0,1.0,1.0,,,,0.8442011102488783,,,,,,,,,,,,,,,,31.0,,,,,,,,,,,,,,,,,,,,,,,
accuracy_by_length,,,,,4480,0.8390694600135519,0.31503446767041793,0.004706727608576432,0.0,1.0,1.0,,,,0.8390694600135519,,,,,,,,,,,,,,,,32.0,,,,,,,,,,,,,,,,,,,,,,,
accuracy_by_length,,,,,4480,0.8420454683539268,0.31576623451024877,0.004717660466855533,0.0,1.0,1.0,,,,0.8420454683539268,,,,,,,,,,,,,,,,33.0,,,,,,,,,,,,,,,,,,,,,,,
accuracy_by_length,,,,,4480,0.8399489235336896,0.3160671924882658,0.004722156886674701,0.0,1.0,1.0,,,,0.8399489235336896,,,,,,,,,,,,,,,,34.0,,,,,,,,,,,,,,,,,,,,,,,
accuracy_by_length,,,,,4480,0.841647226345764,0.31858206959667773,0.004759730050036376,0.0,1.0,1.0,,,,0.841647226345764,,,,,,,,,,,,,,,,35.0,,,,,,,,,,,,,,,,,,,,,,,
accuracy_by_length,,,,,4480,0.8366979068943408,0.32329462837716993,0.004830137363506555,0.0,1.0,1.0,,,,0.8366979068943408,,,,,,,,,,,,,,,,36.0,,,,,,,,,,,,,,,,,,,,,,,
accuracy_by_length,,,,,4480,0.8390441353982389,0.32473798142239285,0.004851701574169309,0.0,1.0,1.0,,,,0.8390441353982389,,,,,,,,,,,,,,,,37.0,,,,,,,,,,,,,,,,,,,,,,,
accuracy_by_length,,,,,4480,0.8347847270183134,0.32729297612719294,0.004889874108767746,0.0,1.0,1.0,,,,0.8347847270183134,,,,,,,,,,,,,,,,38.0,,,,,,,,,,,,,,,,,,,,,,,
accuracy_by_length,,,,,4480,0.8375061373540899,0.3281731817423193,0.004903024695433944,0.0,1.0,1.0,,,,0.8375061373540899,,,,,,,,,,,,,,,,39.0,,,,,,,,,,,,,,,,,,,,,,,
accuracy_by_length,,,,,4480,0.8335106330726398,0.3304080104488779,0.004936413835521952,0.0,1.0,1.0,,,,0.8335106330726398,,,,,,,,,,,,,,,,40.0,,,,,,,,,,,,,,,,,,,,,,,
accuracy_by_length,,,,,4480,0.8382294504689277,0.3290400433110537,0.004915975917274992,0.0,1.0,1.0,,,,0.8382294504689277,,,,,,,,,,,,,,,,41.0,,,,,,,,,,,,,,,,,,,,,,,
accuracy_by_length,,,,,4480,0.8337243040821811,0.3302542232552545,0.004934116199852352,0.0,1.0,1.0,,,,0.8337243040821811,,,,,,,,,,,,,,,,42.0,,,,,,,,,,,,,,,,,,,,,,,
accuracy_by_length,,,,,4480,0.8365100266643022,0.3338268339597735,0.004987492281403045,0.0,1.0,1.0,,,,0.8365100266643022,,,,,,,,,,,,,,,,43.0,,,,,,,,,,,,,,,,,,,,,,,
accuracy_by_length,,,,,4480,0.8338496213186268,0.3349011827663098,0.005003543436777751,0.0,1.0,1.0,,,,0.8338496213186268,,,,,,,,,,,,,,,,44.0,,,,,,,,,,,,,,,,,,,,,,,
accuracy_by_length,,,,,4480,0.8364951300369069,0.334490532048372,0.004997408168196213,0.0,1.0,1.0,,,,0.8364951300369069,,,,,,,,,,,,,,,,45.0,,,,,,,,,,,,,,,,,,,,,,,
accuracy_by_length,,,,,4480,0.8323835193893414,0.33746183030227817,0.005041800426695388,0.0,1.0,1.0,,,,0.8323835193893414,,,,,,,,,,,,,,,,46.0,,,,,,,,,,,,,,,,,,,,,,,
accuracy_by_length,,,,,4480,0.8362290653552427,0.33506117515295836,0.005005933780250226,0.0,1.0,1.0,,,,0.8362290653552427,,,,,,,,,,,,,,,,47.0,,,,,,,,,,,,,,,,,,,,,,,
accuracy_by_length,,,,,4480,0.8316896567706844,0.33875486398520227,0.005061118812328687,0.0,1.0,1.0,,,,0.8316896567706844,,,,,,,,,,,,,,,,48.0,,,,,,,,,,,,,,,,,,,,,,,
accuracy_by_length,,,,,4480,0.8348689821856028,0.3395721643022427,0.005073329571345497,0.0,1.0,1.0,,,,0.8348689821856028,,,,,,,,,,,,,,,,49.0,,,,,,,,,,,,,,,,,,,,,,,
accuracy_by_length,,,,,4480,0.8319708806730987,0.3391355581905081,0.005066806519898554,0.0,1.0,1.0,,,,0.8319708806730987,,,,,,,,,,,,,,,,50.0,,,,,,,,,,,,,,,,,,,,,,,
accuracy_by_length,,,,,4480,0.8348473199929519,0.3418141440082342,0.005106825549922349,0.0,1.0,1.0,,,,0.8348473199929519,,,,,,,,,,,,,,,,51.0,,,,,,,,,,,,,,,,,,,,,,,
accuracy_by_length,,,,,4480,0.8309735255263871,0.34177281556112105,0.005106208088142736,0.0,1.0,1.0,,,,0.8309735255263871,,,,,,,,,,,,,,,,52.0,,,,,,,,,,,,,,,,,,,,,,,
accuracy_by_length,,,,,4480,0.8344640908746906,0.3408304201869349,0.0050921283642360905,0.0,1.0,1.0,,,,0.8344640908746906,,,,,,,,,,,,,,,,53.0,,,,,,,,,,,,,,,,,,,,,,,
accuracy_by_length,,,,,4480,0.8309170387333769,0.3423633517924511,0.005115030910624414,0.0,1.0,1.0,,,,0.8309170387333769,,,,,,,,,,,,,,,,54.0,,,,,,,,,,,,,,,,,,,,,,,
accuracy_by_length,,,,,4480,0.8335853455295762,0.3444067295980385,0.005145559705785876,0.0,1.0,1.0,,,,0.8335853455295762,,,,,,,,,,,,,,,,55.0,,,,,,,,,,,,,,,,,,,,,,,
accuracy_by_length,,,,,4480,0.8307133741088019,0.34359788650513856,0.00513347530072217,0.0,1.0,1.0,,,,0.8307133741088019,,,,,,,,,,,,,,,,56.0,,,,,,,,,,,,,,,,,,,,,,,
accuracy_by_length,,,,,4480,0.8334334032703048,0.34409013553254897,0.005140829677228144,0.0,1.0,1.0,,,,0.8334334032703048,,,,,,,,,,,,,,,,57.0,,,,,,,,,,,,,,,,,,,,,,,
accuracy_by_length,,,,,4480,0.8302447649179665,0.3443393355699955,0.005144552814905686,0.0,1.0,1.0,,,,0.8302447649179665,,,,,,,,,,,,,,,,58.0,,,,,,,,,,,,,,,,,,,,,,,
accuracy_by_length,,,,,4480,0.8337661015664866,0.34486327938000694,0.005152380722798302,0.0,1.0,1.0,,,,0.8337661015664866,,,,,,,,,,,,,,,,59.0,,,,,,,,,,,,,,,,,,,,,,,
accuracy_by_length,,,,,4480,0.8309795542667564,0.34462272737720173,0.005148786789850984,0.0,1.0,1.0,,,,0.8309795542667564,,,,,,,,,,,,,,,,60.0,,,,,,,,,,,,,,,,,,,,,,,
accuracy_by_length,,,,,4480,0.83257245180911,0.3464851681341771,0.005176612320800076,0.0,1.0,1.0,,,,0.83257245180911,,,,,,,,,,,,,,,,61.0,,,,,,,,,,,,,,,,,,,,,,,
accuracy_by_length,,,,,4480,0.8314869223830629,0.3443955790864243,0.005145393113154751,0.0,1.0,1.0,,,,0.8314869223830629,,,,,,,,,,,,,,,,62.0,,,,,,,,,,,,,,,,,,,,,,,
accuracy_by_length,,,,,4480,0.8341524057255202,0.34566308931400136,0.005164330169237552,0.0,1.0,1.0,,,,0.8341524057255202,,,,,,,,,,,,,,,,63.0,,,,,,,,,,,,,,,,,,,,,,,
accuracy_by_length,,,,,4480,0.8293302179814427,0.3465543679574293,0.005177646190906474,0.0,1.0,1.0,,,,0.8293302179814427,,,,,,,,,,,,,,,,64.0,,,,,,,,,,,,,,,,,,,,,,,
coverage_vs_accuracy,full_transition_exposure,,,,320,0.854684375,0.18552638368852076,0.010371240138681015,0.4933333333333333,0.9708333333333334,1.0,,,,0.854684375,,,,,,,,,,,,,,,,,0.1904761904761904,,,,,,,,,,,,,,,,,,,,,,
coverage_vs_accuracy,full_transition_exposure,,,,320,0.5468322916666667,0.12039688228511553,0.006730390326713963,0.5,0.5,1.0,,,,0.5468322916666667,,,,,,,,,,,,,,,,,0.5833333333333334,,,,,,,,,,,,,,,,,,,,,,
coverage_vs_accuracy,full_transition_exposure,,,,3840,0.9043888020833334,0.18812110819683608,0.0030357913296517906,0.4346666666666666,1.0,1.0,,,,0.9043888020833334,,,,,,,,,,,,,,,,,1.0,,,,,,,,,,,,,,,,,,,,,,
coverage_vs_accuracy,limited_string_exposure,,,,40,0.5171166666666667,0.05003073414386759,0.007910553645248793,0.5,0.5,0.67,,,,0.5171166666666667,,,,,,,,,,,,,,,,,0.0833333333333333,,,,,,,,,,,,,,,,,,,,,,
coverage_vs_accuracy,limited_string_exposure,,,,20,0.5013500000000001,0.002843840167904101,0.0006359019932577985,0.5,0.5,0.5076666666666667,,,,0.5013500000000001,,,,,,,,,,,,,,,,,0.1,,,,,,,,,,,,,,,,,,,,,,
coverage_vs_accuracy,limited_string_exposure,,,,20,0.5003,0.0007562604211258082,0.0001691049710329925,0.5,0.5,0.5023333333333333,,,,0.5003,,,,,,,,,,,,,,,,,0.125,,,,,,,,,,,,,,,,,,,,,,
coverage_vs_accuracy,limited_string_exposure,,,,4,0.5,0.0,0.0,0.5,0.5,0.5,,,,0.5,,,,,,,,,,,,,,,,,0.1269841269841269,,,,,,,,,,,,,,,,,,,,,,
coverage_vs_accuracy,limited_string_exposure,,,,6,0.5107222222222222,0.026263973353175193,0.010722222222222225,0.5,0.5,0.5643333333333334,,,,0.5107222222222222,,,,,,,,,,,,,,,,,0.1428571428571428,,,,,,,,,,,,,,,,,,,,,,
coverage_vs_accuracy,limited_string_exposure,,,,4,0.5323333333333333,0.03733531740759579,0.018667658703797895,0.5,0.5323333333333333,0.5646666666666667,,,,0.5323333333333333,,,,,,,,,,,,,,,,,0.1587301587301587,,,,,,,,,,,,,,,,,,,,,,
coverage_vs_accuracy,limited_string_exposure,,,,40,0.5018916666666667,0.0023160378535402562,0.0003661977382177338,0.5,0.501,0.509,,,,0.5018916666666667,,,,,,,,,,,,,,,,,0.1666666666666666,,,,,,,,,,,,,,,,,,,,,,
coverage_vs_accuracy,limited_string_exposure,,,,6,0.5,0.0,0.0,0.5,0.5,0.5,,,,0.5,,,,,,,,,,,,,,,,,0.1746031746031746,,,,,,,,,,,,,,,,,,,,,,
coverage_vs_accuracy,limited_string_exposure,,,,40,0.4999583333333333,0.004015771968305051,0.0006349492991850732,0.49,0.5,0.5116666666666667,,,,0.4999583333333333,,,,,,,,,,,,,,,,,0.25,,,,,,,,,,,,,,,,,,,,,,
coverage_vs_accuracy,limited_string_exposure,,,,40,0.4971916666666667,0.08146804339136354,0.012881228681706854,0.3076666666666666,0.501,0.5733333333333334,,,,0.4971916666666667,,,,,,,,,,,,,,,,,0.3333333333333333,,,,,,,,,,,,,,,,,,,,,,
coverage_vs_accuracy,limited_string_exposure,,,,60,0.5672333333333335,0.08602785647913982,0.011106148515121012,0.494,0.5363333333333333,0.757,,,,0.5672333333333335,,,,,,,,,,,,,,,,,0.5,,,,,,,,,,,,,,,,,,,,,,
masked_topk_by_k,,,,,280,,,,,,,,,,,,,,,,,,,,,,,,,,,,1.0,0.46950255102040817,0.2751303560247376,0.016442183640856187,0.0,0.4166666666666667,1.0,0.46950255102040817,,,,,,,,,,,,,,
masked_topk_by_k,,,,,280,,,,,,,,,,,,,,,,,,,,,,,,,,,,2.0,0.6597293083900228,0.31477838228392,0.018811606405286993,0.0317460317460317,0.6666666666666666,1.0,0.6597293083900228,,,,,,,,,,,,,,
masked_topk_by_k,,,,,280,,,,,,,,,,,,,,,,,,,,,,,,,,,,3.0,0.776471088435374,0.2896231822088968,0.017308295665127073,0.0634920634920634,1.0,1.0,0.776471088435374,,,,,,,,,,,,,,
masked_topk_by_k,,,,,280,,,,,,,,,,,,,,,,,,,,,,,,,,,,4.0,0.853623866213152,0.2595782650448183,0.01551276843714764,0.0793650793650793,1.0,1.0,0.853623866213152,,,,,,,,,,,,,,
masked_topk_by_k,,,,,280,,,,,,,,,,,,,,,,,,,,,,,,,,,,5.0,0.8837060657596372,0.242739164421253,0.014506439696110348,0.1111111111111111,1.0,1.0,0.8837060657596372,,,,,,,,,,,,,,
masked_topk_by_k,,,,,280,,,,,,,,,,,,,,,,,,,,,,,,,,,,6.0,0.8997817460317461,0.2361448764452239,0.014112355613753357,0.1269841269841269,1.0,1.0,0.8997817460317461,,,,,,,,,,,,,,
masked_topk_by_k,,,,,280,,,,,,,,,,,,,,,,,,,,,,,,,,,,8.0,0.9122576530612245,0.22420093751333398,0.013398568737776473,0.1428571428571428,1.0,1.0,0.9122576530612245,,,,,,,,,,,,,,
masked_topk_by_k,,,,,280,,,,,,,,,,,,,,,,,,,,,,,,,,,,10.0,0.9217970521541949,0.21941163307174927,0.013112353053406757,0.1746031746031746,1.0,1.0,0.9217970521541949,,,,,,,,,,,,,,
masked_topk_by_k,,,,,280,,,,,,,,,,,,,,,,,,,,,,,,,,,,12.0,0.9212585034013606,0.21991332948255327,0.013142335148576422,0.1904761904761904,1.0,1.0,0.9212585034013606,,,,,,,,,,,,,,
masked_topk_by_k,,,,,280,,,,,,,,,,,,,,,,,,,,,,,,,,,,16.0,0.9198554421768707,0.2233041273533567,0.013344974079759143,0.1904761904761904,1.0,1.0,0.9198554421768707,,,,,,,,,,,,,,
masked_topk_by_k,,,,,280,,,,,,,,,,,,,,,,,,,,,,,,,,,,24.0,0.9183673469387754,0.22415484062556656,0.013395813921823428,0.1904761904761904,1.0,1.0,0.9183673469387754,,,,,,,,,,,,,,
masked_topk_by_k,,,,,280,,,,,,,,,,,,,,,,,,,,,,,,,,,,32.0,0.9183673469387754,0.22415484062556656,0.013395813921823428,0.1904761904761904,1.0,1.0,0.9183673469387754,,,,,,,,,,,,,,
seen_transition_accuracy,full_transition_exposure,exact_pair,hopfield,,1120,,,,,,,,,,,,,,,,,,,,,,,,,,,,,,,,,,,,0.9155590986394557,0.17828907478592626,0.005327405072897458,0.0,1.0,1.0,0.9155590986394557,,,,,,,
seen_transition_accuracy,full_transition_exposure,exact_pair,nearest,,1120,,,,,,,,,,,,,,,,,,,,,,,,,,,,,,,,,,,,0.9229092261904762,0.1697570255498213,0.005072461339316401,0.0,1.0,1.0,0.9229092261904762,,,,,,,
seen_transition_accuracy,full_transition_exposure,hashed_pair,hopfield,,1120,,,,,,,,,,,,,,,,,,,,,,,,,,,,,,,,,,,,0.965187074829932,0.06790717266978265,0.0020291148888483715,0.6,1.0,1.0,0.965187074829932,,,,,,,
seen_transition_accuracy,full_transition_exposure,hashed_pair,nearest,,1120,,,,,,,,,,,,,,,,,,,,,,,,,,,,,,,,,,,,0.965187074829932,0.06790717266978265,0.0020291148888483715,0.6,1.0,1.0,0.965187074829932,,,,,,,
seen_transition_accuracy,limited_string_exposure,exact_pair,nearest,,280,,,,,,,,,,,,,,,,,,,,,,,,,,,,,,,,,,,,1.0,0.0,0.0,1.0,1.0,1.0,1.0,,,,,,,
unseen_transition_accuracy,full_transition_exposure,exact_pair,hopfield,,160,,,,,,,,,,,,,,,,,,,,,,,,,,,,,,,,,,,,,,,,,,,0.21350490196078428,0.26018682533465315,0.020569574630647642,0.0,0.1372549019607843,1.0,0.21350490196078428
unseen_transition_accuracy,full_transition_exposure,exact_pair,nearest,,160,,,,,,,,,,,,,,,,,,,,,,,,,,,,,,,,,,,,,,,,,,,0.19558823529411765,0.2459347415435985,0.019442848476065144,0.0,0.1372549019607843,1.0,0.19558823529411765
unseen_transition_accuracy,full_transition_exposure,hashed_pair,hopfield,,160,,,,,,,,,,,,,,,,,,,,,,,,,,,,,,,,,,,,,,,,,,,0.10600490196078431,0.2891618229176509,0.022860249319651308,0.0,0.0,1.0,0.10600490196078431
unseen_transition_accuracy,full_transition_exposure,hashed_pair,nearest,,160,,,,,,,,,,,,,,,,,,,,,,,,,,,,,,,,,,,,,,,,,,,0.06507352941176471,0.23390360568477273,0.018491703672244758,0.0,0.0,1.0,0.06507352941176471
unseen_transition_accuracy,limited_string_exposure,exact_pair,nearest,,280,,,,,,,,,,,,,,,,,,,,,,,,,,,,,,,,,,,,,,,,,,,0.2985068789650999,0.19171749850978828,0.011457311956446146,0.0,0.2727272727272727,0.8269230769230769,0.2985068789650999
hashed_nearest_dense_by_hidden_dim,,,,,280,0.8047726190476191,0.22160069778668054,0.01324317469215527,0.4363333333333333,0.9921666666666666,1.0,32.0,,,0.8047726190476191,,,,,,,,,,,,,,,,,,,,,,,,,,,,,,,,,,,,,,,
hashed_nearest_dense_by_hidden_dim,,,,,280,0.8751821428571428,0.19611294728031384,0.011719990262515937,0.5,1.0,1.0,64.0,,,0.8751821428571428,,,,,,,,,,,,,,,,,,,,,,,,,,,,,,,,,,,,,,,
hashed_nearest_dense_by_hidden_dim,,,,,280,0.9181797619047618,0.17007418154247442,0.010163876374434845,0.4346666666666666,1.0,1.0,128.0,,,0.9181797619047618,,,,,,,,,,,,,,,,,,,,,,,,,,,,,,,,,,,,,,,
hashed_nearest_dense_by_hidden_dim,,,,,280,0.9399357142857143,0.15340777579159112,0.009167868126023295,0.5,1.0,1.0,256.0,,,0.9399357142857143,,,,,,,,,,,,,,,,,,,,,,,,,,,,,,,,,,,,,,,
exact_nearest_sparse_autonomous_rollout,,,,,280,,,,,,,,0.3,random_noise,,,,,,,,,0.9409259418765873,0.147017156310833,0.008785955564284706,0.4939790070191255,1.0,1.0,0.9409259418765873,,,,,,,,,,,,,,,,,,,,,,,,,
exact_nearest_sparse_autonomous_rollout,,,,,280,,,,,,,,0.5,keep_current,,,,,,,,,0.4265967303203212,0.25807642527740476,0.015423016344315203,0.0,0.38177446558227,1.0,0.4265967303203212,,,,,,,,,,,,,,,,,,,,,,,,,
exact_nearest_sparse_autonomous_rollout,,,,,280,,,,,,,,0.5,random_noise,,,,,,,,,0.9418876483055145,0.14556794920700705,0.008699348874717534,0.494178941274844,1.0,1.0,0.9418876483055145,,,,,,,,,,,,,,,,,,,,,,,,,
exact_nearest_incomplete_coverage,,,,,20,0.5003,0.0007562604211258082,0.0001691049710329925,0.5,0.5,0.5023333333333333,,,,0.5003,,,,,,,,,,,,,,,contains_101,,0.125,,,,,,,,,,,,,,,,,,,,,,
exact_nearest_incomplete_coverage,,,,,20,0.5003833333333334,0.0005437039958357051,0.00012157590943268991,0.5,0.5,0.5013333333333333,,,,0.5003833333333334,,,,,,,,,,,,,,,ends_with_01,,0.3333333333333333,,,,,,,,,,,,,,,,,,,,,,
exact_nearest_incomplete_coverage,,,,,20,0.5006833333333333,0.0010286822320342225,0.0002300203398074733,0.5,0.5,0.503,,,,0.5006833333333333,,,,,,,,,,,,,,,even_ones,,0.25,,,,,,,,,,,,,,,,,,,,,,
exact_nearest_incomplete_coverage,,,,,20,0.50195,0.0031349286718803993,0.0007009913614937706,0.5,0.5,0.509,,,,0.50195,,,,,,,,,,,,,,,no_substring_11,,0.1666666666666666,,,,,,,,,,,,,,,,,,,,,,
exact_nearest_incomplete_coverage,,,,,20,0.5018333333333332,0.001084176460033716,0.0002424292264240473,0.5,0.5023333333333333,0.503,,,,0.5018333333333332,,,,,,,,,,,,,,,ones_mod3_zero,,0.1666666666666666,,,,,,,,,,,,,,,,,,,,,,
exact_nearest_incomplete_coverage,,,,,4,0.5,0.0,0.0,0.5,0.5,0.5,,,,0.5,,,,,,,,,,,,,,,reber,,0.1269841269841269,,,,,,,,,,,,,,,,,,,,,,
exact_nearest_incomplete_coverage,,,,,6,0.5107222222222222,0.026263973353175193,0.010722222222222225,0.5,0.5,0.5643333333333334,,,,0.5107222222222222,,,,,,,,,,,,,,,reber,,0.1428571428571428,,,,,,,,,,,,,,,,,,,,,,
exact_nearest_incomplete_coverage,,,,,4,0.5323333333333333,0.03733531740759579,0.018667658703797895,0.5,0.5323333333333333,0.5646666666666667,,,,0.5323333333333333,,,,,,,,,,,,,,,reber,,0.1587301587301587,,,,,,,,,,,,,,,,,,,,,,
exact_nearest_incomplete_coverage,,,,,6,0.5,0.0,0.0,0.5,0.5,0.5,,,,0.5,,,,,,,,,,,,,,,reber,,0.1746031746031746,,,,,,,,,,,,,,,,,,,,,,
exact_nearest_incomplete_coverage,,,,,20,0.53305,0.06783427302250114,0.015168204568259267,0.5,0.5,0.67,,,,0.53305,,,,,,,,,,,,,,,tier_alternating_12,,0.0833333333333333,,,,,,,,,,,,,,,,,,,,,,
exact_nearest_incomplete_coverage,,,,,20,0.63315,0.10901544903661578,0.024376595464353685,0.53,0.5416666666666666,0.757,,,,0.63315,,,,,,,,,,,,,,,tomita_1,,0.5,,,,,,,,,,,,,,,,,,,,,,
exact_nearest_incomplete_coverage,,,,,20,0.49399999999999994,0.11662615838101438,0.026078401809460496,0.3076666666666666,0.567,0.5733333333333334,,,,0.49399999999999994,,,,,,,,,,,,,,,tomita_2,,0.3333333333333333,,,,,,,,,,,,,,,,,,,,,,
exact_nearest_incomplete_coverage,,,,,20,0.5011833333333333,0.0013911793978344652,0.00031107717024550876,0.5,0.5008333333333334,0.505,,,,0.5011833333333333,,,,,,,,,,,,,,,tomita_3,,0.0833333333333333,,,,,,,,,,,,,,,,,,,,,,
exact_nearest_incomplete_coverage,,,,,20,0.5650833333333334,0.04703636455598236,0.010517650856163827,0.5,0.5765,0.619,,,,0.5650833333333334,,,,,,,,,,,,,,,tomita_4,,0.5,,,,,,,,,,,,,,,,,,,,,,
exact_nearest_incomplete_coverage,,,,,20,0.4992333333333335,0.005562089724668543,0.001243721072131195,0.49,0.5003333333333333,0.5116666666666667,,,,0.4992333333333335,,,,,,,,,,,,,,,tomita_5,,0.25,,,,,,,,,,,,,,,,,,,,,,
exact_nearest_incomplete_coverage,,,,,20,0.5034666666666667,0.00508569832819252,0.0011371967174895509,0.494,0.504,0.5113333333333333,,,,0.5034666666666667,,,,,,,,,,,,,,,tomita_6,,0.5,,,,,,,,,,,,,,,,,,,,,,
exact_nearest_incomplete_coverage,,,,,20,0.5013500000000001,0.002843840167904101,0.0006359019932577985,0.5,0.5,0.5076666666666667,,,,0.5013500000000001,,,,,,,,,,,,,,,tomita_7,,0.1,,,,,,,,,,,,,,,,,,,,,,
