summary_type,condition,cleanup,feature_type,count,final_test_accuracy_mean,final_test_accuracy_std,final_test_accuracy_sem,final_test_accuracy_min,final_test_accuracy_median,final_test_accuracy_max,final_test_accuracy,grammar,state_tracking_accuracy_mean,state_tracking_accuracy_std,state_tracking_accuracy_sem,state_tracking_accuracy_min,state_tracking_accuracy_median,state_tracking_accuracy_max,state_tracking_accuracy,transition_accuracy_mean,transition_accuracy_std,transition_accuracy_sem,transition_accuracy_min,transition_accuracy_median,transition_accuracy_max,transition_accuracy,seen_transition_accuracy_mean,seen_transition_accuracy_std,seen_transition_accuracy_sem,seen_transition_accuracy_min,seen_transition_accuracy_median,seen_transition_accuracy_max,seen_transition_accuracy,unseen_transition_accuracy_mean,unseen_transition_accuracy_std,unseen_transition_accuracy_sem,unseen_transition_accuracy_min,unseen_transition_accuracy_median,unseen_transition_accuracy_max,unseen_transition_accuracy,write_fraction,episode,test_accuracy_mean,test_accuracy_std,test_accuracy_sem,test_accuracy_min,test_accuracy_median,test_accuracy_max,test_accuracy,seen_in_training,correct_float_mean,correct_float_std,correct_float_sem,correct_float_min,correct_float_median,correct_float_max,correct_float
final_accuracy_by_condition,sparse_terminal_rl,hopfield,exact_pair,70,0.6235857142857142,0.2000678502920869,0.02391268184771327,0.364,0.5,1.0,0.6235857142857142,,,,,,,,,,,,,,,,,,,,,,,,,,,,,,,,,,,,,,,,,,,,,,
final_accuracy_by_condition,sparse_terminal_rl,nearest,exact_pair,70,0.621157142857143,0.19228546379256367,0.022982508748400476,0.383,0.516,1.0,0.621157142857143,,,,,,,,,,,,,,,,,,,,,,,,,,,,,,,,,,,,,,,,,,,,,,
final_accuracy_by_condition,state_shaped_rl,hopfield,exact_pair,35,0.8298000000000001,0.21042475251402395,0.03556827497748449,0.373,0.988,1.0,0.8298000000000001,,,,,,,,,,,,,,,,,,,,,,,,,,,,,,,,,,,,,,,,,,,,,,
final_accuracy_by_condition,state_shaped_rl,hopfield,hashed_pair,35,0.8075142857142856,0.22652157038290965,0.038289133799380246,0.369,0.884,1.0,0.8075142857142856,,,,,,,,,,,,,,,,,,,,,,,,,,,,,,,,,,,,,,,,,,,,,,
final_accuracy_by_condition,state_shaped_rl,nearest,exact_pair,35,0.8324857142857143,0.21936852841851356,0.03708004902928805,0.453,0.997,1.0,0.8324857142857143,,,,,,,,,,,,,,,,,,,,,,,,,,,,,,,,,,,,,,,,,,,,,,
final_accuracy_by_condition,state_shaped_rl,nearest,hashed_pair,35,0.7586571428571429,0.21842146830182707,0.036919966651867794,0.373,0.832,1.0,0.7586571428571429,,,,,,,,,,,,,,,,,,,,,,,,,,,,,,,,,,,,,,,,,,,,,,
final_accuracy_by_condition,supervised_baseline,hopfield,exact_pair,35,0.9996571428571428,0.0020283702113484416,0.0003428571428571432,0.988,1.0,1.0,0.9996571428571428,,,,,,,,,,,,,,,,,,,,,,,,,,,,,,,,,,,,,,,,,,,,,,
final_accuracy_by_condition,supervised_baseline,hopfield,hashed_pair,35,0.8386571428571428,0.19970639373209612,0.033756541671833874,0.287,0.934,1.0,0.8386571428571428,,,,,,,,,,,,,,,,,,,,,,,,,,,,,,,,,,,,,,,,,,,,,,
final_accuracy_by_condition,supervised_baseline,nearest,exact_pair,35,0.9999428571428572,0.00023550410797680297,3.98074597725278e-05,0.999,1.0,1.0,0.9999428571428572,,,,,,,,,,,,,,,,,,,,,,,,,,,,,,,,,,,,,,,,,,,,,,
final_accuracy_by_condition,supervised_baseline,nearest,hashed_pair,35,0.8612857142857142,0.18873660005860196,0.031902308112504364,0.493,1.0,1.0,0.8612857142857142,,,,,,,,,,,,,,,,,,,,,,,,,,,,,,,,,,,,,,,,,,,,,,
final_accuracy_by_condition,terminal_rl,hopfield,exact_pair,35,0.6711714285714286,0.1964808755420779,0.03321132958743425,0.337,0.591,1.0,0.6711714285714286,,,,,,,,,,,,,,,,,,,,,,,,,,,,,,,,,,,,,,,,,,,,,,
final_accuracy_by_condition,terminal_rl,hopfield,hashed_pair,35,0.6217142857142858,0.17837659623401725,0.030151147850234074,0.362,0.518,1.0,0.6217142857142858,,,,,,,,,,,,,,,,,,,,,,,,,,,,,,,,,,,,,,,,,,,,,,
final_accuracy_by_condition,terminal_rl,nearest,exact_pair,35,0.6740857142857144,0.20258380566898168,0.03424291306004697,0.487,0.54,1.0,0.6740857142857144,,,,,,,,,,,,,,,,,,,,,,,,,,,,,,,,,,,,,,,,,,,,,,
final_accuracy_by_condition,terminal_rl,nearest,hashed_pair,35,0.6451428571428571,0.19291664503814362,0.03260886467238761,0.337,0.52,1.0,0.6451428571428571,,,,,,,,,,,,,,,,,,,,,,,,,,,,,,,,,,,,,,,,,,,,,,
final_accuracy_by_grammar,sparse_terminal_rl,hopfield,exact_pair,10,0.48719999999999997,0.030014070774295926,0.009491282550026865,0.424,0.5,0.517,0.48719999999999997,contains_101,,,,,,,,,,,,,,,,,,,,,,,,,,,,,,,,,,,,,,,,,,,,,
final_accuracy_by_grammar,sparse_terminal_rl,nearest,exact_pair,10,0.5065999999999999,0.05280614442362639,0.016698769083045878,0.4,0.5115000000000001,0.577,0.5065999999999999,contains_101,,,,,,,,,,,,,,,,,,,,,,,,,,,,,,,,,,,,,,,,,,,,,
final_accuracy_by_grammar,state_shaped_rl,hopfield,exact_pair,5,0.5628,0.07885873445598779,0.035266698172638715,0.5,0.549,0.692,0.5628,contains_101,,,,,,,,,,,,,,,,,,,,,,,,,,,,,,,,,,,,,,,,,,,,,
final_accuracy_by_grammar,state_shaped_rl,hopfield,hashed_pair,5,0.8591999999999999,0.22177398404682186,0.09918034079392951,0.493,1.0,1.0,0.8591999999999999,contains_101,,,,,,,,,,,,,,,,,,,,,,,,,,,,,,,,,,,,,,,,,,,,,
final_accuracy_by_grammar,state_shaped_rl,nearest,exact_pair,5,0.7051999999999999,0.2724898163234729,0.12186115049514344,0.453,0.573,1.0,0.7051999999999999,contains_101,,,,,,,,,,,,,,,,,,,,,,,,,,,,,,,,,,,,,,,,,,,,,
final_accuracy_by_grammar,state_shaped_rl,nearest,hashed_pair,5,0.549,0.05825804665451803,0.026053790511171303,0.5,0.526,0.631,0.549,contains_101,,,,,,,,,,,,,,,,,,,,,,,,,,,,,,,,,,,,,,,,,,,,,
final_accuracy_by_grammar,supervised_baseline,hopfield,exact_pair,5,1.0,0.0,0.0,1.0,1.0,1.0,1.0,contains_101,,,,,,,,,,,,,,,,,,,,,,,,,,,,,,,,,,,,,,,,,,,,,
final_accuracy_by_grammar,supervised_baseline,hopfield,hashed_pair,5,0.5791999999999999,0.1978299775059382,0.08847225553810642,0.287,0.602,0.796,0.5791999999999999,contains_101,,,,,,,,,,,,,,,,,,,,,,,,,,,,,,,,,,,,,,,,,,,,,
final_accuracy_by_grammar,supervised_baseline,nearest,exact_pair,5,1.0,0.0,0.0,1.0,1.0,1.0,1.0,contains_101,,,,,,,,,,,,,,,,,,,,,,,,,,,,,,,,,,,,,,,,,,,,,
final_accuracy_by_grammar,supervised_baseline,nearest,hashed_pair,5,0.921,0.1766493702224834,0.079,0.605,1.0,1.0,0.921,contains_101,,,,,,,,,,,,,,,,,,,,,,,,,,,,,,,,,,,,,,,,,,,,,
final_accuracy_by_grammar,terminal_rl,hopfield,exact_pair,5,0.5124,0.02943297470525191,0.01316282644419502,0.497,0.5,0.565,0.5124,contains_101,,,,,,,,,,,,,,,,,,,,,,,,,,,,,,,,,,,,,,,,,,,,,
final_accuracy_by_grammar,terminal_rl,hopfield,hashed_pair,5,0.514,0.0392874025611264,0.017569860557215593,0.463,0.5,0.559,0.514,contains_101,,,,,,,,,,,,,,,,,,,,,,,,,,,,,,,,,,,,,,,,,,,,,
final_accuracy_by_grammar,terminal_rl,nearest,exact_pair,5,0.5266,0.04263566582100014,0.019067249408344138,0.5,0.51,0.602,0.5266,contains_101,,,,,,,,,,,,,,,,,,,,,,,,,,,,,,,,,,,,,,,,,,,,,
final_accuracy_by_grammar,terminal_rl,nearest,hashed_pair,5,0.504,0.008944271909999168,0.004000000000000004,0.5,0.5,0.52,0.504,contains_101,,,,,,,,,,,,,,,,,,,,,,,,,,,,,,,,,,,,,,,,,,,,,
final_accuracy_by_grammar,sparse_terminal_rl,hopfield,exact_pair,10,0.501,0.02245489305746572,0.007100860667709387,0.466,0.5,0.541,0.501,even_ones,,,,,,,,,,,,,,,,,,,,,,,,,,,,,,,,,,,,,,,,,,,,,
final_accuracy_by_grammar,sparse_terminal_rl,nearest,exact_pair,10,0.49350000000000005,0.02286311925836505,0.007229953127249324,0.468,0.4925,0.531,0.49350000000000005,even_ones,,,,,,,,,,,,,,,,,,,,,,,,,,,,,,,,,,,,,,,,,,,,,
final_accuracy_by_grammar,state_shaped_rl,hopfield,exact_pair,5,1.0,0.0,0.0,1.0,1.0,1.0,1.0,even_ones,,,,,,,,,,,,,,,,,,,,,,,,,,,,,,,,,,,,,,,,,,,,,
final_accuracy_by_grammar,state_shaped_rl,hopfield,hashed_pair,5,1.0,0.0,0.0,1.0,1.0,1.0,1.0,even_ones,,,,,,,,,,,,,,,,,,,,,,,,,,,,,,,,,,,,,,,,,,,,,
final_accuracy_by_grammar,state_shaped_rl,nearest,exact_pair,5,1.0,0.0,0.0,1.0,1.0,1.0,1.0,even_ones,,,,,,,,,,,,,,,,,,,,,,,,,,,,,,,,,,,,,,,,,,,,,
final_accuracy_by_grammar,state_shaped_rl,nearest,hashed_pair,5,1.0,0.0,0.0,1.0,1.0,1.0,1.0,even_ones,,,,,,,,,,,,,,,,,,,,,,,,,,,,,,,,,,,,,,,,,,,,,
final_accuracy_by_grammar,supervised_baseline,hopfield,exact_pair,5,1.0,0.0,0.0,1.0,1.0,1.0,1.0,even_ones,,,,,,,,,,,,,,,,,,,,,,,,,,,,,,,,,,,,,,,,,,,,,
final_accuracy_by_grammar,supervised_baseline,hopfield,hashed_pair,5,0.9042,0.21421531224447982,0.09579999999999998,0.521,1.0,1.0,0.9042,even_ones,,,,,,,,,,,,,,,,,,,,,,,,,,,,,,,,,,,,,,,,,,,,,
final_accuracy_by_grammar,supervised_baseline,nearest,exact_pair,5,1.0,0.0,0.0,1.0,1.0,1.0,1.0,even_ones,,,,,,,,,,,,,,,,,,,,,,,,,,,,,,,,,,,,,,,,,,,,,
final_accuracy_by_grammar,supervised_baseline,nearest,hashed_pair,5,0.8141999999999999,0.254429164994896,0.11378418167741947,0.532,1.0,1.0,0.8141999999999999,even_ones,,,,,,,,,,,,,,,,,,,,,,,,,,,,,,,,,,,,,,,,,,,,,
final_accuracy_by_grammar,terminal_rl,hopfield,exact_pair,5,0.5058,0.012969194269498791,0.005800000000000005,0.5,0.5,0.529,0.5058,even_ones,,,,,,,,,,,,,,,,,,,,,,,,,,,,,,,,,,,,,,,,,,,,,
final_accuracy_by_grammar,terminal_rl,hopfield,hashed_pair,5,0.5066,0.009099450532861868,0.004069397989875164,0.5,0.5,0.518,0.5066,even_ones,,,,,,,,,,,,,,,,,,,,,,,,,,,,,,,,,,,,,,,,,,,,,
final_accuracy_by_grammar,terminal_rl,nearest,exact_pair,5,0.608,0.21981810662454537,0.09830564581955606,0.5,0.5,1.0,0.608,even_ones,,,,,,,,,,,,,,,,,,,,,,,,,,,,,,,,,,,,,,,,,,,,,
final_accuracy_by_grammar,terminal_rl,nearest,hashed_pair,5,0.506,0.008485281374238578,0.0037947331922020587,0.5,0.5,0.518,0.506,even_ones,,,,,,,,,,,,,,,,,,,,,,,,,,,,,,,,,,,,,,,,,,,,,
final_accuracy_by_grammar,sparse_terminal_rl,hopfield,exact_pair,10,0.46929999999999994,0.055049573618290236,0.01740820368549138,0.41,0.471,0.579,0.46929999999999994,no_substring_11,,,,,,,,,,,,,,,,,,,,,,,,,,,,,,,,,,,,,,,,,,,,,
final_accuracy_by_grammar,sparse_terminal_rl,nearest,exact_pair,10,0.5215,0.06851804304139328,0.02166730768282534,0.412,0.5,0.627,0.5215,no_substring_11,,,,,,,,,,,,,,,,,,,,,,,,,,,,,,,,,,,,,,,,,,,,,
final_accuracy_by_grammar,state_shaped_rl,hopfield,exact_pair,5,0.6922,0.2911910026082537,0.13022457525367476,0.373,0.588,1.0,0.6922,no_substring_11,,,,,,,,,,,,,,,,,,,,,,,,,,,,,,,,,,,,,,,,,,,,,
final_accuracy_by_grammar,state_shaped_rl,hopfield,hashed_pair,5,0.5094000000000001,0.12714873180649502,0.0568626415144425,0.373,0.5,0.68,0.5094000000000001,no_substring_11,,,,,,,,,,,,,,,,,,,,,,,,,,,,,,,,,,,,,,,,,,,,,
final_accuracy_by_grammar,state_shaped_rl,nearest,exact_pair,5,0.5,0.0,0.0,0.5,0.5,0.5,0.5,no_substring_11,,,,,,,,,,,,,,,,,,,,,,,,,,,,,,,,,,,,,,,,,,,,,
final_accuracy_by_grammar,state_shaped_rl,nearest,hashed_pair,5,0.5746,0.2440815437512636,0.10915658477618288,0.373,0.5,1.0,0.5746,no_substring_11,,,,,,,,,,,,,,,,,,,,,,,,,,,,,,,,,,,,,,,,,,,,,
final_accuracy_by_grammar,supervised_baseline,hopfield,exact_pair,5,1.0,0.0,0.0,1.0,1.0,1.0,1.0,no_substring_11,,,,,,,,,,,,,,,,,,,,,,,,,,,,,,,,,,,,,,,,,,,,,
final_accuracy_by_grammar,supervised_baseline,hopfield,hashed_pair,5,0.9356,0.14400277775098644,0.06439999999999999,0.678,1.0,1.0,0.9356,no_substring_11,,,,,,,,,,,,,,,,,,,,,,,,,,,,,,,,,,,,,,,,,,,,,
final_accuracy_by_grammar,supervised_baseline,nearest,exact_pair,5,1.0,0.0,0.0,1.0,1.0,1.0,1.0,no_substring_11,,,,,,,,,,,,,,,,,,,,,,,,,,,,,,,,,,,,,,,,,,,,,
final_accuracy_by_grammar,supervised_baseline,nearest,hashed_pair,5,0.938,0.13863621460498696,0.06199999999999999,0.69,1.0,1.0,0.938,no_substring_11,,,,,,,,,,,,,,,,,,,,,,,,,,,,,,,,,,,,,,,,,,,,,
final_accuracy_by_grammar,terminal_rl,hopfield,exact_pair,5,0.5438,0.04233438318908165,0.01893251171926218,0.5,0.555,0.594,0.5438,no_substring_11,,,,,,,,,,,,,,,,,,,,,,,,,,,,,,,,,,,,,,,,,,,,,
final_accuracy_by_grammar,terminal_rl,hopfield,hashed_pair,5,0.4574,0.05467906363499653,0.024453220646777796,0.362,0.474,0.5,0.4574,no_substring_11,,,,,,,,,,,,,,,,,,,,,,,,,,,,,,,,,,,,,,,,,,,,,
final_accuracy_by_grammar,terminal_rl,nearest,exact_pair,5,0.5124000000000001,0.03544432253549218,0.01585118292115764,0.487,0.5,0.575,0.5124000000000001,no_substring_11,,,,,,,,,,,,,,,,,,,,,,,,,,,,,,,,,,,,,,,,,,,,,
final_accuracy_by_grammar,terminal_rl,nearest,hashed_pair,5,0.49399999999999994,0.10237919710566201,0.045785368842021994,0.337,0.5,0.594,0.49399999999999994,no_substring_11,,,,,,,,,,,,,,,,,,,,,,,,,,,,,,,,,,,,,,,,,,,,,
final_accuracy_by_grammar,sparse_terminal_rl,hopfield,exact_pair,10,0.6071000000000001,0.1894057666610086,0.05989536246191723,0.364,0.605,0.852,0.6071000000000001,reber,,,,,,,,,,,,,,,,,,,,,,,,,,,,,,,,,,,,,,,,,,,,,
final_accuracy_by_grammar,sparse_terminal_rl,nearest,exact_pair,10,0.541,0.11442610424782158,0.03618471132029843,0.383,0.503,0.734,0.541,reber,,,,,,,,,,,,,,,,,,,,,,,,,,,,,,,,,,,,,,,,,,,,,
final_accuracy_by_grammar,state_shaped_rl,hopfield,exact_pair,5,0.8635999999999999,0.1264527579770406,0.0565513925557983,0.718,0.835,0.995,0.8635999999999999,reber,,,,,,,,,,,,,,,,,,,,,,,,,,,,,,,,,,,,,,,,,,,,,
final_accuracy_by_grammar,state_shaped_rl,hopfield,hashed_pair,5,0.4962,0.08048726607358458,0.035994999652729544,0.369,0.516,0.59,0.4962,reber,,,,,,,,,,,,,,,,,,,,,,,,,,,,,,,,,,,,,,,,,,,,,
final_accuracy_by_grammar,state_shaped_rl,nearest,exact_pair,5,0.9987999999999999,0.0016431676725154997,0.000734846922834954,0.997,1.0,1.0,0.9987999999999999,reber,,,,,,,,,,,,,,,,,,,,,,,,,,,,,,,,,,,,,,,,,,,,,
final_accuracy_by_grammar,state_shaped_rl,nearest,hashed_pair,5,0.6038,0.08635797589105478,0.03862046089833729,0.533,0.57,0.732,0.6038,reber,,,,,,,,,,,,,,,,,,,,,,,,,,,,,,,,,,,,,,,,,,,,,
final_accuracy_by_grammar,supervised_baseline,hopfield,exact_pair,5,1.0,0.0,0.0,1.0,1.0,1.0,1.0,reber,,,,,,,,,,,,,,,,,,,,,,,,,,,,,,,,,,,,,,,,,,,,,
final_accuracy_by_grammar,supervised_baseline,hopfield,hashed_pair,5,0.737,0.18849137911321034,0.08429590737396447,0.512,0.682,0.953,0.737,reber,,,,,,,,,,,,,,,,,,,,,,,,,,,,,,,,,,,,,,,,,,,,,
final_accuracy_by_grammar,supervised_baseline,nearest,exact_pair,5,0.9996,0.0005477225575051665,0.000244948974278318,0.999,1.0,1.0,0.9996,reber,,,,,,,,,,,,,,,,,,,,,,,,,,,,,,,,,,,,,,,,,,,,,
final_accuracy_by_grammar,supervised_baseline,nearest,hashed_pair,5,0.5953999999999999,0.16022889876673307,0.07165654192046947,0.493,0.523,0.874,0.5953999999999999,reber,,,,,,,,,,,,,,,,,,,,,,,,,,,,,,,,,,,,,,,,,,,,,
final_accuracy_by_grammar,terminal_rl,hopfield,exact_pair,5,0.7602,0.08486283049722064,0.037951811550965525,0.642,0.795,0.849,0.7602,reber,,,,,,,,,,,,,,,,,,,,,,,,,,,,,,,,,,,,,,,,,,,,,
final_accuracy_by_grammar,terminal_rl,hopfield,hashed_pair,5,0.7274,0.11846856123039566,0.052980751221552165,0.623,0.71,0.922,0.7274,reber,,,,,,,,,,,,,,,,,,,,,,,,,,,,,,,,,,,,,,,,,,,,,
final_accuracy_by_grammar,terminal_rl,nearest,exact_pair,5,0.8109999999999999,0.18024011762091147,0.08060583105458313,0.5,0.861,0.938,0.8109999999999999,reber,,,,,,,,,,,,,,,,,,,,,,,,,,,,,,,,,,,,,,,,,,,,,
final_accuracy_by_grammar,terminal_rl,nearest,hashed_pair,5,0.6186,0.15241981498479784,0.0681642134847898,0.417,0.676,0.764,0.6186,reber,,,,,,,,,,,,,,,,,,,,,,,,,,,,,,,,,,,,,,,,,,,,,
final_accuracy_by_grammar,sparse_terminal_rl,hopfield,exact_pair,10,0.7018000000000001,0.1226565213195867,0.03878739772428955,0.5,0.7330000000000001,0.829,0.7018000000000001,tier_alternating_12,,,,,,,,,,,,,,,,,,,,,,,,,,,,,,,,,,,,,,,,,,,,,
final_accuracy_by_grammar,sparse_terminal_rl,nearest,exact_pair,10,0.6627000000000001,0.146086009673145,0.046196452485252816,0.387,0.7315,0.813,0.6627000000000001,tier_alternating_12,,,,,,,,,,,,,,,,,,,,,,,,,,,,,,,,,,,,,,,,,,,,,
final_accuracy_by_grammar,state_shaped_rl,hopfield,exact_pair,5,0.8156000000000001,0.1884364614399241,0.08427134744383763,0.5,0.88,1.0,0.8156000000000001,tier_alternating_12,,,,,,,,,,,,,,,,,,,,,,,,,,,,,,,,,,,,,,,,,,,,,
final_accuracy_by_grammar,state_shaped_rl,hopfield,hashed_pair,5,0.8394,0.07053580650988547,0.03154457164077522,0.755,0.825,0.934,0.8394,tier_alternating_12,,,,,,,,,,,,,,,,,,,,,,,,,,,,,,,,,,,,,,,,,,,,,
final_accuracy_by_grammar,state_shaped_rl,nearest,exact_pair,5,0.8795999999999999,0.07871658021027085,0.03520312486129606,0.821,0.829,1.0,0.8795999999999999,tier_alternating_12,,,,,,,,,,,,,,,,,,,,,,,,,,,,,,,,,,,,,,,,,,,,,
final_accuracy_by_grammar,state_shaped_rl,nearest,hashed_pair,5,0.8347999999999999,0.0237423671945322,0.010617909398746994,0.796,0.839,0.857,0.8347999999999999,tier_alternating_12,,,,,,,,,,,,,,,,,,,,,,,,,,,,,,,,,,,,,,,,,,,,,
final_accuracy_by_grammar,supervised_baseline,hopfield,exact_pair,5,1.0,0.0,0.0,1.0,1.0,1.0,1.0,tier_alternating_12,,,,,,,,,,,,,,,,,,,,,,,,,,,,,,,,,,,,,,,,,,,,,
final_accuracy_by_grammar,supervised_baseline,hopfield,hashed_pair,5,0.8785999999999999,0.06588474785563044,0.029464554977124628,0.786,0.9,0.94,0.8785999999999999,tier_alternating_12,,,,,,,,,,,,,,,,,,,,,,,,,,,,,,,,,,,,,,,,,,,,,
final_accuracy_by_grammar,supervised_baseline,nearest,exact_pair,5,1.0,0.0,0.0,1.0,1.0,1.0,1.0,tier_alternating_12,,,,,,,,,,,,,,,,,,,,,,,,,,,,,,,,,,,,,,,,,,,,,
final_accuracy_by_grammar,supervised_baseline,nearest,hashed_pair,5,0.8452,0.1434806607177427,0.06416650216429129,0.672,0.899,1.0,0.8452,tier_alternating_12,,,,,,,,,,,,,,,,,,,,,,,,,,,,,,,,,,,,,,,,,,,,,
final_accuracy_by_grammar,terminal_rl,hopfield,exact_pair,5,0.744,0.09125239722878518,0.040809312662675415,0.591,0.771,0.831,0.744,tier_alternating_12,,,,,,,,,,,,,,,,,,,,,,,,,,,,,,,,,,,,,,,,,,,,,
final_accuracy_by_grammar,terminal_rl,hopfield,hashed_pair,5,0.6971999999999999,0.11602887571634916,0.05188969069092626,0.5,0.73,0.782,0.6971999999999999,tier_alternating_12,,,,,,,,,,,,,,,,,,,,,,,,,,,,,,,,,,,,,,,,,,,,,
final_accuracy_by_grammar,terminal_rl,nearest,exact_pair,5,0.7782,0.09976321967538938,0.04461546816968303,0.641,0.779,0.899,0.7782,tier_alternating_12,,,,,,,,,,,,,,,,,,,,,,,,,,,,,,,,,,,,,,,,,,,,,
final_accuracy_by_grammar,terminal_rl,nearest,hashed_pair,5,0.7272000000000001,0.13402126696908964,0.05993613267470633,0.5,0.783,0.845,0.7272000000000001,tier_alternating_12,,,,,,,,,,,,,,,,,,,,,,,,,,,,,,,,,,,,,,,,,,,,,
final_accuracy_by_grammar,sparse_terminal_rl,hopfield,exact_pair,10,0.9,0.21081851067789198,0.06666666666666667,0.5,1.0,1.0,0.9,tomita_1,,,,,,,,,,,,,,,,,,,,,,,,,,,,,,,,,,,,,,,,,,,,,
final_accuracy_by_grammar,sparse_terminal_rl,nearest,exact_pair,10,0.95,0.15811388300841897,0.049999999999999996,0.5,1.0,1.0,0.95,tomita_1,,,,,,,,,,,,,,,,,,,,,,,,,,,,,,,,,,,,,,,,,,,,,
final_accuracy_by_grammar,state_shaped_rl,hopfield,exact_pair,5,1.0,0.0,0.0,1.0,1.0,1.0,1.0,tomita_1,,,,,,,,,,,,,,,,,,,,,,,,,,,,,,,,,,,,,,,,,,,,,
final_accuracy_by_grammar,state_shaped_rl,hopfield,hashed_pair,5,1.0,0.0,0.0,1.0,1.0,1.0,1.0,tomita_1,,,,,,,,,,,,,,,,,,,,,,,,,,,,,,,,,,,,,,,,,,,,,
final_accuracy_by_grammar,state_shaped_rl,nearest,exact_pair,5,1.0,0.0,0.0,1.0,1.0,1.0,1.0,tomita_1,,,,,,,,,,,,,,,,,,,,,,,,,,,,,,,,,,,,,,,,,,,,,
final_accuracy_by_grammar,state_shaped_rl,nearest,hashed_pair,5,1.0,0.0,0.0,1.0,1.0,1.0,1.0,tomita_1,,,,,,,,,,,,,,,,,,,,,,,,,,,,,,,,,,,,,,,,,,,,,
final_accuracy_by_grammar,supervised_baseline,hopfield,exact_pair,5,1.0,0.0,0.0,1.0,1.0,1.0,1.0,tomita_1,,,,,,,,,,,,,,,,,,,,,,,,,,,,,,,,,,,,,,,,,,,,,
final_accuracy_by_grammar,supervised_baseline,hopfield,hashed_pair,5,0.9516,0.10822569011098983,0.0484,0.758,1.0,1.0,0.9516,tomita_1,,,,,,,,,,,,,,,,,,,,,,,,,,,,,,,,,,,,,,,,,,,,,
final_accuracy_by_grammar,supervised_baseline,nearest,exact_pair,5,1.0,0.0,0.0,1.0,1.0,1.0,1.0,tomita_1,,,,,,,,,,,,,,,,,,,,,,,,,,,,,,,,,,,,,,,,,,,,,
final_accuracy_by_grammar,supervised_baseline,nearest,hashed_pair,5,0.951,0.1095673308974897,0.049,0.755,1.0,1.0,0.951,tomita_1,,,,,,,,,,,,,,,,,,,,,,,,,,,,,,,,,,,,,,,,,,,,,
final_accuracy_by_grammar,terminal_rl,hopfield,exact_pair,5,1.0,0.0,0.0,1.0,1.0,1.0,1.0,tomita_1,,,,,,,,,,,,,,,,,,,,,,,,,,,,,,,,,,,,,,,,,,,,,
final_accuracy_by_grammar,terminal_rl,hopfield,hashed_pair,5,0.8058,0.26611689160968344,0.11901109192003911,0.5,1.0,1.0,0.8058,tomita_1,,,,,,,,,,,,,,,,,,,,,,,,,,,,,,,,,,,,,,,,,,,,,
final_accuracy_by_grammar,terminal_rl,nearest,exact_pair,5,0.9057999999999999,0.21063760348048016,0.09419999999999998,0.529,1.0,1.0,0.9057999999999999,tomita_1,,,,,,,,,,,,,,,,,,,,,,,,,,,,,,,,,,,,,,,,,,,,,
final_accuracy_by_grammar,terminal_rl,nearest,hashed_pair,5,0.9484,0.11538110763898915,0.0516,0.742,1.0,1.0,0.9484,tomita_1,,,,,,,,,,,,,,,,,,,,,,,,,,,,,,,,,,,,,,,,,,,,,
final_accuracy_by_grammar,sparse_terminal_rl,hopfield,exact_pair,10,0.6987,0.2121304891910742,0.06708155070095237,0.5,0.6795,0.957,0.6987,tomita_2,,,,,,,,,,,,,,,,,,,,,,,,,,,,,,,,,,,,,,,,,,,,,
final_accuracy_by_grammar,sparse_terminal_rl,nearest,exact_pair,10,0.6728,0.2003201881433266,0.06334680558463683,0.5,0.565,0.957,0.6728,tomita_2,,,,,,,,,,,,,,,,,,,,,,,,,,,,,,,,,,,,,,,,,,,,,
final_accuracy_by_grammar,state_shaped_rl,hopfield,exact_pair,5,0.8744,0.21093434997647964,0.09433270906742793,0.509,0.988,1.0,0.8744,tomita_2,,,,,,,,,,,,,,,,,,,,,,,,,,,,,,,,,,,,,,,,,,,,,
final_accuracy_by_grammar,state_shaped_rl,hopfield,hashed_pair,5,0.9484,0.07116389534026366,0.03182546150490201,0.859,1.0,1.0,0.9484,tomita_2,,,,,,,,,,,,,,,,,,,,,,,,,,,,,,,,,,,,,,,,,,,,,
final_accuracy_by_grammar,state_shaped_rl,nearest,exact_pair,5,0.7438,0.22983080733443895,0.10278346170469255,0.5,0.859,1.0,0.7438,tomita_2,,,,,,,,,,,,,,,,,,,,,,,,,,,,,,,,,,,,,,,,,,,,,
final_accuracy_by_grammar,state_shaped_rl,nearest,hashed_pair,5,0.7484,0.2329469896779093,0.10417706081474941,0.5,0.859,1.0,0.7484,tomita_2,,,,,,,,,,,,,,,,,,,,,,,,,,,,,,,,,,,,,,,,,,,,,
final_accuracy_by_grammar,supervised_baseline,hopfield,exact_pair,5,0.9975999999999999,0.0053665631459995,0.002400000000000002,0.988,1.0,1.0,0.9975999999999999,tomita_2,,,,,,,,,,,,,,,,,,,,,,,,,,,,,,,,,,,,,,,,,,,,,
final_accuracy_by_grammar,supervised_baseline,hopfield,hashed_pair,5,0.8844000000000001,0.21661209569181497,0.09687187414311751,0.5,0.988,1.0,0.8844000000000001,tomita_2,,,,,,,,,,,,,,,,,,,,,,,,,,,,,,,,,,,,,,,,,,,,,
final_accuracy_by_grammar,supervised_baseline,nearest,exact_pair,5,1.0,0.0,0.0,1.0,1.0,1.0,1.0,tomita_2,,,,,,,,,,,,,,,,,,,,,,,,,,,,,,,,,,,,,,,,,,,,,
final_accuracy_by_grammar,supervised_baseline,nearest,hashed_pair,5,0.9642,0.052737083726728765,0.02358474082961269,0.875,0.988,1.0,0.9642,tomita_2,,,,,,,,,,,,,,,,,,,,,,,,,,,,,,,,,,,,,,,,,,,,,
final_accuracy_by_grammar,terminal_rl,hopfield,exact_pair,5,0.632,0.2649424465803847,0.11848586413576936,0.337,0.5,0.948,0.632,tomita_2,,,,,,,,,,,,,,,,,,,,,,,,,,,,,,,,,,,,,,,,,,,,,
final_accuracy_by_grammar,terminal_rl,hopfield,hashed_pair,5,0.6436,0.19663239814435463,0.08793668176591608,0.5,0.5,0.859,0.6436,tomita_2,,,,,,,,,,,,,,,,,,,,,,,,,,,,,,,,,,,,,,,,,,,,,
final_accuracy_by_grammar,terminal_rl,nearest,exact_pair,5,0.5766,0.17128280707648388,0.07659999999999999,0.5,0.5,0.883,0.5766,tomita_2,,,,,,,,,,,,,,,,,,,,,,,,,,,,,,,,,,,,,,,,,,,,,
final_accuracy_by_grammar,terminal_rl,nearest,hashed_pair,5,0.7178,0.20662332878936976,0.09240476178206401,0.5,0.758,0.948,0.7178,tomita_2,,,,,,,,,,,,,,,,,,,,,,,,,,,,,,,,,,,,,,,,,,,,,
state_tracking_by_condition,sparse_terminal_rl,hopfield,exact_pair,70,,,,,,,,,0.4316542740625823,0.3275204547621886,0.03914618176739788,0.039039408866995,0.3512262992008498,1.0,0.4316542740625823,,,,,,,,,,,,,,,,,,,,,,,,,,,,,,,,,,,,,,
state_tracking_by_condition,sparse_terminal_rl,nearest,exact_pair,70,,,,,,,,,0.40285262954201034,0.32028193854954523,0.03828101360074967,0.0,0.3361636892712295,1.0,0.40285262954201034,,,,,,,,,,,,,,,,,,,,,,,,,,,,,,,,,,,,,,
state_tracking_by_condition,state_shaped_rl,hopfield,exact_pair,35,,,,,,,,,0.8004482257306123,0.27618851464042765,0.046684379651101324,0.0426442743064131,0.935056265496853,1.0,0.8004482257306123,,,,,,,,,,,,,,,,,,,,,,,,,,,,,,,,,,,,,,
state_tracking_by_condition,state_shaped_rl,hopfield,hashed_pair,35,,,,,,,,,0.8211091818018109,0.25136957595335274,0.04248921332525581,0.111166048619695,0.9223394984022464,1.0,0.8211091818018109,,,,,,,,,,,,,,,,,,,,,,,,,,,,,,,,,,,,,,
state_tracking_by_condition,state_shaped_rl,nearest,exact_pair,35,,,,,,,,,0.810525660557719,0.26941415715923905,0.04553930424144562,0.2329942503317116,0.9536914963744232,1.0,0.810525660557719,,,,,,,,,,,,,,,,,,,,,,,,,,,,,,,,,,,,,,
state_tracking_by_condition,state_shaped_rl,nearest,hashed_pair,35,,,,,,,,,0.7712314152261345,0.2365759352575564,0.03998863164986038,0.1785055690787047,0.8321418624083187,1.0,0.7712314152261345,,,,,,,,,,,,,,,,,,,,,,,,,,,,,,,,,,,,,,
state_tracking_by_condition,supervised_baseline,hopfield,exact_pair,35,,,,,,,,,0.9999788197156779,6.408820823878878e-05,1.0832884374187901e-05,0.99975280158207,1.0,1.0,0.9999788197156779,,,,,,,,,,,,,,,,,,,,,,,,,,,,,,,,,,,,,,
state_tracking_by_condition,supervised_baseline,hopfield,hashed_pair,35,,,,,,,,,0.8159797639491762,0.1960103578543706,0.033131797582296084,0.4838082353935909,0.8774087343855912,1.0,0.8159797639491762,,,,,,,,,,,,,,,,,,,,,,,,,,,,,,,,,,,,,,
state_tracking_by_condition,supervised_baseline,nearest,exact_pair,35,,,,,,,,,0.999889965224734,0.0004478284836614932,7.569682967102618e-05,0.9976926246394726,1.0,1.0,0.999889965224734,,,,,,,,,,,,,,,,,,,,,,,,,,,,,,,,,,,,,,
state_tracking_by_condition,supervised_baseline,nearest,hashed_pair,35,,,,,,,,,0.8640291964499122,0.1881893986015974,0.031809814184588156,0.4149172635218572,1.0,1.0,0.8640291964499122,,,,,,,,,,,,,,,,,,,,,,,,,,,,,,,,,,,,,,
state_tracking_by_condition,terminal_rl,hopfield,exact_pair,35,,,,,,,,,0.37657252719380835,0.33039064184058525,0.05584621133481121,0.0,0.3332472229398088,1.0,0.37657252719380835,,,,,,,,,,,,,,,,,,,,,,,,,,,,,,,,,,,,,,
state_tracking_by_condition,terminal_rl,hopfield,hashed_pair,35,,,,,,,,,0.3211326844598653,0.29811797133213436,0.05039113437647746,0.0,0.2200339308106513,1.0,0.3211326844598653,,,,,,,,,,,,,,,,,,,,,,,,,,,,,,,,,,,,,,
state_tracking_by_condition,terminal_rl,nearest,exact_pair,35,,,,,,,,,0.40158963226081157,0.33558809340028023,0.05672474099469553,0.0031311799604482,0.3567213114754098,1.0,0.40158963226081157,,,,,,,,,,,,,,,,,,,,,,,,,,,,,,,,,,,,,,
state_tracking_by_condition,terminal_rl,nearest,hashed_pair,35,,,,,,,,,0.4550476834971184,0.3314836934939977,0.05603097078591513,0.0133741357814802,0.4780834621329212,1.0,0.4550476834971184,,,,,,,,,,,,,,,,,,,,,,,,,,,,,,,,,,,,,,
transition_accuracy_by_condition,sparse_terminal_rl,hopfield,exact_pair,70,,,,,,,,,,,,,,,,0.4268424036281179,0.2818436055126954,0.033686754066673034,0.0317460317460317,0.3333333333333333,1.0,0.4268424036281179,,,,,,,,,,,,,,,,,,,,,,,,,,,,,,,
transition_accuracy_by_condition,sparse_terminal_rl,nearest,exact_pair,70,,,,,,,,,,,,,,,,0.40238095238095234,0.28994724474379574,0.03465532421154661,0.0,0.3333333333333333,1.0,0.40238095238095234,,,,,,,,,,,,,,,,,,,,,,,,,,,,,,,
transition_accuracy_by_condition,state_shaped_rl,hopfield,exact_pair,35,,,,,,,,,,,,,,,,0.8112244897959183,0.26061559489244035,0.04405207577438988,0.0158730158730158,0.9166666666666666,1.0,0.8112244897959183,,,,,,,,,,,,,,,,,,,,,,,,,,,,,,,
transition_accuracy_by_condition,state_shaped_rl,hopfield,hashed_pair,35,,,,,,,,,,,,,,,,0.8101473922902495,0.24608387157743428,0.04159576621674689,0.0793650793650793,0.9166666666666666,1.0,0.8101473922902495,,,,,,,,,,,,,,,,,,,,,,,,,,,,,,,
transition_accuracy_by_condition,state_shaped_rl,nearest,exact_pair,35,,,,,,,,,,,,,,,,0.8584467120181407,0.14451229448303848,0.02442703610858406,0.5873015873015873,0.875,1.0,0.8584467120181407,,,,,,,,,,,,,,,,,,,,,,,,,,,,,,,
transition_accuracy_by_condition,state_shaped_rl,nearest,hashed_pair,35,,,,,,,,,,,,,,,,0.7967687074829933,0.18119524646916615,0.030627586697999597,0.5,0.8333333333333334,1.0,0.7967687074829933,,,,,,,,,,,,,,,,,,,,,,,,,,,,,,,
transition_accuracy_by_condition,supervised_baseline,hopfield,exact_pair,35,,,,,,,,,,,,,,,,0.9709750566893423,0.0827911949691873,0.01399426613645336,0.6984126984126984,1.0,1.0,0.9709750566893423,,,,,,,,,,,,,,,,,,,,,,,,,,,,,,,
transition_accuracy_by_condition,supervised_baseline,hopfield,hashed_pair,35,,,,,,,,,,,,,,,,0.8791383219954649,0.1335659418117122,0.022576764801798006,0.6190476190476191,0.9166666666666666,1.0,0.8791383219954649,,,,,,,,,,,,,,,,,,,,,,,,,,,,,,,
transition_accuracy_by_condition,supervised_baseline,nearest,exact_pair,35,,,,,,,,,,,,,,,,0.9727891156462584,0.0771465293062491,0.013040143496142924,0.7301587301587301,1.0,1.0,0.9727891156462584,,,,,,,,,,,,,,,,,,,,,,,,,,,,,,,
transition_accuracy_by_condition,supervised_baseline,nearest,hashed_pair,35,,,,,,,,,,,,,,,,0.9009637188208617,0.12375943488522566,0.020919162591209052,0.6349206349206349,1.0,1.0,0.9009637188208617,,,,,,,,,,,,,,,,,,,,,,,,,,,,,,,
transition_accuracy_by_condition,terminal_rl,hopfield,exact_pair,35,,,,,,,,,,,,,,,,0.38475056689342396,0.3060248419128593,0.05172763943905494,0.0,0.25,1.0,0.38475056689342396,,,,,,,,,,,,,,,,,,,,,,,,,,,,,,,
transition_accuracy_by_condition,terminal_rl,hopfield,hashed_pair,35,,,,,,,,,,,,,,,,0.31275510204081625,0.27045592623219245,0.04571539535433585,0.0,0.25,1.0,0.31275510204081625,,,,,,,,,,,,,,,,,,,,,,,,,,,,,,,
transition_accuracy_by_condition,terminal_rl,nearest,exact_pair,35,,,,,,,,,,,,,,,,0.3941043083900226,0.3223160556223804,0.0544813571553136,0.0,0.3333333333333333,1.0,0.3941043083900226,,,,,,,,,,,,,,,,,,,,,,,,,,,,,,,
transition_accuracy_by_condition,terminal_rl,nearest,hashed_pair,35,,,,,,,,,,,,,,,,0.40017006802721083,0.3157391525671492,0.05336965763530047,0.0,0.3333333333333333,1.0,0.40017006802721083,,,,,,,,,,,,,,,,,,,,,,,,,,,,,,,
seen_transition_accuracy_by_condition,sparse_terminal_rl,hopfield,exact_pair,70,,,,,,,,,,,,,,,,,,,,,,,0.4323915252153939,0.2962680102606591,0.03541080018941154,0.0,0.4166666666666667,1.0,0.4323915252153939,,,,,,,,,,,,,,,,,,,,,,,,
seen_transition_accuracy_by_condition,sparse_terminal_rl,nearest,exact_pair,70,,,,,,,,,,,,,,,,,,,,,,,0.4320231325166995,0.29496492805418667,0.0352550520760625,0.0,0.375,1.0,0.4320231325166995,,,,,,,,,,,,,,,,,,,,,,,,
seen_transition_accuracy_by_condition,state_shaped_rl,hopfield,exact_pair,35,,,,,,,,,,,,,,,,,,,,,,,0.818969883266689,0.25078354357064053,0.04239015577292423,0.0208333333333333,0.9166666666666666,1.0,0.818969883266689,,,,,,,,,,,,,,,,,,,,,,,,
seen_transition_accuracy_by_condition,state_shaped_rl,hopfield,hashed_pair,35,,,,,,,,,,,,,,,,,,,,,,,0.8123436641737439,0.24088812697167547,0.04071752508473893,0.1020408163265306,0.9166666666666666,1.0,0.8123436641737439,,,,,,,,,,,,,,,,,,,,,,,,
seen_transition_accuracy_by_condition,state_shaped_rl,nearest,exact_pair,35,,,,,,,,,,,,,,,,,,,,,,,0.8743598681708707,0.12373965662778766,0.020915819455524086,0.6666666666666666,0.875,1.0,0.8743598681708707,,,,,,,,,,,,,,,,,,,,,,,,
seen_transition_accuracy_by_condition,state_shaped_rl,nearest,hashed_pair,35,,,,,,,,,,,,,,,,,,,,,,,0.7957580943162134,0.18278821801916528,0.030896848034628246,0.4772727272727273,0.8333333333333334,1.0,0.7957580943162134,,,,,,,,,,,,,,,,,,,,,,,,
seen_transition_accuracy_by_condition,supervised_baseline,hopfield,exact_pair,35,,,,,,,,,,,,,,,,,,,,,,,1.0,0.0,0.0,1.0,1.0,1.0,1.0,,,,,,,,,,,,,,,,,,,,,,,,
seen_transition_accuracy_by_condition,supervised_baseline,hopfield,hashed_pair,35,,,,,,,,,,,,,,,,,,,,,,,0.8880205272396932,0.11937033097731439,0.0201772686227657,0.625,0.9166666666666666,1.0,0.8880205272396932,,,,,,,,,,,,,,,,,,,,,,,,
seen_transition_accuracy_by_condition,supervised_baseline,nearest,exact_pair,35,,,,,,,,,,,,,,,,,,,,,,,1.0,0.0,0.0,1.0,1.0,1.0,1.0,,,,,,,,,,,,,,,,,,,,,,,,
seen_transition_accuracy_by_condition,supervised_baseline,nearest,hashed_pair,35,,,,,,,,,,,,,,,,,,,,,,,0.9094118872845582,0.10891926685704074,0.018410716361227736,0.7045454545454546,1.0,1.0,0.9094118872845582,,,,,,,,,,,,,,,,,,,,,,,,
seen_transition_accuracy_by_condition,terminal_rl,hopfield,exact_pair,35,,,,,,,,,,,,,,,,,,,,,,,0.38586183485251796,0.3048180058739243,0.05152364691644182,0.0,0.25,1.0,0.38586183485251796,,,,,,,,,,,,,,,,,,,,,,,,
seen_transition_accuracy_by_condition,terminal_rl,hopfield,hashed_pair,35,,,,,,,,,,,,,,,,,,,,,,,0.3142701095119018,0.2690300090765034,0.04547437136413165,0.0,0.25,1.0,0.3142701095119018,,,,,,,,,,,,,,,,,,,,,,,,
seen_transition_accuracy_by_condition,terminal_rl,nearest,exact_pair,35,,,,,,,,,,,,,,,,,,,,,,,0.39360497163292185,0.3226661285375055,0.05454053027805023,0.0,0.3333333333333333,1.0,0.39360497163292185,,,,,,,,,,,,,,,,,,,,,,,,
seen_transition_accuracy_by_condition,terminal_rl,nearest,hashed_pair,35,,,,,,,,,,,,,,,,,,,,,,,0.4013485885602123,0.3132406404641371,0.052947332008430194,0.0,0.3333333333333333,1.0,0.4013485885602123,,,,,,,,,,,,,,,,,,,,,,,,
unseen_transition_accuracy_by_condition,sparse_terminal_rl,hopfield,exact_pair,10,,,,,,,,,,,,,,,,,,,,,,,,,,,,,,0.13515848444641013,0.13069429992039494,0.041329166494961087,0.0,0.1071428571428571,0.3684210526315789,0.13515848444641013,,,,,,,,,,,,,,,,,
unseen_transition_accuracy_by_condition,sparse_terminal_rl,nearest,exact_pair,10,,,,,,,,,,,,,,,,,,,,,,,,,,,,,,0.10043933362818809,0.06056145310533014,0.019151213022232043,0.0,0.08834586466165409,0.2,0.10043933362818809,,,,,,,,,,,,,,,,,
unseen_transition_accuracy_by_condition,state_shaped_rl,hopfield,exact_pair,5,,,,,,,,,,,,,,,,,,,,,,,,,,,,,,0.1395400265369305,0.09409182986833756,0.04207914554258957,0.0,0.1428571428571428,0.2352941176470588,0.1395400265369305,,,,,,,,,,,,,,,,,
unseen_transition_accuracy_by_condition,state_shaped_rl,hopfield,hashed_pair,5,,,,,,,,,,,,,,,,,,,,,,,,,,,,,,0.2949049093321539,0.24233812173605318,0.10837690274828685,0.0,0.4,0.5294117647058824,0.2949049093321539,,,,,,,,,,,,,,,,,
unseen_transition_accuracy_by_condition,state_shaped_rl,nearest,exact_pair,5,,,,,,,,,,,,,,,,,,,,,,,,,,,,,,0.3215951643815421,0.15466422633948307,0.06916794475649952,0.1428571428571428,0.2631578947368421,0.5,0.3215951643815421,,,,,,,,,,,,,,,,,
unseen_transition_accuracy_by_condition,state_shaped_rl,nearest,hashed_pair,5,,,,,,,,,,,,,,,,,,,,,,,,,,,,,,0.57281438891346,0.19499950905820274,0.08720643156664545,0.3333333333333333,0.5714285714285714,0.8571428571428571,0.57281438891346,,,,,,,,,,,,,,,,,
unseen_transition_accuracy_by_condition,supervised_baseline,hopfield,exact_pair,5,,,,,,,,,,,,,,,,,,,,,,,,,,,,,,0.2,0.44721359549995804,0.20000000000000004,0.0,0.0,1.0,0.2,,,,,,,,,,,,,,,,,
unseen_transition_accuracy_by_condition,supervised_baseline,hopfield,hashed_pair,5,,,,,,,,,,,,,,,,,,,,,,,,,,,,,,0.47166150670794627,0.0323786155684422,0.014480157085673951,0.4210526315789473,0.4705882352941176,0.5,0.47166150670794627,,,,,,,,,,,,,,,,,
unseen_transition_accuracy_by_condition,supervised_baseline,nearest,exact_pair,5,,,,,,,,,,,,,,,,,,,,,,,,,,,,,,0.2,0.44721359549995804,0.20000000000000004,0.0,0.0,1.0,0.2,,,,,,,,,,,,,,,,,
unseen_transition_accuracy_by_condition,supervised_baseline,nearest,hashed_pair,5,,,,,,,,,,,,,,,,,,,,,,,,,,,,,,0.5080642783429161,0.2143809833377968,0.09587409036531266,0.2857142857142857,0.5263157894736842,0.8235294117647058,0.5080642783429161,,,,,,,,,,,,,,,,,
unseen_transition_accuracy_by_condition,terminal_rl,hopfield,exact_pair,5,,,,,,,,,,,,,,,,,,,,,,,,,,,,,,0.07815126050420165,0.08079909498528651,0.0361344537815126,0.0,0.0714285714285714,0.1764705882352941,0.07815126050420165,,,,,,,,,,,,,,,,,
unseen_transition_accuracy_by_condition,terminal_rl,hopfield,hashed_pair,5,,,,,,,,,,,,,,,,,,,,,,,,,,,,,,0.01428571428571428,0.03194382824999698,0.014285714285714278,0.0,0.0,0.0714285714285714,0.01428571428571428,,,,,,,,,,,,,,,,,
unseen_transition_accuracy_by_condition,terminal_rl,nearest,exact_pair,5,,,,,,,,,,,,,,,,,,,,,,,,,,,,,,0.09853752027126636,0.09009024501833446,0.040289582394121524,0.0,0.0714285714285714,0.2352941176470588,0.09853752027126636,,,,,,,,,,,,,,,,,
unseen_transition_accuracy_by_condition,terminal_rl,nearest,hashed_pair,5,,,,,,,,,,,,,,,,,,,,,,,,,,,,,,0.12,0.2683281572999748,0.12,0.0,0.0,0.6,0.12,,,,,,,,,,,,,,,,,
sparse_terminal_rl_by_write_fraction,,hopfield,,35,0.6159428571428571,0.1942981249125627,0.032842377391125034,0.397,0.5,1.0,0.6159428571428571,,,,,,,,,,,,,,,,,,,,,,,,,,,,,,0.3,,,,,,,,,,,,,,,,
sparse_terminal_rl_by_write_fraction,,hopfield,,35,0.6312285714285715,0.20822952349218285,0.035197213547901986,0.364,0.5,1.0,0.6312285714285715,,,,,,,,,,,,,,,,,,,,,,,,,,,,,,0.5,,,,,,,,,,,,,,,,
sparse_terminal_rl_by_write_fraction,,nearest,,35,0.6080857142857143,0.18501897699625164,0.03127391512277992,0.383,0.506,1.0,0.6080857142857143,,,,,,,,,,,,,,,,,,,,,,,,,,,,,,0.3,,,,,,,,,,,,,,,,
sparse_terminal_rl_by_write_fraction,,nearest,,35,0.6342285714285715,0.20112449842211225,0.0339962451143174,0.387,0.519,1.0,0.6342285714285715,,,,,,,,,,,,,,,,,,,,,,,,,,,,,,0.5,,,,,,,,,,,,,,,,
learning_curve_test_accuracy,sparse_terminal_rl,hopfield,exact_pair,70,,,,,,,,,,,,,,,,,,,,,,,,,,,,,,,,,,,,,,1.0,0.4971428571428572,0.0675709580258414,0.00807627421926191,0.128,0.5,0.67,0.4971428571428572,,,,,,,,
learning_curve_test_accuracy,sparse_terminal_rl,hopfield,exact_pair,70,,,,,,,,,,,,,,,,,,,,,,,,,,,,,,,,,,,,,,250.0,0.5020571428571429,0.10428485038922927,0.01246442367053638,0.117,0.5,0.879,0.5020571428571429,,,,,,,,
learning_curve_test_accuracy,sparse_terminal_rl,hopfield,exact_pair,70,,,,,,,,,,,,,,,,,,,,,,,,,,,,,,,,,,,,,,500.0,0.48715714285714296,0.12459867583848529,0.014892390204733968,0.0,0.5,0.821,0.48715714285714296,,,,,,,,
learning_curve_test_accuracy,sparse_terminal_rl,hopfield,exact_pair,70,,,,,,,,,,,,,,,,,,,,,,,,,,,,,,,,,,,,,,750.0,0.5265142857142858,0.12005792597768009,0.014349666790587414,0.147,0.5,0.897,0.5265142857142858,,,,,,,,
learning_curve_test_accuracy,sparse_terminal_rl,hopfield,exact_pair,70,,,,,,,,,,,,,,,,,,,,,,,,,,,,,,,,,,,,,,1000.0,0.5720142857142857,0.1684580963555723,0.020134593623818996,0.178,0.5,1.0,0.5720142857142857,,,,,,,,
learning_curve_test_accuracy,sparse_terminal_rl,hopfield,exact_pair,70,,,,,,,,,,,,,,,,,,,,,,,,,,,,,,,,,,,,,,1250.0,0.5559428571428572,0.1644835471014677,0.01965954412604755,0.0,0.5,1.0,0.5559428571428572,,,,,,,,
learning_curve_test_accuracy,sparse_terminal_rl,hopfield,exact_pair,70,,,,,,,,,,,,,,,,,,,,,,,,,,,,,,,,,,,,,,1500.0,0.5642714285714285,0.19254127518561706,0.023013084057957586,0.14,0.5,1.0,0.5642714285714285,,,,,,,,
learning_curve_test_accuracy,sparse_terminal_rl,hopfield,exact_pair,70,,,,,,,,,,,,,,,,,,,,,,,,,,,,,,,,,,,,,,1750.0,0.5602714285714285,0.18208955603828425,0.021763864683795563,0.121,0.5,1.0,0.5602714285714285,,,,,,,,
learning_curve_test_accuracy,sparse_terminal_rl,hopfield,exact_pair,70,,,,,,,,,,,,,,,,,,,,,,,,,,,,,,,,,,,,,,2000.0,0.562542857142857,0.17054046106799303,0.020383483811754362,0.125,0.5,1.0,0.562542857142857,,,,,,,,
learning_curve_test_accuracy,sparse_terminal_rl,hopfield,exact_pair,70,,,,,,,,,,,,,,,,,,,,,,,,,,,,,,,,,,,,,,2250.0,0.5555857142857142,0.17942965137613315,0.02144594526876507,0.128,0.5,1.0,0.5555857142857142,,,,,,,,
learning_curve_test_accuracy,sparse_terminal_rl,hopfield,exact_pair,70,,,,,,,,,,,,,,,,,,,,,,,,,,,,,,,,,,,,,,2500.0,0.5357428571428571,0.18953632864381537,0.022653924250329402,0.125,0.5,1.0,0.5357428571428571,,,,,,,,
learning_curve_test_accuracy,sparse_terminal_rl,hopfield,exact_pair,70,,,,,,,,,,,,,,,,,,,,,,,,,,,,,,,,,,,,,,2750.0,0.5636571428571427,0.16712269949761643,0.019974983170874587,0.311,0.5,1.0,0.5636571428571427,,,,,,,,
learning_curve_test_accuracy,sparse_terminal_rl,hopfield,exact_pair,70,,,,,,,,,,,,,,,,,,,,,,,,,,,,,,,,,,,,,,3000.0,0.5846142857142858,0.20677175632385222,0.0247139518760588,0.134,0.5,1.0,0.5846142857142858,,,,,,,,
learning_curve_test_accuracy,sparse_terminal_rl,hopfield,exact_pair,70,,,,,,,,,,,,,,,,,,,,,,,,,,,,,,,,,,,,,,3250.0,0.5720571428571428,0.19734945726191774,0.02358777173560593,0.142,0.5,1.0,0.5720571428571428,,,,,,,,
learning_curve_test_accuracy,sparse_terminal_rl,hopfield,exact_pair,70,,,,,,,,,,,,,,,,,,,,,,,,,,,,,,,,,,,,,,3500.0,0.5690571428571428,0.19186127882029505,0.02293180894694996,0.125,0.5,1.0,0.5690571428571428,,,,,,,,
learning_curve_test_accuracy,sparse_terminal_rl,hopfield,exact_pair,70,,,,,,,,,,,,,,,,,,,,,,,,,,,,,,,,,,,,,,3750.0,0.5951,0.18543276057820035,0.022163454055091996,0.117,0.5,1.0,0.5951,,,,,,,,
learning_curve_test_accuracy,sparse_terminal_rl,hopfield,exact_pair,70,,,,,,,,,,,,,,,,,,,,,,,,,,,,,,,,,,,,,,4000.0,0.6128285714285716,0.20525565334434437,0.02453274291047831,0.266,0.507,1.0,0.6128285714285716,,,,,,,,
learning_curve_test_accuracy,sparse_terminal_rl,hopfield,exact_pair,70,,,,,,,,,,,,,,,,,,,,,,,,,,,,,,,,,,,,,,4250.0,0.589957142857143,0.1957921432387859,0.023401637108189446,0.125,0.5,1.0,0.589957142857143,,,,,,,,
learning_curve_test_accuracy,sparse_terminal_rl,hopfield,exact_pair,70,,,,,,,,,,,,,,,,,,,,,,,,,,,,,,,,,,,,,,4500.0,0.5772285714285715,0.18684351132048255,0.02233207101987354,0.128,0.5,1.0,0.5772285714285715,,,,,,,,
learning_curve_test_accuracy,sparse_terminal_rl,hopfield,exact_pair,70,,,,,,,,,,,,,,,,,,,,,,,,,,,,,,,,,,,,,,4750.0,0.6056714285714286,0.20092508672684575,0.024015141198892028,0.278,0.5,1.0,0.6056714285714286,,,,,,,,
learning_curve_test_accuracy,sparse_terminal_rl,hopfield,exact_pair,70,,,,,,,,,,,,,,,,,,,,,,,,,,,,,,,,,,,,,,5000.0,0.6235857142857142,0.2000678502920869,0.02391268184771327,0.364,0.5,1.0,0.6235857142857142,,,,,,,,
learning_curve_test_accuracy,sparse_terminal_rl,nearest,exact_pair,70,,,,,,,,,,,,,,,,,,,,,,,,,,,,,,,,,,,,,,1.0,0.48877142857142847,0.06665880491946977,0.007967251070379048,0.128,0.5,0.69,0.48877142857142847,,,,,,,,
learning_curve_test_accuracy,sparse_terminal_rl,nearest,exact_pair,70,,,,,,,,,,,,,,,,,,,,,,,,,,,,,,,,,,,,,,250.0,0.5132857142857142,0.10981791818860664,0.013125751763656653,0.125,0.5,0.821,0.5132857142857142,,,,,,,,
learning_curve_test_accuracy,sparse_terminal_rl,nearest,exact_pair,70,,,,,,,,,,,,,,,,,,,,,,,,,,,,,,,,,,,,,,500.0,0.5145571428571428,0.09940353064535437,0.011880994369617568,0.0,0.5,0.786,0.5145571428571428,,,,,,,,
learning_curve_test_accuracy,sparse_terminal_rl,nearest,exact_pair,70,,,,,,,,,,,,,,,,,,,,,,,,,,,,,,,,,,,,,,750.0,0.5230142857142858,0.1035278430457927,0.012373943987101219,0.35,0.5,1.0,0.5230142857142858,,,,,,,,
learning_curve_test_accuracy,sparse_terminal_rl,nearest,exact_pair,70,,,,,,,,,,,,,,,,,,,,,,,,,,,,,,,,,,,,,,1000.0,0.5365142857142857,0.16446044789977757,0.019656783243376264,0.0,0.5,1.0,0.5365142857142857,,,,,,,,
learning_curve_test_accuracy,sparse_terminal_rl,nearest,exact_pair,70,,,,,,,,,,,,,,,,,,,,,,,,,,,,,,,,,,,,,,1250.0,0.5259571428571429,0.13953758370804886,0.01667793121252528,0.244,0.5,1.0,0.5259571428571429,,,,,,,,
learning_curve_test_accuracy,sparse_terminal_rl,nearest,exact_pair,70,,,,,,,,,,,,,,,,,,,,,,,,,,,,,,,,,,,,,,1500.0,0.5487285714285715,0.13344932506479174,0.015950245121380446,0.383,0.5,1.0,0.5487285714285715,,,,,,,,
learning_curve_test_accuracy,sparse_terminal_rl,nearest,exact_pair,70,,,,,,,,,,,,,,,,,,,,,,,,,,,,,,,,,,,,,,1750.0,0.5500142857142856,0.13189175325079788,0.015764079682062615,0.358,0.5,1.0,0.5500142857142856,,,,,,,,
learning_curve_test_accuracy,sparse_terminal_rl,nearest,exact_pair,70,,,,,,,,,,,,,,,,,,,,,,,,,,,,,,,,,,,,,,2000.0,0.5312571428571429,0.147740635026709,0.01765838337451536,0.213,0.5,1.0,0.5312571428571429,,,,,,,,
learning_curve_test_accuracy,sparse_terminal_rl,nearest,exact_pair,70,,,,,,,,,,,,,,,,,,,,,,,,,,,,,,,,,,,,,,2250.0,0.5405428571428571,0.1848130811069394,0.022089388191825165,0.129,0.5,1.0,0.5405428571428571,,,,,,,,
learning_curve_test_accuracy,sparse_terminal_rl,nearest,exact_pair,70,,,,,,,,,,,,,,,,,,,,,,,,,,,,,,,,,,,,,,2500.0,0.5645142857142856,0.17606617191956536,0.021043932581425236,0.14,0.5,1.0,0.5645142857142856,,,,,,,,
learning_curve_test_accuracy,sparse_terminal_rl,nearest,exact_pair,70,,,,,,,,,,,,,,,,,,,,,,,,,,,,,,,,,,,,,,2750.0,0.5486714285714287,0.18505633466036664,0.022118462552463015,0.117,0.5,1.0,0.5486714285714287,,,,,,,,
learning_curve_test_accuracy,sparse_terminal_rl,nearest,exact_pair,70,,,,,,,,,,,,,,,,,,,,,,,,,,,,,,,,,,,,,,3000.0,0.5791571428571429,0.1850707374135384,0.022120184010727423,0.273,0.5,1.0,0.5791571428571429,,,,,,,,
learning_curve_test_accuracy,sparse_terminal_rl,nearest,exact_pair,70,,,,,,,,,,,,,,,,,,,,,,,,,,,,,,,,,,,,,,3250.0,0.5474714285714287,0.19261358188213476,0.02302172636119003,0.125,0.5,1.0,0.5474714285714287,,,,,,,,
learning_curve_test_accuracy,sparse_terminal_rl,nearest,exact_pair,70,,,,,,,,,,,,,,,,,,,,,,,,,,,,,,,,,,,,,,3500.0,0.5862714285714286,0.17006460165789952,0.020326607733657884,0.341,0.5,1.0,0.5862714285714286,,,,,,,,
learning_curve_test_accuracy,sparse_terminal_rl,nearest,exact_pair,70,,,,,,,,,,,,,,,,,,,,,,,,,,,,,,,,,,,,,,3750.0,0.5699142857142858,0.19272701598766945,0.02303528433001096,0.213,0.5,1.0,0.5699142857142858,,,,,,,,
learning_curve_test_accuracy,sparse_terminal_rl,nearest,exact_pair,70,,,,,,,,,,,,,,,,,,,,,,,,,,,,,,,,,,,,,,4000.0,0.6091714285714287,0.18357504262097266,0.02194141429003672,0.267,0.5285,1.0,0.6091714285714287,,,,,,,,
learning_curve_test_accuracy,sparse_terminal_rl,nearest,exact_pair,70,,,,,,,,,,,,,,,,,,,,,,,,,,,,,,,,,,,,,,4250.0,0.5881714285714286,0.18293548173110233,0.02186497214273828,0.125,0.5145,1.0,0.5881714285714286,,,,,,,,
learning_curve_test_accuracy,sparse_terminal_rl,nearest,exact_pair,70,,,,,,,,,,,,,,,,,,,,,,,,,,,,,,,,,,,,,,4500.0,0.597,0.18592822364511014,0.02222267321833591,0.125,0.5,1.0,0.597,,,,,,,,
learning_curve_test_accuracy,sparse_terminal_rl,nearest,exact_pair,70,,,,,,,,,,,,,,,,,,,,,,,,,,,,,,,,,,,,,,4750.0,0.6119142857142856,0.18499657206829168,0.022111319556481417,0.335,0.519,1.0,0.6119142857142856,,,,,,,,
learning_curve_test_accuracy,sparse_terminal_rl,nearest,exact_pair,70,,,,,,,,,,,,,,,,,,,,,,,,,,,,,,,,,,,,,,5000.0,0.621157142857143,0.19228546379256367,0.022982508748400476,0.383,0.516,1.0,0.621157142857143,,,,,,,,
learning_curve_test_accuracy,state_shaped_rl,hopfield,exact_pair,35,,,,,,,,,,,,,,,,,,,,,,,,,,,,,,,,,,,,,,1.0,0.4911999999999999,0.05577412429771059,0.009427547690793448,0.298,0.5,0.639,0.4911999999999999,,,,,,,,
learning_curve_test_accuracy,state_shaped_rl,hopfield,exact_pair,35,,,,,,,,,,,,,,,,,,,,,,,,,,,,,,,,,,,,,,250.0,0.6822285714285713,0.2445437631607896,0.0413354403805328,0.0,0.613,1.0,0.6822285714285713,,,,,,,,
learning_curve_test_accuracy,state_shaped_rl,hopfield,exact_pair,35,,,,,,,,,,,,,,,,,,,,,,,,,,,,,,,,,,,,,,500.0,0.7485428571428571,0.23599430985876393,0.039890319013770846,0.198,0.743,1.0,0.7485428571428571,,,,,,,,
learning_curve_test_accuracy,state_shaped_rl,hopfield,exact_pair,35,,,,,,,,,,,,,,,,,,,,,,,,,,,,,,,,,,,,,,750.0,0.7687714285714286,0.2288377392922106,0.038680637801053366,0.2,0.801,1.0,0.7687714285714286,,,,,,,,
learning_curve_test_accuracy,state_shaped_rl,hopfield,exact_pair,35,,,,,,,,,,,,,,,,,,,,,,,,,,,,,,,,,,,,,,1000.0,0.7946,0.22838978549323757,0.038604919789228594,0.374,0.872,1.0,0.7946,,,,,,,,
learning_curve_test_accuracy,state_shaped_rl,hopfield,exact_pair,35,,,,,,,,,,,,,,,,,,,,,,,,,,,,,,,,,,,,,,1250.0,0.7787142857142858,0.23906712956191778,0.04040972034299767,0.412,0.885,1.0,0.7787142857142858,,,,,,,,
learning_curve_test_accuracy,state_shaped_rl,hopfield,exact_pair,35,,,,,,,,,,,,,,,,,,,,,,,,,,,,,,,,,,,,,,1500.0,0.8142,0.2260491617533933,0.038209282166739,0.404,0.988,1.0,0.8142,,,,,,,,
learning_curve_test_accuracy,state_shaped_rl,hopfield,exact_pair,35,,,,,,,,,,,,,,,,,,,,,,,,,,,,,,,,,,,,,,1750.0,0.7900285714285715,0.22359949564742204,0.037795213020313835,0.5,0.875,1.0,0.7900285714285715,,,,,,,,
learning_curve_test_accuracy,state_shaped_rl,hopfield,exact_pair,35,,,,,,,,,,,,,,,,,,,,,,,,,,,,,,,,,,,,,,2000.0,0.8069142857142857,0.21841560106804633,0.03691897490834914,0.444,0.989,1.0,0.8069142857142857,,,,,,,,
learning_curve_test_accuracy,state_shaped_rl,hopfield,exact_pair,35,,,,,,,,,,,,,,,,,,,,,,,,,,,,,,,,,,,,,,2250.0,0.8224571428571429,0.21253308986064803,0.03592464903326496,0.412,0.988,1.0,0.8224571428571429,,,,,,,,
learning_curve_test_accuracy,state_shaped_rl,hopfield,exact_pair,35,,,,,,,,,,,,,,,,,,,,,,,,,,,,,,,,,,,,,,2500.0,0.8237142857142856,0.20604076858555864,0.03482724644352371,0.451,0.924,1.0,0.8237142857142856,,,,,,,,
learning_curve_test_accuracy,state_shaped_rl,hopfield,exact_pair,35,,,,,,,,,,,,,,,,,,,,,,,,,,,,,,,,,,,,,,2750.0,0.8017428571428571,0.23944363733911345,0.040473361772964726,0.373,0.988,1.0,0.8017428571428571,,,,,,,,
learning_curve_test_accuracy,state_shaped_rl,hopfield,exact_pair,35,,,,,,,,,,,,,,,,,,,,,,,,,,,,,,,,,,,,,,3000.0,0.8165142857142857,0.2169328130508413,0.036668337988028876,0.427,0.908,1.0,0.8165142857142857,,,,,,,,
learning_curve_test_accuracy,state_shaped_rl,hopfield,exact_pair,35,,,,,,,,,,,,,,,,,,,,,,,,,,,,,,,,,,,,,,3250.0,0.7984285714285715,0.23927270753562463,0.04044446936282903,0.29,0.988,1.0,0.7984285714285715,,,,,,,,
learning_curve_test_accuracy,state_shaped_rl,hopfield,exact_pair,35,,,,,,,,,,,,,,,,,,,,,,,,,,,,,,,,,,,,,,3500.0,0.8007142857142858,0.23444246395984458,0.03962800918093991,0.415,0.988,1.0,0.8007142857142858,,,,,,,,
learning_curve_test_accuracy,state_shaped_rl,hopfield,exact_pair,35,,,,,,,,,,,,,,,,,,,,,,,,,,,,,,,,,,,,,,3750.0,0.8124571428571429,0.2201662931482825,0.03721489588041536,0.5,0.988,1.0,0.8124571428571429,,,,,,,,
learning_curve_test_accuracy,state_shaped_rl,hopfield,exact_pair,35,,,,,,,,,,,,,,,,,,,,,,,,,,,,,,,,,,,,,,4000.0,0.8092285714285715,0.22752234353294337,0.038458295336534054,0.332,0.926,1.0,0.8092285714285715,,,,,,,,
learning_curve_test_accuracy,state_shaped_rl,hopfield,exact_pair,35,,,,,,,,,,,,,,,,,,,,,,,,,,,,,,,,,,,,,,4250.0,0.8211142857142857,0.2225896741208138,0.03762452202836795,0.373,0.988,1.0,0.8211142857142857,,,,,,,,
learning_curve_test_accuracy,state_shaped_rl,hopfield,exact_pair,35,,,,,,,,,,,,,,,,,,,,,,,,,,,,,,,,,,,,,,4500.0,0.8278285714285715,0.21764616261455275,0.03678891607180477,0.5,0.988,1.0,0.8278285714285715,,,,,,,,
learning_curve_test_accuracy,state_shaped_rl,hopfield,exact_pair,35,,,,,,,,,,,,,,,,,,,,,,,,,,,,,,,,,,,,,,4750.0,0.7940571428571429,0.229456768048714,0.038785272758524995,0.5,0.988,1.0,0.7940571428571429,,,,,,,,
learning_curve_test_accuracy,state_shaped_rl,hopfield,exact_pair,35,,,,,,,,,,,,,,,,,,,,,,,,,,,,,,,,,,,,,,5000.0,0.8298000000000001,0.21042475251402395,0.03556827497748449,0.373,0.988,1.0,0.8298000000000001,,,,,,,,
learning_curve_test_accuracy,state_shaped_rl,hopfield,hashed_pair,35,,,,,,,,,,,,,,,,,,,,,,,,,,,,,,,,,,,,,,1.0,0.5003714285714286,0.09604015266735964,0.016233748730319058,0.14,0.5,0.875,0.5003714285714286,,,,,,,,
learning_curve_test_accuracy,state_shaped_rl,hopfield,hashed_pair,35,,,,,,,,,,,,,,,,,,,,,,,,,,,,,,,,,,,,,,250.0,0.6787428571428571,0.23194932799278062,0.03920659228690375,0.307,0.613,1.0,0.6787428571428571,,,,,,,,
learning_curve_test_accuracy,state_shaped_rl,hopfield,hashed_pair,35,,,,,,,,,,,,,,,,,,,,,,,,,,,,,,,,,,,,,,500.0,0.7261142857142856,0.22464059811024303,0.03797119145552613,0.373,0.652,1.0,0.7261142857142856,,,,,,,,
learning_curve_test_accuracy,state_shaped_rl,hopfield,hashed_pair,35,,,,,,,,,,,,,,,,,,,,,,,,,,,,,,,,,,,,,,750.0,0.7442,0.23163152787537875,0.039152874262628666,0.302,0.745,1.0,0.7442,,,,,,,,
learning_curve_test_accuracy,state_shaped_rl,hopfield,hashed_pair,35,,,,,,,,,,,,,,,,,,,,,,,,,,,,,,,,,,,,,,1000.0,0.7635142857142857,0.24258756714038837,0.04100478290258778,0.373,0.796,1.0,0.7635142857142857,,,,,,,,
learning_curve_test_accuracy,state_shaped_rl,hopfield,hashed_pair,35,,,,,,,,,,,,,,,,,,,,,,,,,,,,,,,,,,,,,,1250.0,0.7489428571428571,0.23703684782516568,0.04006654009337494,0.378,0.755,1.0,0.7489428571428571,,,,,,,,
learning_curve_test_accuracy,state_shaped_rl,hopfield,hashed_pair,35,,,,,,,,,,,,,,,,,,,,,,,,,,,,,,,,,,,,,,1500.0,0.7605714285714286,0.2477376797808385,0.04187531082466929,0.32,0.859,1.0,0.7605714285714286,,,,,,,,
learning_curve_test_accuracy,state_shaped_rl,hopfield,hashed_pair,35,,,,,,,,,,,,,,,,,,,,,,,,,,,,,,,,,,,,,,1750.0,0.7815428571428571,0.2261945210312085,0.03823385236916096,0.38,0.859,1.0,0.7815428571428571,,,,,,,,
learning_curve_test_accuracy,state_shaped_rl,hopfield,hashed_pair,35,,,,,,,,,,,,,,,,,,,,,,,,,,,,,,,,,,,,,,2000.0,0.8015714285714287,0.21226250198256674,0.03587891133397729,0.5,0.883,1.0,0.8015714285714287,,,,,,,,
learning_curve_test_accuracy,state_shaped_rl,hopfield,hashed_pair,35,,,,,,,,,,,,,,,,,,,,,,,,,,,,,,,,,,,,,,2250.0,0.7524857142857144,0.25316599662817973,0.042792863840578274,0.262,0.799,1.0,0.7524857142857144,,,,,,,,
learning_curve_test_accuracy,state_shaped_rl,hopfield,hashed_pair,35,,,,,,,,,,,,,,,,,,,,,,,,,,,,,,,,,,,,,,2500.0,0.7627142857142857,0.24020390497738908,0.040601870458808934,0.392,0.825,1.0,0.7627142857142857,,,,,,,,
learning_curve_test_accuracy,state_shaped_rl,hopfield,hashed_pair,35,,,,,,,,,,,,,,,,,,,,,,,,,,,,,,,,,,,,,,2750.0,0.7971142857142856,0.22221753669196628,0.03756161932210111,0.413,0.884,1.0,0.7971142857142856,,,,,,,,
learning_curve_test_accuracy,state_shaped_rl,hopfield,hashed_pair,35,,,,,,,,,,,,,,,,,,,,,,,,,,,,,,,,,,,,,,3000.0,0.7834,0.22708163859774153,0.03838380260632092,0.374,0.859,1.0,0.7834,,,,,,,,
learning_curve_test_accuracy,state_shaped_rl,hopfield,hashed_pair,35,,,,,,,,,,,,,,,,,,,,,,,,,,,,,,,,,,,,,,3250.0,0.7764857142857143,0.23470749899403218,0.03967280827829906,0.42,0.883,1.0,0.7764857142857143,,,,,,,,
learning_curve_test_accuracy,state_shaped_rl,hopfield,hashed_pair,35,,,,,,,,,,,,,,,,,,,,,,,,,,,,,,,,,,,,,,3500.0,0.7836285714285713,0.22817628449670815,0.03856883153410747,0.423,0.825,1.0,0.7836285714285713,,,,,,,,
learning_curve_test_accuracy,state_shaped_rl,hopfield,hashed_pair,35,,,,,,,,,,,,,,,,,,,,,,,,,,,,,,,,,,,,,,3750.0,0.7641714285714285,0.24348239285470336,0.04115603605452654,0.428,0.825,1.0,0.7641714285714285,,,,,,,,
learning_curve_test_accuracy,state_shaped_rl,hopfield,hashed_pair,35,,,,,,,,,,,,,,,,,,,,,,,,,,,,,,,,,,,,,,4000.0,0.7878000000000001,0.23557087106456445,0.03981874479406389,0.413,0.883,1.0,0.7878000000000001,,,,,,,,
learning_curve_test_accuracy,state_shaped_rl,hopfield,hashed_pair,35,,,,,,,,,,,,,,,,,,,,,,,,,,,,,,,,,,,,,,4250.0,0.7670571428571428,0.24092565888515008,0.040723869136011163,0.373,0.825,1.0,0.7670571428571428,,,,,,,,
learning_curve_test_accuracy,state_shaped_rl,hopfield,hashed_pair,35,,,,,,,,,,,,,,,,,,,,,,,,,,,,,,,,,,,,,,4500.0,0.7519714285714286,0.24720406974975218,0.0417851142670416,0.327,0.799,1.0,0.7519714285714286,,,,,,,,
learning_curve_test_accuracy,state_shaped_rl,hopfield,hashed_pair,35,,,,,,,,,,,,,,,,,,,,,,,,,,,,,,,,,,,,,,4750.0,0.7657999999999999,0.2508798399984484,0.04240643284005962,0.32,0.883,1.0,0.7657999999999999,,,,,,,,
learning_curve_test_accuracy,state_shaped_rl,hopfield,hashed_pair,35,,,,,,,,,,,,,,,,,,,,,,,,,,,,,,,,,,,,,,5000.0,0.8075142857142856,0.22652157038290965,0.038289133799380246,0.369,0.884,1.0,0.8075142857142856,,,,,,,,
learning_curve_test_accuracy,state_shaped_rl,nearest,exact_pair,35,,,,,,,,,,,,,,,,,,,,,,,,,,,,,,,,,,,,,,1.0,0.4828857142857143,0.0918806039278762,0.015530656667334044,0.125,0.5,0.601,0.4828857142857143,,,,,,,,
learning_curve_test_accuracy,state_shaped_rl,nearest,exact_pair,35,,,,,,,,,,,,,,,,,,,,,,,,,,,,,,,,,,,,,,250.0,0.7330285714285714,0.2392129848081837,0.04043437437938889,0.335,0.718,1.0,0.7330285714285714,,,,,,,,
learning_curve_test_accuracy,state_shaped_rl,nearest,exact_pair,35,,,,,,,,,,,,,,,,,,,,,,,,,,,,,,,,,,,,,,500.0,0.740857142857143,0.23164528446555102,0.0391551995507716,0.44,0.794,1.0,0.740857142857143,,,,,,,,
learning_curve_test_accuracy,state_shaped_rl,nearest,exact_pair,35,,,,,,,,,,,,,,,,,,,,,,,,,,,,,,,,,,,,,,750.0,0.7681142857142857,0.2505807104247547,0.04235587071367516,0.267,0.87,1.0,0.7681142857142857,,,,,,,,
learning_curve_test_accuracy,state_shaped_rl,nearest,exact_pair,35,,,,,,,,,,,,,,,,,,,,,,,,,,,,,,,,,,,,,,1000.0,0.8163142857142857,0.22121812119005335,0.03739268726936444,0.373,0.925,1.0,0.8163142857142857,,,,,,,,
learning_curve_test_accuracy,state_shaped_rl,nearest,exact_pair,35,,,,,,,,,,,,,,,,,,,,,,,,,,,,,,,,,,,,,,1250.0,0.8610285714285714,0.20454979053209196,0.03457522515440487,0.423,1.0,1.0,0.8610285714285714,,,,,,,,
learning_curve_test_accuracy,state_shaped_rl,nearest,exact_pair,35,,,,,,,,,,,,,,,,,,,,,,,,,,,,,,,,,,,,,,1500.0,0.8605428571428572,0.21406477068966806,0.03618355034717144,0.5,1.0,1.0,0.8605428571428572,,,,,,,,
learning_curve_test_accuracy,state_shaped_rl,nearest,exact_pair,35,,,,,,,,,,,,,,,,,,,,,,,,,,,,,,,,,,,,,,1750.0,0.8461428571428572,0.21842553487565114,0.036920654028301705,0.423,1.0,1.0,0.8461428571428572,,,,,,,,
learning_curve_test_accuracy,state_shaped_rl,nearest,exact_pair,35,,,,,,,,,,,,,,,,,,,,,,,,,,,,,,,,,,,,,,2000.0,0.8610000000000001,0.20962164796155394,0.03543252553158212,0.5,1.0,1.0,0.8610000000000001,,,,,,,,
learning_curve_test_accuracy,state_shaped_rl,nearest,exact_pair,35,,,,,,,,,,,,,,,,,,,,,,,,,,,,,,,,,,,,,,2250.0,0.8591142857142857,0.19985417793224838,0.03378152176094194,0.5,0.999,1.0,0.8591142857142857,,,,,,,,
learning_curve_test_accuracy,state_shaped_rl,nearest,exact_pair,35,,,,,,,,,,,,,,,,,,,,,,,,,,,,,,,,,,,,,,2500.0,0.8371999999999999,0.21691009251598717,0.03666449751668854,0.5,0.998,1.0,0.8371999999999999,,,,,,,,
learning_curve_test_accuracy,state_shaped_rl,nearest,exact_pair,35,,,,,,,,,,,,,,,,,,,,,,,,,,,,,,,,,,,,,,2750.0,0.8464571428571428,0.20360231462586176,0.03441507249572423,0.5,0.997,1.0,0.8464571428571428,,,,,,,,
learning_curve_test_accuracy,state_shaped_rl,nearest,exact_pair,35,,,,,,,,,,,,,,,,,,,,,,,,,,,,,,,,,,,,,,3000.0,0.8531714285714285,0.19896917965801014,0.03363192974956197,0.423,0.997,1.0,0.8531714285714285,,,,,,,,
learning_curve_test_accuracy,state_shaped_rl,nearest,exact_pair,35,,,,,,,,,,,,,,,,,,,,,,,,,,,,,,,,,,,,,,3250.0,0.8259142857142857,0.21517576555930643,0.03637134275538272,0.5,0.997,1.0,0.8259142857142857,,,,,,,,
learning_curve_test_accuracy,state_shaped_rl,nearest,exact_pair,35,,,,,,,,,,,,,,,,,,,,,,,,,,,,,,,,,,,,,,3500.0,0.8043714285714285,0.23266652299884003,0.03932782036907198,0.423,0.997,1.0,0.8043714285714285,,,,,,,,
learning_curve_test_accuracy,state_shaped_rl,nearest,exact_pair,35,,,,,,,,,,,,,,,,,,,,,,,,,,,,,,,,,,,,,,3750.0,0.8336,0.2091751587995657,0.03535705508859321,0.5,0.998,1.0,0.8336,,,,,,,,
learning_curve_test_accuracy,state_shaped_rl,nearest,exact_pair,35,,,,,,,,,,,,,,,,,,,,,,,,,,,,,,,,,,,,,,4000.0,0.8192571428571428,0.2184344487560544,0.0369221607490915,0.5,0.997,1.0,0.8192571428571428,,,,,,,,
learning_curve_test_accuracy,state_shaped_rl,nearest,exact_pair,35,,,,,,,,,,,,,,,,,,,,,,,,,,,,,,,,,,,,,,4250.0,0.8242571428571428,0.21975619416514652,0.03714557650032392,0.373,0.997,1.0,0.8242571428571428,,,,,,,,
learning_curve_test_accuracy,state_shaped_rl,nearest,exact_pair,35,,,,,,,,,,,,,,,,,,,,,,,,,,,,,,,,,,,,,,4500.0,0.8305714285714286,0.21219376352124705,0.03586729241336773,0.5,0.992,1.0,0.8305714285714286,,,,,,,,
learning_curve_test_accuracy,state_shaped_rl,nearest,exact_pair,35,,,,,,,,,,,,,,,,,,,,,,,,,,,,,,,,,,,,,,4750.0,0.8349142857142857,0.21310938525563256,0.03602206073427529,0.406,0.997,1.0,0.8349142857142857,,,,,,,,
learning_curve_test_accuracy,state_shaped_rl,nearest,exact_pair,35,,,,,,,,,,,,,,,,,,,,,,,,,,,,,,,,,,,,,,5000.0,0.8324857142857143,0.21936852841851356,0.03708004902928805,0.453,0.997,1.0,0.8324857142857143,,,,,,,,
learning_curve_test_accuracy,state_shaped_rl,nearest,hashed_pair,35,,,,,,,,,,,,,,,,,,,,,,,,,,,,,,,,,,,,,,1.0,0.48028571428571426,0.07184238116246174,0.012143578821856474,0.164,0.5,0.534,0.48028571428571426,,,,,,,,
learning_curve_test_accuracy,state_shaped_rl,nearest,hashed_pair,35,,,,,,,,,,,,,,,,,,,,,,,,,,,,,,,,,,,,,,250.0,0.7448285714285714,0.23206686228634318,0.03922645920855993,0.373,0.795,1.0,0.7448285714285714,,,,,,,,
learning_curve_test_accuracy,state_shaped_rl,nearest,hashed_pair,35,,,,,,,,,,,,,,,,,,,,,,,,,,,,,,,,,,,,,,500.0,0.7693142857142856,0.20843531531933093,0.0352319987155625,0.499,0.832,1.0,0.7693142857142856,,,,,,,,
learning_curve_test_accuracy,state_shaped_rl,nearest,hashed_pair,35,,,,,,,,,,,,,,,,,,,,,,,,,,,,,,,,,,,,,,750.0,0.7744,0.23152552902052786,0.039134957185993954,0.398,0.864,1.0,0.7744,,,,,,,,
learning_curve_test_accuracy,state_shaped_rl,nearest,hashed_pair,35,,,,,,,,,,,,,,,,,,,,,,,,,,,,,,,,,,,,,,1000.0,0.7752285714285713,0.2257737135892909,0.03816272292916934,0.41,0.864,1.0,0.7752285714285713,,,,,,,,
learning_curve_test_accuracy,state_shaped_rl,nearest,hashed_pair,35,,,,,,,,,,,,,,,,,,,,,,,,,,,,,,,,,,,,,,1250.0,0.767,0.23788318932767377,0.04020959791773455,0.425,0.864,1.0,0.767,,,,,,,,
learning_curve_test_accuracy,state_shaped_rl,nearest,hashed_pair,35,,,,,,,,,,,,,,,,,,,,,,,,,,,,,,,,,,,,,,1500.0,0.8036571428571427,0.20333194287075668,0.03436937132788713,0.48,0.872,1.0,0.8036571428571427,,,,,,,,
learning_curve_test_accuracy,state_shaped_rl,nearest,hashed_pair,35,,,,,,,,,,,,,,,,,,,,,,,,,,,,,,,,,,,,,,1750.0,0.8030571428571428,0.20618166502285465,0.03485106228821507,0.5,0.864,1.0,0.8030571428571428,,,,,,,,
learning_curve_test_accuracy,state_shaped_rl,nearest,hashed_pair,35,,,,,,,,,,,,,,,,,,,,,,,,,,,,,,,,,,,,,,2000.0,0.7517428571428573,0.2528188543389193,0.04273418608402535,0.239,0.864,1.0,0.7517428571428573,,,,,,,,
learning_curve_test_accuracy,state_shaped_rl,nearest,hashed_pair,35,,,,,,,,,,,,,,,,,,,,,,,,,,,,,,,,,,,,,,2250.0,0.769342857142857,0.22063103920841437,0.03729345230243311,0.425,0.859,1.0,0.769342857142857,,,,,,,,
learning_curve_test_accuracy,state_shaped_rl,nearest,hashed_pair,35,,,,,,,,,,,,,,,,,,,,,,,,,,,,,,,,,,,,,,2500.0,0.7249999999999999,0.24895404725984835,0.042080914454709004,0.092,0.691,1.0,0.7249999999999999,,,,,,,,
learning_curve_test_accuracy,state_shaped_rl,nearest,hashed_pair,35,,,,,,,,,,,,,,,,,,,,,,,,,,,,,,,,,,,,,,2750.0,0.7706571428571427,0.21824607574898555,0.03689031989941145,0.413,0.861,1.0,0.7706571428571427,,,,,,,,
learning_curve_test_accuracy,state_shaped_rl,nearest,hashed_pair,35,,,,,,,,,,,,,,,,,,,,,,,,,,,,,,,,,,,,,,3000.0,0.7825142857142856,0.21134198260981035,0.03572331516108827,0.412,0.859,1.0,0.7825142857142856,,,,,,,,
learning_curve_test_accuracy,state_shaped_rl,nearest,hashed_pair,35,,,,,,,,,,,,,,,,,,,,,,,,,,,,,,,,,,,,,,3250.0,0.7682285714285714,0.2195569182151509,0.03711189271692314,0.398,0.857,1.0,0.7682285714285714,,,,,,,,
learning_curve_test_accuracy,state_shaped_rl,nearest,hashed_pair,35,,,,,,,,,,,,,,,,,,,,,,,,,,,,,,,,,,,,,,3500.0,0.7669142857142858,0.21487894970240823,0.036321171718517044,0.43,0.832,1.0,0.7669142857142858,,,,,,,,
learning_curve_test_accuracy,state_shaped_rl,nearest,hashed_pair,35,,,,,,,,,,,,,,,,,,,,,,,,,,,,,,,,,,,,,,3750.0,0.7757999999999999,0.211445278694874,0.03574077538624595,0.5,0.85,1.0,0.7757999999999999,,,,,,,,
learning_curve_test_accuracy,state_shaped_rl,nearest,hashed_pair,35,,,,,,,,,,,,,,,,,,,,,,,,,,,,,,,,,,,,,,4000.0,0.7761142857142858,0.21098087053354492,0.03566227607955036,0.413,0.85,1.0,0.7761142857142858,,,,,,,,
learning_curve_test_accuracy,state_shaped_rl,nearest,hashed_pair,35,,,,,,,,,,,,,,,,,,,,,,,,,,,,,,,,,,,,,,4250.0,0.7719428571428572,0.22258943250339824,0.0376244811875706,0.373,0.85,1.0,0.7719428571428572,,,,,,,,
learning_curve_test_accuracy,state_shaped_rl,nearest,hashed_pair,35,,,,,,,,,,,,,,,,,,,,,,,,,,,,,,,,,,,,,,4500.0,0.7784571428571427,0.2086121285258056,0.035261885602311346,0.5,0.85,1.0,0.7784571428571427,,,,,,,,
learning_curve_test_accuracy,state_shaped_rl,nearest,hashed_pair,35,,,,,,,,,,,,,,,,,,,,,,,,,,,,,,,,,,,,,,4750.0,0.7632285714285716,0.22672204876226304,0.038323020830438564,0.406,0.855,1.0,0.7632285714285716,,,,,,,,
learning_curve_test_accuracy,state_shaped_rl,nearest,hashed_pair,35,,,,,,,,,,,,,,,,,,,,,,,,,,,,,,,,,,,,,,5000.0,0.7586571428571429,0.21842146830182707,0.036919966651867794,0.373,0.832,1.0,0.7586571428571429,,,,,,,,
learning_curve_test_accuracy,supervised_baseline,hopfield,exact_pair,35,,,,,,,,,,,,,,,,,,,,,,,,,,,,,,,,,,,,,,1.0,0.5598285714285715,0.1375646341594691,0.02325266717200943,0.5,0.5,1.0,0.5598285714285715,,,,,,,,
learning_curve_test_accuracy,supervised_baseline,hopfield,exact_pair,35,,,,,,,,,,,,,,,,,,,,,,,,,,,,,,,,,,,,,,250.0,0.9979714285714284,0.00446875238731793,0.0007553570186939929,0.983,1.0,1.0,0.9979714285714284,,,,,,,,
learning_curve_test_accuracy,supervised_baseline,hopfield,exact_pair,35,,,,,,,,,,,,,,,,,,,,,,,,,,,,,,,,,,,,,,500.0,0.9983714285714285,0.004305165941228356,0.0007277058625082888,0.983,1.0,1.0,0.9983714285714285,,,,,,,,
learning_curve_test_accuracy,supervised_baseline,hopfield,exact_pair,35,,,,,,,,,,,,,,,,,,,,,,,,,,,,,,,,,,,,,,750.0,0.9988857142857145,0.0033761397079699047,0.0005706717677497313,0.986,1.0,1.0,0.9988857142857145,,,,,,,,
learning_curve_test_accuracy,supervised_baseline,hopfield,exact_pair,35,,,,,,,,,,,,,,,,,,,,,,,,,,,,,,,,,,,,,,1000.0,0.9992857142857143,0.002527163354800942,0.00042716857234080156,0.988,1.0,1.0,0.9992857142857143,,,,,,,,
learning_curve_test_accuracy,supervised_baseline,hopfield,exact_pair,35,,,,,,,,,,,,,,,,,,,,,,,,,,,,,,,,,,,,,,1250.0,0.9993714285714286,0.0024980664791902146,0.00042225030269645903,0.988,1.0,1.0,0.9993714285714286,,,,,,,,
learning_curve_test_accuracy,supervised_baseline,hopfield,exact_pair,35,,,,,,,,,,,,,,,,,,,,,,,,,,,,,,,,,,,,,,1500.0,0.9993714285714286,0.0024980664791902146,0.00042225030269645903,0.988,1.0,1.0,0.9993714285714286,,,,,,,,
learning_curve_test_accuracy,supervised_baseline,hopfield,exact_pair,35,,,,,,,,,,,,,,,,,,,,,,,,,,,,,,,,,,,,,,1750.0,0.9993714285714286,0.0024980664791902146,0.00042225030269645903,0.988,1.0,1.0,0.9993714285714286,,,,,,,,
learning_curve_test_accuracy,supervised_baseline,hopfield,exact_pair,35,,,,,,,,,,,,,,,,,,,,,,,,,,,,,,,,,,,,,,2000.0,0.9993714285714286,0.0024980664791902146,0.00042225030269645903,0.988,1.0,1.0,0.9993714285714286,,,,,,,,
learning_curve_test_accuracy,supervised_baseline,hopfield,exact_pair,35,,,,,,,,,,,,,,,,,,,,,,,,,,,,,,,,,,,,,,2250.0,0.9993714285714286,0.0024980664791902146,0.00042225030269645903,0.988,1.0,1.0,0.9993714285714286,,,,,,,,
learning_curve_test_accuracy,supervised_baseline,hopfield,exact_pair,35,,,,,,,,,,,,,,,,,,,,,,,,,,,,,,,,,,,,,,2500.0,0.9993714285714286,0.0024980664791902146,0.00042225030269645903,0.988,1.0,1.0,0.9993714285714286,,,,,,,,
learning_curve_test_accuracy,supervised_baseline,hopfield,exact_pair,35,,,,,,,,,,,,,,,,,,,,,,,,,,,,,,,,,,,,,,2750.0,0.9993714285714286,0.0024980664791902146,0.00042225030269645903,0.988,1.0,1.0,0.9993714285714286,,,,,,,,
learning_curve_test_accuracy,supervised_baseline,hopfield,exact_pair,35,,,,,,,,,,,,,,,,,,,,,,,,,,,,,,,,,,,,,,3000.0,0.9993714285714286,0.0024980664791902146,0.00042225030269645903,0.988,1.0,1.0,0.9993714285714286,,,,,,,,
learning_curve_test_accuracy,supervised_baseline,hopfield,exact_pair,35,,,,,,,,,,,,,,,,,,,,,,,,,,,,,,,,,,,,,,3250.0,0.9993714285714286,0.0024980664791902146,0.00042225030269645903,0.988,1.0,1.0,0.9993714285714286,,,,,,,,
learning_curve_test_accuracy,supervised_baseline,hopfield,exact_pair,35,,,,,,,,,,,,,,,,,,,,,,,,,,,,,,,,,,,,,,3500.0,0.9993714285714286,0.0024980664791902146,0.00042225030269645903,0.988,1.0,1.0,0.9993714285714286,,,,,,,,
learning_curve_test_accuracy,supervised_baseline,hopfield,exact_pair,35,,,,,,,,,,,,,,,,,,,,,,,,,,,,,,,,,,,,,,3750.0,0.9996571428571428,0.0020283702113484416,0.0003428571428571432,0.988,1.0,1.0,0.9996571428571428,,,,,,,,
learning_curve_test_accuracy,supervised_baseline,hopfield,exact_pair,35,,,,,,,,,,,,,,,,,,,,,,,,,,,,,,,,,,,,,,4000.0,0.9996571428571428,0.0020283702113484416,0.0003428571428571432,0.988,1.0,1.0,0.9996571428571428,,,,,,,,
learning_curve_test_accuracy,supervised_baseline,hopfield,exact_pair,35,,,,,,,,,,,,,,,,,,,,,,,,,,,,,,,,,,,,,,4250.0,0.9996571428571428,0.0020283702113484416,0.0003428571428571432,0.988,1.0,1.0,0.9996571428571428,,,,,,,,
learning_curve_test_accuracy,supervised_baseline,hopfield,exact_pair,35,,,,,,,,,,,,,,,,,,,,,,,,,,,,,,,,,,,,,,4500.0,0.9996571428571428,0.0020283702113484416,0.0003428571428571432,0.988,1.0,1.0,0.9996571428571428,,,,,,,,
learning_curve_test_accuracy,supervised_baseline,hopfield,exact_pair,35,,,,,,,,,,,,,,,,,,,,,,,,,,,,,,,,,,,,,,4750.0,0.9996571428571428,0.0020283702113484416,0.0003428571428571432,0.988,1.0,1.0,0.9996571428571428,,,,,,,,
learning_curve_test_accuracy,supervised_baseline,hopfield,exact_pair,35,,,,,,,,,,,,,,,,,,,,,,,,,,,,,,,,,,,,,,5000.0,0.9996571428571428,0.0020283702113484416,0.0003428571428571432,0.988,1.0,1.0,0.9996571428571428,,,,,,,,
learning_curve_test_accuracy,supervised_baseline,hopfield,hashed_pair,35,,,,,,,,,,,,,,,,,,,,,,,,,,,,,,,,,,,,,,1.0,0.5930571428571428,0.1941322991669133,0.032814347724229205,0.426,0.5,1.0,0.5930571428571428,,,,,,,,
learning_curve_test_accuracy,supervised_baseline,hopfield,hashed_pair,35,,,,,,,,,,,,,,,,,,,,,,,,,,,,,,,,,,,,,,250.0,0.8311142857142857,0.18333652301783435,0.030989528495131063,0.495,0.879,1.0,0.8311142857142857,,,,,,,,
learning_curve_test_accuracy,supervised_baseline,hopfield,hashed_pair,35,,,,,,,,,,,,,,,,,,,,,,,,,,,,,,,,,,,,,,500.0,0.8219714285714285,0.1987311938145544,0.033591702799929624,0.403,0.931,1.0,0.8219714285714285,,,,,,,,
learning_curve_test_accuracy,supervised_baseline,hopfield,hashed_pair,35,,,,,,,,,,,,,,,,,,,,,,,,,,,,,,,,,,,,,,750.0,0.8234571428571429,0.19519994920098524,0.03299481351800059,0.397,0.88,1.0,0.8234571428571429,,,,,,,,
learning_curve_test_accuracy,supervised_baseline,hopfield,hashed_pair,35,,,,,,,,,,,,,,,,,,,,,,,,,,,,,,,,,,,,,,1000.0,0.8058857142857144,0.21135331047499467,0.03572522991977978,0.373,0.879,1.0,0.8058857142857144,,,,,,,,
learning_curve_test_accuracy,supervised_baseline,hopfield,hashed_pair,35,,,,,,,,,,,,,,,,,,,,,,,,,,,,,,,,,,,,,,1250.0,0.8275999999999999,0.20257986079568718,0.03424224625475713,0.287,0.931,1.0,0.8275999999999999,,,,,,,,
learning_curve_test_accuracy,supervised_baseline,hopfield,hashed_pair,35,,,,,,,,,,,,,,,,,,,,,,,,,,,,,,,,,,,,,,1500.0,0.8411142857142857,0.18267824034569172,0.03087825841489598,0.5,0.931,1.0,0.8411142857142857,,,,,,,,
learning_curve_test_accuracy,supervised_baseline,hopfield,hashed_pair,35,,,,,,,,,,,,,,,,,,,,,,,,,,,,,,,,,,,,,,1750.0,0.8248285714285715,0.20251412234187316,0.03423113442796909,0.455,0.931,1.0,0.8248285714285715,,,,,,,,
learning_curve_test_accuracy,supervised_baseline,hopfield,hashed_pair,35,,,,,,,,,,,,,,,,,,,,,,,,,,,,,,,,,,,,,,2000.0,0.8304571428571429,0.20118360693028392,0.034006236275751785,0.455,0.905,1.0,0.8304571428571429,,,,,,,,
learning_curve_test_accuracy,supervised_baseline,hopfield,hashed_pair,35,,,,,,,,,,,,,,,,,,,,,,,,,,,,,,,,,,,,,,2250.0,0.8515714285714284,0.17227872179463508,0.02912041894478525,0.5,0.9,1.0,0.8515714285714284,,,,,,,,
learning_curve_test_accuracy,supervised_baseline,hopfield,hashed_pair,35,,,,,,,,,,,,,,,,,,,,,,,,,,,,,,,,,,,,,,2500.0,0.838,0.18280252926555024,0.03089926707678279,0.5,0.94,1.0,0.838,,,,,,,,
learning_curve_test_accuracy,supervised_baseline,hopfield,hashed_pair,35,,,,,,,,,,,,,,,,,,,,,,,,,,,,,,,,,,,,,,2750.0,0.8424857142857143,0.18068991498739284,0.030542170087625803,0.5,0.94,1.0,0.8424857142857143,,,,,,,,
learning_curve_test_accuracy,supervised_baseline,hopfield,hashed_pair,35,,,,,,,,,,,,,,,,,,,,,,,,,,,,,,,,,,,,,,3000.0,0.8207428571428572,0.20803977884008606,0.03516514084789567,0.397,0.931,1.0,0.8207428571428572,,,,,,,,
learning_curve_test_accuracy,supervised_baseline,hopfield,hashed_pair,35,,,,,,,,,,,,,,,,,,,,,,,,,,,,,,,,,,,,,,3250.0,0.8312857142857144,0.19084727053921652,0.03225907653990862,0.397,0.9,1.0,0.8312857142857144,,,,,,,,
learning_curve_test_accuracy,supervised_baseline,hopfield,hashed_pair,35,,,,,,,,,,,,,,,,,,,,,,,,,,,,,,,,,,,,,,3500.0,0.8332857142857144,0.19747502767342975,0.03337937196816614,0.287,0.9,1.0,0.8332857142857144,,,,,,,,
learning_curve_test_accuracy,supervised_baseline,hopfield,hashed_pair,35,,,,,,,,,,,,,,,,,,,,,,,,,,,,,,,,,,,,,,3750.0,0.8171428571428572,0.201303713015805,0.03402653790959117,0.49,0.879,1.0,0.8171428571428572,,,,,,,,
learning_curve_test_accuracy,supervised_baseline,hopfield,hashed_pair,35,,,,,,,,,,,,,,,,,,,,,,,,,,,,,,,,,,,,,,4000.0,0.8472571428571429,0.1758365455651996,0.029721800924238623,0.5,0.934,1.0,0.8472571428571429,,,,,,,,
learning_curve_test_accuracy,supervised_baseline,hopfield,hashed_pair,35,,,,,,,,,,,,,,,,,,,,,,,,,,,,,,,,,,,,,,4250.0,0.8248000000000001,0.19823275090007647,0.03350745056994756,0.469,0.88,1.0,0.8248000000000001,,,,,,,,
learning_curve_test_accuracy,supervised_baseline,hopfield,hashed_pair,35,,,,,,,,,,,,,,,,,,,,,,,,,,,,,,,,,,,,,,4500.0,0.8334857142857143,0.19425474048702304,0.03283504408475827,0.478,0.9,1.0,0.8334857142857143,,,,,,,,
learning_curve_test_accuracy,supervised_baseline,hopfield,hashed_pair,35,,,,,,,,,,,,,,,,,,,,,,,,,,,,,,,,,,,,,,4750.0,0.8157714285714287,0.21254564709925333,0.03592677159399195,0.287,0.931,1.0,0.8157714285714287,,,,,,,,
learning_curve_test_accuracy,supervised_baseline,hopfield,hashed_pair,35,,,,,,,,,,,,,,,,,,,,,,,,,,,,,,,,,,,,,,5000.0,0.8386571428571428,0.19970639373209612,0.033756541671833874,0.287,0.934,1.0,0.8386571428571428,,,,,,,,
learning_curve_test_accuracy,supervised_baseline,nearest,exact_pair,35,,,,,,,,,,,,,,,,,,,,,,,,,,,,,,,,,,,,,,1.0,0.5732571428571429,0.15933027902795516,0.026931732645511606,0.5,0.5,1.0,0.5732571428571429,,,,,,,,
learning_curve_test_accuracy,supervised_baseline,nearest,exact_pair,35,,,,,,,,,,,,,,,,,,,,,,,,,,,,,,,,,,,,,,250.0,0.9982285714285712,0.006198129292188825,0.0010476750685301669,0.971,1.0,1.0,0.9982285714285712,,,,,,,,
learning_curve_test_accuracy,supervised_baseline,nearest,exact_pair,35,,,,,,,,,,,,,,,,,,,,,,,,,,,,,,,,,,,,,,500.0,0.9993714285714285,0.002301990370063601,0.00038910739112066496,0.989,1.0,1.0,0.9993714285714285,,,,,,,,
learning_curve_test_accuracy,supervised_baseline,nearest,exact_pair,35,,,,,,,,,,,,,,,,,,,,,,,,,,,,,,,,,,,,,,750.0,0.9995428571428572,0.0015594655408534195,0.0002635977873909549,0.993,1.0,1.0,0.9995428571428572,,,,,,,,
learning_curve_test_accuracy,supervised_baseline,nearest,exact_pair,35,,,,,,,,,,,,,,,,,,,,,,,,,,,,,,,,,,,,,,1000.0,0.9996571428571428,0.0012112914144648697,0.00020474561853022153,0.994,1.0,1.0,0.9996571428571428,,,,,,,,
learning_curve_test_accuracy,supervised_baseline,nearest,exact_pair,35,,,,,,,,,,,,,,,,,,,,,,,,,,,,,,,,,,,,,,1250.0,0.9997714285714285,0.0009727376251564241,0.00016442266852709296,0.995,1.0,1.0,0.9997714285714285,,,,,,,,
learning_curve_test_accuracy,supervised_baseline,nearest,exact_pair,35,,,,,,,,,,,,,,,,,,,,,,,,,,,,,,,,,,,,,,1500.0,0.9998,0.0008331372318284814,0.0001408258952505159,0.996,1.0,1.0,0.9998,,,,,,,,
learning_curve_test_accuracy,supervised_baseline,nearest,exact_pair,35,,,,,,,,,,,,,,,,,,,,,,,,,,,,,,,,,,,,,,1750.0,0.9998,0.0008331372318284814,0.0001408258952505159,0.996,1.0,1.0,0.9998,,,,,,,,
learning_curve_test_accuracy,supervised_baseline,nearest,exact_pair,35,,,,,,,,,,,,,,,,,,,,,,,,,,,,,,,,,,,,,,2000.0,0.9998,0.0008331372318284814,0.0001408258952505159,0.996,1.0,1.0,0.9998,,,,,,,,
learning_curve_test_accuracy,supervised_baseline,nearest,exact_pair,35,,,,,,,,,,,,,,,,,,,,,,,,,,,,,,,,,,,,,,2250.0,0.9998,0.0008331372318284814,0.0001408258952505159,0.996,1.0,1.0,0.9998,,,,,,,,
learning_curve_test_accuracy,supervised_baseline,nearest,exact_pair,35,,,,,,,,,,,,,,,,,,,,,,,,,,,,,,,,,,,,,,2500.0,0.9998857142857144,0.0005297851157852242,8.955002893954441e-05,0.997,1.0,1.0,0.9998857142857144,,,,,,,,
learning_curve_test_accuracy,supervised_baseline,nearest,exact_pair,35,,,,,,,,,,,,,,,,,,,,,,,,,,,,,,,,,,,,,,2750.0,0.9998857142857144,0.0005297851157852242,8.955002893954441e-05,0.997,1.0,1.0,0.9998857142857144,,,,,,,,
learning_curve_test_accuracy,supervised_baseline,nearest,exact_pair,35,,,,,,,,,,,,,,,,,,,,,,,,,,,,,,,,,,,,,,3000.0,0.9998857142857144,0.0005297851157852242,8.955002893954441e-05,0.997,1.0,1.0,0.9998857142857144,,,,,,,,
learning_curve_test_accuracy,supervised_baseline,nearest,exact_pair,35,,,,,,,,,,,,,,,,,,,,,,,,,,,,,,,,,,,,,,3250.0,0.9998857142857144,0.0005297851157852242,8.955002893954441e-05,0.997,1.0,1.0,0.9998857142857144,,,,,,,,
learning_curve_test_accuracy,supervised_baseline,nearest,exact_pair,35,,,,,,,,,,,,,,,,,,,,,,,,,,,,,,,,,,,,,,3500.0,0.9998857142857144,0.0005297851157852242,8.955002893954441e-05,0.997,1.0,1.0,0.9998857142857144,,,,,,,,
learning_curve_test_accuracy,supervised_baseline,nearest,exact_pair,35,,,,,,,,,,,,,,,,,,,,,,,,,,,,,,,,,,,,,,3750.0,0.9998857142857144,0.0005297851157852242,8.955002893954441e-05,0.997,1.0,1.0,0.9998857142857144,,,,,,,,
learning_curve_test_accuracy,supervised_baseline,nearest,exact_pair,35,,,,,,,,,,,,,,,,,,,,,,,,,,,,,,,,,,,,,,4000.0,0.9998857142857144,0.0005297851157852242,8.955002893954441e-05,0.997,1.0,1.0,0.9998857142857144,,,,,,,,
learning_curve_test_accuracy,supervised_baseline,nearest,exact_pair,35,,,,,,,,,,,,,,,,,,,,,,,,,,,,,,,,,,,,,,4250.0,0.9998857142857144,0.0005297851157852242,8.955002893954441e-05,0.997,1.0,1.0,0.9998857142857144,,,,,,,,
learning_curve_test_accuracy,supervised_baseline,nearest,exact_pair,35,,,,,,,,,,,,,,,,,,,,,,,,,,,,,,,,,,,,,,4500.0,0.9999428571428572,0.00023550410797680297,3.98074597725278e-05,0.999,1.0,1.0,0.9999428571428572,,,,,,,,
learning_curve_test_accuracy,supervised_baseline,nearest,exact_pair,35,,,,,,,,,,,,,,,,,,,,,,,,,,,,,,,,,,,,,,4750.0,0.9999428571428572,0.00023550410797680297,3.98074597725278e-05,0.999,1.0,1.0,0.9999428571428572,,,,,,,,
learning_curve_test_accuracy,supervised_baseline,nearest,exact_pair,35,,,,,,,,,,,,,,,,,,,,,,,,,,,,,,,,,,,,,,5000.0,0.9999428571428572,0.00023550410797680297,3.98074597725278e-05,0.999,1.0,1.0,0.9999428571428572,,,,,,,,
learning_curve_test_accuracy,supervised_baseline,nearest,hashed_pair,35,,,,,,,,,,,,,,,,,,,,,,,,,,,,,,,,,,,,,,1.0,0.6054285714285714,0.19532405738914493,0.03301579163065456,0.47,0.5,1.0,0.6054285714285714,,,,,,,,
learning_curve_test_accuracy,supervised_baseline,nearest,hashed_pair,35,,,,,,,,,,,,,,,,,,,,,,,,,,,,,,,,,,,,,,250.0,0.8487714285714285,0.19546717577824335,0.03303998305374984,0.456,0.988,1.0,0.8487714285714285,,,,,,,,
learning_curve_test_accuracy,supervised_baseline,nearest,hashed_pair,35,,,,,,,,,,,,,,,,,,,,,,,,,,,,,,,,,,,,,,500.0,0.8642285714285715,0.17469504281230558,0.029528851742560085,0.5,0.988,1.0,0.8642285714285715,,,,,,,,
learning_curve_test_accuracy,supervised_baseline,nearest,hashed_pair,35,,,,,,,,,,,,,,,,,,,,,,,,,,,,,,,,,,,,,,750.0,0.8623428571428571,0.18370739888028828,0.03105221795775687,0.497,1.0,1.0,0.8623428571428571,,,,,,,,
learning_curve_test_accuracy,supervised_baseline,nearest,hashed_pair,35,,,,,,,,,,,,,,,,,,,,,,,,,,,,,,,,,,,,,,1000.0,0.844857142857143,0.20260206474430478,0.034245999407086315,0.486,1.0,1.0,0.844857142857143,,,,,,,,
learning_curve_test_accuracy,supervised_baseline,nearest,hashed_pair,35,,,,,,,,,,,,,,,,,,,,,,,,,,,,,,,,,,,,,,1250.0,0.8442571428571428,0.19784595059810353,0.03344206938575902,0.488,1.0,1.0,0.8442571428571428,,,,,,,,
learning_curve_test_accuracy,supervised_baseline,nearest,hashed_pair,35,,,,,,,,,,,,,,,,,,,,,,,,,,,,,,,,,,,,,,1500.0,0.8415142857142855,0.20098410405809114,0.03397251413549893,0.488,1.0,1.0,0.8415142857142855,,,,,,,,
learning_curve_test_accuracy,supervised_baseline,nearest,hashed_pair,35,,,,,,,,,,,,,,,,,,,,,,,,,,,,,,,,,,,,,,1750.0,0.8717714285714286,0.17845168825768168,0.030163840718893307,0.498,1.0,1.0,0.8717714285714286,,,,,,,,
learning_curve_test_accuracy,supervised_baseline,nearest,hashed_pair,35,,,,,,,,,,,,,,,,,,,,,,,,,,,,,,,,,,,,,,2000.0,0.8510857142857143,0.1898698271461377,0.032093858451425254,0.499,1.0,1.0,0.8510857142857143,,,,,,,,
learning_curve_test_accuracy,supervised_baseline,nearest,hashed_pair,35,,,,,,,,,,,,,,,,,,,,,,,,,,,,,,,,,,,,,,2250.0,0.8651142857142856,0.17926693396565183,0.030301642394641334,0.5,1.0,1.0,0.8651142857142856,,,,,,,,
learning_curve_test_accuracy,supervised_baseline,nearest,hashed_pair,35,,,,,,,,,,,,,,,,,,,,,,,,,,,,,,,,,,,,,,2500.0,0.8492571428571427,0.19783732813440777,0.033440611923383275,0.478,1.0,1.0,0.8492571428571427,,,,,,,,
learning_curve_test_accuracy,supervised_baseline,nearest,hashed_pair,35,,,,,,,,,,,,,,,,,,,,,,,,,,,,,,,,,,,,,,2750.0,0.8676857142857144,0.18242142086365834,0.030834847999308447,0.498,1.0,1.0,0.8676857142857144,,,,,,,,
learning_curve_test_accuracy,supervised_baseline,nearest,hashed_pair,35,,,,,,,,,,,,,,,,,,,,,,,,,,,,,,,,,,,,,,3000.0,0.8558,0.194462577679221,0.03287017498221366,0.411,1.0,1.0,0.8558,,,,,,,,
learning_curve_test_accuracy,supervised_baseline,nearest,hashed_pair,35,,,,,,,,,,,,,,,,,,,,,,,,,,,,,,,,,,,,,,3250.0,0.8736,0.17600805462852445,0.02975079124715732,0.478,1.0,1.0,0.8736,,,,,,,,
learning_curve_test_accuracy,supervised_baseline,nearest,hashed_pair,35,,,,,,,,,,,,,,,,,,,,,,,,,,,,,,,,,,,,,,3500.0,0.8400285714285716,0.21097985486691345,0.03566210440055537,0.414,1.0,1.0,0.8400285714285716,,,,,,,,
learning_curve_test_accuracy,supervised_baseline,nearest,hashed_pair,35,,,,,,,,,,,,,,,,,,,,,,,,,,,,,,,,,,,,,,3750.0,0.8533142857142857,0.1926999757972712,0.03257224088622918,0.5,1.0,1.0,0.8533142857142857,,,,,,,,
learning_curve_test_accuracy,supervised_baseline,nearest,hashed_pair,35,,,,,,,,,,,,,,,,,,,,,,,,,,,,,,,,,,,,,,4000.0,0.879342857142857,0.1672201688611442,0.028265367437883406,0.5,1.0,1.0,0.879342857142857,,,,,,,,
learning_curve_test_accuracy,supervised_baseline,nearest,hashed_pair,35,,,,,,,,,,,,,,,,,,,,,,,,,,,,,,,,,,,,,,4250.0,0.8443714285714286,0.19761074121114167,0.033402311742930436,0.495,1.0,1.0,0.8443714285714286,,,,,,,,
learning_curve_test_accuracy,supervised_baseline,nearest,hashed_pair,35,,,,,,,,,,,,,,,,,,,,,,,,,,,,,,,,,,,,,,4500.0,0.8484285714285715,0.19796646859777953,0.03346244064579853,0.498,1.0,1.0,0.8484285714285715,,,,,,,,
learning_curve_test_accuracy,supervised_baseline,nearest,hashed_pair,35,,,,,,,,,,,,,,,,,,,,,,,,,,,,,,,,,,,,,,4750.0,0.840942857142857,0.19691532113443838,0.03328476429560055,0.5,1.0,1.0,0.840942857142857,,,,,,,,
learning_curve_test_accuracy,supervised_baseline,nearest,hashed_pair,35,,,,,,,,,,,,,,,,,,,,,,,,,,,,,,,,,,,,,,5000.0,0.8612857142857142,0.18873660005860196,0.031902308112504364,0.493,1.0,1.0,0.8612857142857142,,,,,,,,
learning_curve_test_accuracy,terminal_rl,hopfield,exact_pair,35,,,,,,,,,,,,,,,,,,,,,,,,,,,,,,,,,,,,,,1.0,0.48719999999999997,0.06783752215230672,0.011466634095452405,0.125,0.5,0.588,0.48719999999999997,,,,,,,,
learning_curve_test_accuracy,terminal_rl,hopfield,exact_pair,35,,,,,,,,,,,,,,,,,,,,,,,,,,,,,,,,,,,,,,250.0,0.538,0.1413063005963828,0.023885124233795928,0.117,0.5,0.879,0.538,,,,,,,,
learning_curve_test_accuracy,terminal_rl,hopfield,exact_pair,35,,,,,,,,,,,,,,,,,,,,,,,,,,,,,,,,,,,,,,500.0,0.5432285714285715,0.17184382200027984,0.02904690746246927,0.121,0.5,1.0,0.5432285714285715,,,,,,,,
learning_curve_test_accuracy,terminal_rl,hopfield,exact_pair,35,,,,,,,,,,,,,,,,,,,,,,,,,,,,,,,,,,,,,,750.0,0.5703428571428573,0.19835691877746728,0.03352843877192305,0.158,0.512,1.0,0.5703428571428573,,,,,,,,
learning_curve_test_accuracy,terminal_rl,hopfield,exact_pair,35,,,,,,,,,,,,,,,,,,,,,,,,,,,,,,,,,,,,,,1000.0,0.5923428571428572,0.19911110449388075,0.03365591942533951,0.158,0.513,1.0,0.5923428571428572,,,,,,,,
learning_curve_test_accuracy,terminal_rl,hopfield,exact_pair,35,,,,,,,,,,,,,,,,,,,,,,,,,,,,,,,,,,,,,,1250.0,0.593057142857143,0.19976897581326034,0.03376711997426702,0.336,0.5,1.0,0.593057142857143,,,,,,,,
learning_curve_test_accuracy,terminal_rl,hopfield,exact_pair,35,,,,,,,,,,,,,,,,,,,,,,,,,,,,,,,,,,,,,,1500.0,0.6115999999999999,0.19906623195781437,0.03364833458238412,0.336,0.507,1.0,0.6115999999999999,,,,,,,,
learning_curve_test_accuracy,terminal_rl,hopfield,exact_pair,35,,,,,,,,,,,,,,,,,,,,,,,,,,,,,,,,,,,,,,1750.0,0.6233142857142858,0.18603522301349462,0.031445692051844686,0.497,0.5,1.0,0.6233142857142858,,,,,,,,
learning_curve_test_accuracy,terminal_rl,hopfield,exact_pair,35,,,,,,,,,,,,,,,,,,,,,,,,,,,,,,,,,,,,,,2000.0,0.6125142857142859,0.1972838163704278,0.03334705135890929,0.344,0.5,1.0,0.6125142857142859,,,,,,,,
learning_curve_test_accuracy,terminal_rl,hopfield,exact_pair,35,,,,,,,,,,,,,,,,,,,,,,,,,,,,,,,,,,,,,,2250.0,0.5996,0.1920406207030169,0.032460789533571996,0.358,0.5,1.0,0.5996,,,,,,,,
learning_curve_test_accuracy,terminal_rl,hopfield,exact_pair,35,,,,,,,,,,,,,,,,,,,,,,,,,,,,,,,,,,,,,,2500.0,0.5997428571428571,0.18983496591964896,0.03208796582864685,0.41,0.5,1.0,0.5997428571428571,,,,,,,,
learning_curve_test_accuracy,terminal_rl,hopfield,exact_pair,35,,,,,,,,,,,,,,,,,,,,,,,,,,,,,,,,,,,,,,2750.0,0.6021142857142857,0.19648181646575003,0.03321148863256323,0.226,0.5,1.0,0.6021142857142857,,,,,,,,
learning_curve_test_accuracy,terminal_rl,hopfield,exact_pair,35,,,,,,,,,,,,,,,,,,,,,,,,,,,,,,,,,,,,,,3000.0,0.6554285714285715,0.20782137207004392,0.03512822336570314,0.412,0.5,1.0,0.6554285714285715,,,,,,,,
learning_curve_test_accuracy,terminal_rl,hopfield,exact_pair,35,,,,,,,,,,,,,,,,,,,,,,,,,,,,,,,,,,,,,,3250.0,0.6388285714285714,0.19296060032377313,0.032616294471721125,0.412,0.55,1.0,0.6388285714285714,,,,,,,,
learning_curve_test_accuracy,terminal_rl,hopfield,exact_pair,35,,,,,,,,,,,,,,,,,,,,,,,,,,,,,,,,,,,,,,3500.0,0.6540857142857142,0.19772401613011467,0.03342145869887525,0.445,0.549,1.0,0.6540857142857142,,,,,,,,
learning_curve_test_accuracy,terminal_rl,hopfield,exact_pair,35,,,,,,,,,,,,,,,,,,,,,,,,,,,,,,,,,,,,,,3750.0,0.6457428571428572,0.19083752603861173,0.03225742941867935,0.444,0.55,1.0,0.6457428571428572,,,,,,,,
learning_curve_test_accuracy,terminal_rl,hopfield,exact_pair,35,,,,,,,,,,,,,,,,,,,,,,,,,,,,,,,,,,,,,,4000.0,0.6748285714285714,0.20256668992098928,0.03424001997059924,0.372,0.577,1.0,0.6748285714285714,,,,,,,,
learning_curve_test_accuracy,terminal_rl,hopfield,exact_pair,35,,,,,,,,,,,,,,,,,,,,,,,,,,,,,,,,,,,,,,4250.0,0.6131142857142858,0.21164492620877062,0.03577452197540908,0.332,0.5,1.0,0.6131142857142858,,,,,,,,
learning_curve_test_accuracy,terminal_rl,hopfield,exact_pair,35,,,,,,,,,,,,,,,,,,,,,,,,,,,,,,,,,,,,,,4500.0,0.6272571428571428,0.21795646392815982,0.036841366566893345,0.14,0.526,1.0,0.6272571428571428,,,,,,,,
learning_curve_test_accuracy,terminal_rl,hopfield,exact_pair,35,,,,,,,,,,,,,,,,,,,,,,,,,,,,,,,,,,,,,,4750.0,0.6575714285714286,0.19753574296288548,0.033389634725208256,0.471,0.555,1.0,0.6575714285714286,,,,,,,,
learning_curve_test_accuracy,terminal_rl,hopfield,exact_pair,35,,,,,,,,,,,,,,,,,,,,,,,,,,,,,,,,,,,,,,5000.0,0.6711714285714286,0.1964808755420779,0.03321132958743425,0.337,0.591,1.0,0.6711714285714286,,,,,,,,
learning_curve_test_accuracy,terminal_rl,hopfield,hashed_pair,35,,,,,,,,,,,,,,,,,,,,,,,,,,,,,,,,,,,,,,1.0,0.5022571428571428,0.021958976266107263,0.0037117444441566133,0.425,0.5,0.59,0.5022571428571428,,,,,,,,
learning_curve_test_accuracy,terminal_rl,hopfield,hashed_pair,35,,,,,,,,,,,,,,,,,,,,,,,,,,,,,,,,,,,,,,250.0,0.5051999999999999,0.15631995845625313,0.026422895597657457,0.117,0.5,0.883,0.5051999999999999,,,,,,,,
learning_curve_test_accuracy,terminal_rl,hopfield,hashed_pair,35,,,,,,,,,,,,,,,,,,,,,,,,,,,,,,,,,,,,,,500.0,0.5213428571428571,0.12306453181805327,0.020801702534440126,0.254,0.5,1.0,0.5213428571428571,,,,,,,,
learning_curve_test_accuracy,terminal_rl,hopfield,hashed_pair,35,,,,,,,,,,,,,,,,,,,,,,,,,,,,,,,,,,,,,,750.0,0.5441142857142858,0.18890625926611318,0.03193098575272076,0.0,0.5,1.0,0.5441142857142858,,,,,,,,
learning_curve_test_accuracy,terminal_rl,hopfield,hashed_pair,35,,,,,,,,,,,,,,,,,,,,,,,,,,,,,,,,,,,,,,1000.0,0.5370285714285714,0.19368082988655902,0.032738035487595074,0.117,0.5,1.0,0.5370285714285714,,,,,,,,
learning_curve_test_accuracy,terminal_rl,hopfield,hashed_pair,35,,,,,,,,,,,,,,,,,,,,,,,,,,,,,,,,,,,,,,1250.0,0.5698000000000001,0.16805912825025393,0.02840717745733351,0.401,0.5,1.0,0.5698000000000001,,,,,,,,
learning_curve_test_accuracy,terminal_rl,hopfield,hashed_pair,35,,,,,,,,,,,,,,,,,,,,,,,,,,,,,,,,,,,,,,1500.0,0.5696857142857142,0.18529273682291955,0.031320188979236344,0.311,0.5,1.0,0.5696857142857142,,,,,,,,
learning_curve_test_accuracy,terminal_rl,hopfield,hashed_pair,35,,,,,,,,,,,,,,,,,,,,,,,,,,,,,,,,,,,,,,1750.0,0.5744571428571429,0.19325803276161835,0.03266656972978896,0.184,0.5,1.0,0.5744571428571429,,,,,,,,
learning_curve_test_accuracy,terminal_rl,hopfield,hashed_pair,35,,,,,,,,,,,,,,,,,,,,,,,,,,,,,,,,,,,,,,2000.0,0.5600571428571429,0.17203008335704523,0.02907839137810163,0.316,0.5,1.0,0.5600571428571429,,,,,,,,
learning_curve_test_accuracy,terminal_rl,hopfield,hashed_pair,35,,,,,,,,,,,,,,,,,,,,,,,,,,,,,,,,,,,,,,2250.0,0.5822,0.17735570771425296,0.029978586195017615,0.168,0.515,1.0,0.5822,,,,,,,,
learning_curve_test_accuracy,terminal_rl,hopfield,hashed_pair,35,,,,,,,,,,,,,,,,,,,,,,,,,,,,,,,,,,,,,,2500.0,0.6015714285714285,0.16528180671281428,0.027937724434510255,0.474,0.5,1.0,0.6015714285714285,,,,,,,,
learning_curve_test_accuracy,terminal_rl,hopfield,hashed_pair,35,,,,,,,,,,,,,,,,,,,,,,,,,,,,,,,,,,,,,,2750.0,0.6097142857142858,0.1834883505564208,0.03101519203317532,0.358,0.515,1.0,0.6097142857142858,,,,,,,,
learning_curve_test_accuracy,terminal_rl,hopfield,hashed_pair,35,,,,,,,,,,,,,,,,,,,,,,,,,,,,,,,,,,,,,,3000.0,0.6074571428571427,0.18270908133796016,0.030883471494063126,0.371,0.5,1.0,0.6074571428571427,,,,,,,,
learning_curve_test_accuracy,terminal_rl,hopfield,hashed_pair,35,,,,,,,,,,,,,,,,,,,,,,,,,,,,,,,,,,,,,,3250.0,0.6171428571428571,0.1813143423899569,0.030647717582835018,0.362,0.515,1.0,0.6171428571428571,,,,,,,,
learning_curve_test_accuracy,terminal_rl,hopfield,hashed_pair,35,,,,,,,,,,,,,,,,,,,,,,,,,,,,,,,,,,,,,,3500.0,0.5922571428571427,0.1664252778553898,0.02813100633477165,0.387,0.5,1.0,0.5922571428571427,,,,,,,,
learning_curve_test_accuracy,terminal_rl,hopfield,hashed_pair,35,,,,,,,,,,,,,,,,,,,,,,,,,,,,,,,,,,,,,,3750.0,0.6014285714285714,0.17833598259766767,0.030144282892721905,0.35,0.5,1.0,0.6014285714285714,,,,,,,,
learning_curve_test_accuracy,terminal_rl,hopfield,hashed_pair,35,,,,,,,,,,,,,,,,,,,,,,,,,,,,,,,,,,,,,,4000.0,0.6302571428571428,0.1687771490765861,0.028528545128605174,0.482,0.526,1.0,0.6302571428571428,,,,,,,,
learning_curve_test_accuracy,terminal_rl,hopfield,hashed_pair,35,,,,,,,,,,,,,,,,,,,,,,,,,,,,,,,,,,,,,,4250.0,0.5898857142857145,0.16883872768528715,0.028538953813233965,0.366,0.5,1.0,0.5898857142857145,,,,,,,,
learning_curve_test_accuracy,terminal_rl,hopfield,hashed_pair,35,,,,,,,,,,,,,,,,,,,,,,,,,,,,,,,,,,,,,,4500.0,0.5946,0.17584371403239263,0.029723012616348236,0.362,0.5,1.0,0.5946,,,,,,,,
learning_curve_test_accuracy,terminal_rl,hopfield,hashed_pair,35,,,,,,,,,,,,,,,,,,,,,,,,,,,,,,,,,,,,,,4750.0,0.6059142857142856,0.19361611069156337,0.03272709594699244,0.362,0.5,1.0,0.6059142857142856,,,,,,,,
learning_curve_test_accuracy,terminal_rl,hopfield,hashed_pair,35,,,,,,,,,,,,,,,,,,,,,,,,,,,,,,,,,,,,,,5000.0,0.6217142857142858,0.17837659623401725,0.030151147850234074,0.362,0.518,1.0,0.6217142857142858,,,,,,,,
learning_curve_test_accuracy,terminal_rl,nearest,exact_pair,35,,,,,,,,,,,,,,,,,,,,,,,,,,,,,,,,,,,,,,1.0,0.49431428571428576,0.04681488666487806,0.007913160129890998,0.258,0.5,0.588,0.49431428571428576,,,,,,,,
learning_curve_test_accuracy,terminal_rl,nearest,exact_pair,35,,,,,,,,,,,,,,,,,,,,,,,,,,,,,,,,,,,,,,250.0,0.5078857142857142,0.11924807839827302,0.02015660416530003,0.232,0.5,0.86,0.5078857142857142,,,,,,,,
learning_curve_test_accuracy,terminal_rl,nearest,exact_pair,35,,,,,,,,,,,,,,,,,,,,,,,,,,,,,,,,,,,,,,500.0,0.5184,0.15019089813418435,0.025386895315920623,0.258,0.5,1.0,0.5184,,,,,,,,
learning_curve_test_accuracy,terminal_rl,nearest,exact_pair,35,,,,,,,,,,,,,,,,,,,,,,,,,,,,,,,,,,,,,,750.0,0.5672285714285714,0.19136569329801142,0.032346705979977346,0.121,0.5,1.0,0.5672285714285714,,,,,,,,
learning_curve_test_accuracy,terminal_rl,nearest,exact_pair,35,,,,,,,,,,,,,,,,,,,,,,,,,,,,,,,,,,,,,,1000.0,0.5674571428571429,0.17092986915126104,0.028892421234675378,0.268,0.5,1.0,0.5674571428571429,,,,,,,,
learning_curve_test_accuracy,terminal_rl,nearest,exact_pair,35,,,,,,,,,,,,,,,,,,,,,,,,,,,,,,,,,,,,,,1250.0,0.5699428571428573,0.1803988950757122,0.03049297874431228,0.374,0.5,1.0,0.5699428571428573,,,,,,,,
learning_curve_test_accuracy,terminal_rl,nearest,exact_pair,35,,,,,,,,,,,,,,,,,,,,,,,,,,,,,,,,,,,,,,1500.0,0.5815142857142857,0.1992247284776034,0.033675125383995995,0.363,0.5,1.0,0.5815142857142857,,,,,,,,
learning_curve_test_accuracy,terminal_rl,nearest,exact_pair,35,,,,,,,,,,,,,,,,,,,,,,,,,,,,,,,,,,,,,,1750.0,0.6300285714285714,0.1821942217903233,0.030796444346608547,0.332,0.539,1.0,0.6300285714285714,,,,,,,,
learning_curve_test_accuracy,terminal_rl,nearest,exact_pair,35,,,,,,,,,,,,,,,,,,,,,,,,,,,,,,,,,,,,,,2000.0,0.607,0.1934271408658294,0.03269515421654557,0.274,0.5,1.0,0.607,,,,,,,,
learning_curve_test_accuracy,terminal_rl,nearest,exact_pair,35,,,,,,,,,,,,,,,,,,,,,,,,,,,,,,,,,,,,,,2250.0,0.6394571428571428,0.20522059047839844,0.03468861104014339,0.328,0.542,1.0,0.6394571428571428,,,,,,,,
learning_curve_test_accuracy,terminal_rl,nearest,exact_pair,35,,,,,,,,,,,,,,,,,,,,,,,,,,,,,,,,,,,,,,2500.0,0.6032571428571428,0.1974580138330444,0.03337649610424795,0.3,0.502,1.0,0.6032571428571428,,,,,,,,
learning_curve_test_accuracy,terminal_rl,nearest,exact_pair,35,,,,,,,,,,,,,,,,,,,,,,,,,,,,,,,,,,,,,,2750.0,0.5965142857142857,0.201876253801034,0.03412331496571955,0.328,0.5,1.0,0.5965142857142857,,,,,,,,
learning_curve_test_accuracy,terminal_rl,nearest,exact_pair,35,,,,,,,,,,,,,,,,,,,,,,,,,,,,,,,,,,,,,,3000.0,0.6385142857142858,0.2046426399459155,0.034590919569833276,0.398,0.549,1.0,0.6385142857142858,,,,,,,,
learning_curve_test_accuracy,terminal_rl,nearest,exact_pair,35,,,,,,,,,,,,,,,,,,,,,,,,,,,,,,,,,,,,,,3250.0,0.6193142857142857,0.19546788083205585,0.03304010222959573,0.383,0.5,1.0,0.6193142857142857,,,,,,,,
learning_curve_test_accuracy,terminal_rl,nearest,exact_pair,35,,,,,,,,,,,,,,,,,,,,,,,,,,,,,,,,,,,,,,3500.0,0.6215142857142858,0.185252668700087,0.03131341623033816,0.406,0.5,1.0,0.6215142857142858,,,,,,,,
learning_curve_test_accuracy,terminal_rl,nearest,exact_pair,35,,,,,,,,,,,,,,,,,,,,,,,,,,,,,,,,,,,,,,3750.0,0.6587142857142857,0.20418886462531396,0.03451421754125384,0.451,0.5,1.0,0.6587142857142857,,,,,,,,
learning_curve_test_accuracy,terminal_rl,nearest,exact_pair,35,,,,,,,,,,,,,,,,,,,,,,,,,,,,,,,,,,,,,,4000.0,0.6610571428571428,0.201842096532842,0.03411754133361108,0.448,0.575,1.0,0.6610571428571428,,,,,,,,
learning_curve_test_accuracy,terminal_rl,nearest,exact_pair,35,,,,,,,,,,,,,,,,,,,,,,,,,,,,,,,,,,,,,,4250.0,0.655942857142857,0.22517743890451514,0.038061934111804314,0.141,0.5,1.0,0.655942857142857,,,,,,,,
learning_curve_test_accuracy,terminal_rl,nearest,exact_pair,35,,,,,,,,,,,,,,,,,,,,,,,,,,,,,,,,,,,,,,4500.0,0.6513428571428571,0.22310403045073243,0.037711464116503404,0.041,0.534,1.0,0.6513428571428571,,,,,,,,
learning_curve_test_accuracy,terminal_rl,nearest,exact_pair,35,,,,,,,,,,,,,,,,,,,,,,,,,,,,,,,,,,,,,,4750.0,0.669657142857143,0.2044802511472531,0.03456347085301132,0.469,0.527,1.0,0.669657142857143,,,,,,,,
learning_curve_test_accuracy,terminal_rl,nearest,exact_pair,35,,,,,,,,,,,,,,,,,,,,,,,,,,,,,,,,,,,,,,5000.0,0.6740857142857144,0.20258380566898168,0.03424291306004697,0.487,0.54,1.0,0.6740857142857144,,,,,,,,
learning_curve_test_accuracy,terminal_rl,nearest,hashed_pair,35,,,,,,,,,,,,,,,,,,,,,,,,,,,,,,,,,,,,,,1.0,0.48400000000000004,0.055819562246687,0.009435228105974159,0.258,0.5,0.552,0.48400000000000004,,,,,,,,
learning_curve_test_accuracy,terminal_rl,nearest,hashed_pair,35,,,,,,,,,,,,,,,,,,,,,,,,,,,,,,,,,,,,,,250.0,0.5014,0.16295798809003792,0.027544927395258895,0.143,0.5,1.0,0.5014,,,,,,,,
learning_curve_test_accuracy,terminal_rl,nearest,hashed_pair,35,,,,,,,,,,,,,,,,,,,,,,,,,,,,,,,,,,,,,,500.0,0.5575714285714285,0.1573226893090395,0.026592388046973447,0.4,0.5,1.0,0.5575714285714285,,,,,,,,
learning_curve_test_accuracy,terminal_rl,nearest,hashed_pair,35,,,,,,,,,,,,,,,,,,,,,,,,,,,,,,,,,,,,,,750.0,0.5712,0.19606058487410588,0.0331402874981824,0.117,0.515,1.0,0.5712,,,,,,,,
learning_curve_test_accuracy,terminal_rl,nearest,hashed_pair,35,,,,,,,,,,,,,,,,,,,,,,,,,,,,,,,,,,,,,,1000.0,0.6002285714285714,0.2102325163345807,0.035535781132490646,0.143,0.5,1.0,0.6002285714285714,,,,,,,,
learning_curve_test_accuracy,terminal_rl,nearest,hashed_pair,35,,,,,,,,,,,,,,,,,,,,,,,,,,,,,,,,,,,,,,1250.0,0.6014285714285713,0.20120757290658317,0.03401028726511939,0.249,0.5,1.0,0.6014285714285713,,,,,,,,
learning_curve_test_accuracy,terminal_rl,nearest,hashed_pair,35,,,,,,,,,,,,,,,,,,,,,,,,,,,,,,,,,,,,,,1500.0,0.6312857142857143,0.1978379567799292,0.03344071818387071,0.406,0.503,1.0,0.6312857142857143,,,,,,,,
learning_curve_test_accuracy,terminal_rl,nearest,hashed_pair,35,,,,,,,,,,,,,,,,,,,,,,,,,,,,,,,,,,,,,,1750.0,0.6150571428571429,0.1823919410721516,0.030829865005064357,0.404,0.549,1.0,0.6150571428571429,,,,,,,,
learning_curve_test_accuracy,terminal_rl,nearest,hashed_pair,35,,,,,,,,,,,,,,,,,,,,,,,,,,,,,,,,,,,,,,2000.0,0.6328857142857144,0.18180706830053006,0.030731003462782198,0.381,0.561,1.0,0.6328857142857144,,,,,,,,
learning_curve_test_accuracy,terminal_rl,nearest,hashed_pair,35,,,,,,,,,,,,,,,,,,,,,,,,,,,,,,,,,,,,,,2250.0,0.616742857142857,0.17658248245294234,0.029847887271125566,0.326,0.552,1.0,0.616742857142857,,,,,,,,
learning_curve_test_accuracy,terminal_rl,nearest,hashed_pair,35,,,,,,,,,,,,,,,,,,,,,,,,,,,,,,,,,,,,,,2500.0,0.6033714285714287,0.17617956844121982,0.029779782372866163,0.37,0.5,1.0,0.6033714285714287,,,,,,,,
learning_curve_test_accuracy,terminal_rl,nearest,hashed_pair,35,,,,,,,,,,,,,,,,,,,,,,,,,,,,,,,,,,,,,,2750.0,0.6241142857142857,0.17746230277882405,0.02999660404948868,0.337,0.546,1.0,0.6241142857142857,,,,,,,,
learning_curve_test_accuracy,terminal_rl,nearest,hashed_pair,35,,,,,,,,,,,,,,,,,,,,,,,,,,,,,,,,,,,,,,3000.0,0.6136857142857143,0.20209968003999634,0.03416108089301495,0.235,0.532,1.0,0.6136857142857143,,,,,,,,
learning_curve_test_accuracy,terminal_rl,nearest,hashed_pair,35,,,,,,,,,,,,,,,,,,,,,,,,,,,,,,,,,,,,,,3250.0,0.6218857142857143,0.1970496759447119,0.033307474403509736,0.222,0.548,1.0,0.6218857142857143,,,,,,,,
learning_curve_test_accuracy,terminal_rl,nearest,hashed_pair,35,,,,,,,,,,,,,,,,,,,,,,,,,,,,,,,,,,,,,,3500.0,0.6049142857142856,0.1953760132529627,0.03302457377452729,0.337,0.5,1.0,0.6049142857142856,,,,,,,,
learning_curve_test_accuracy,terminal_rl,nearest,hashed_pair,35,,,,,,,,,,,,,,,,,,,,,,,,,,,,,,,,,,,,,,3750.0,0.5787428571428571,0.1973948480847972,0.03336581914407111,0.258,0.5,1.0,0.5787428571428571,,,,,,,,
learning_curve_test_accuracy,terminal_rl,nearest,hashed_pair,35,,,,,,,,,,,,,,,,,,,,,,,,,,,,,,,,,,,,,,4000.0,0.6578571428571429,0.18908932574115256,0.0319619296347763,0.337,0.589,1.0,0.6578571428571429,,,,,,,,
learning_curve_test_accuracy,terminal_rl,nearest,hashed_pair,35,,,,,,,,,,,,,,,,,,,,,,,,,,,,,,,,,,,,,,4250.0,0.6161714285714286,0.17971685012398644,0.030377692105738853,0.406,0.509,1.0,0.6161714285714286,,,,,,,,
learning_curve_test_accuracy,terminal_rl,nearest,hashed_pair,35,,,,,,,,,,,,,,,,,,,,,,,,,,,,,,,,,,,,,,4500.0,0.5863428571428572,0.18469114805010886,0.031218501917048773,0.273,0.5,1.0,0.5863428571428572,,,,,,,,
learning_curve_test_accuracy,terminal_rl,nearest,hashed_pair,35,,,,,,,,,,,,,,,,,,,,,,,,,,,,,,,,,,,,,,4750.0,0.6329714285714285,0.1828675968650359,0.030910265508492844,0.441,0.552,1.0,0.6329714285714285,,,,,,,,
learning_curve_test_accuracy,terminal_rl,nearest,hashed_pair,35,,,,,,,,,,,,,,,,,,,,,,,,,,,,,,,,,,,,,,5000.0,0.6451428571428571,0.19291664503814362,0.03260886467238761,0.337,0.52,1.0,0.6451428571428571,,,,,,,,
transition_eval_seen_unseen_rows,sparse_terminal_rl,hopfield,exact_pair,158,,,,,,,,,,,,,,,,,,,,,,,,,,,,,,,,,,,,,,,,,,,,,,False,0.10759493670886076,0.3108534182175128,0.024730170117386686,0.0,0.0,1.0,0.10759493670886076
transition_eval_seen_unseen_rows,sparse_terminal_rl,hopfield,exact_pair,872,,,,,,,,,,,,,,,,,,,,,,,,,,,,,,,,,,,,,,,,,,,,,,True,0.25,0.4332612027458979,0.014672075682126359,0.0,0.0,1.0,0.25
transition_eval_seen_unseen_rows,sparse_terminal_rl,nearest,exact_pair,158,,,,,,,,,,,,,,,,,,,,,,,,,,,,,,,,,,,,,,,,,,,,,,False,0.08860759493670886,0.2850800945771471,0.022679754581435542,0.0,0.0,1.0,0.08860759493670886
transition_eval_seen_unseen_rows,sparse_terminal_rl,nearest,exact_pair,872,,,,,,,,,,,,,,,,,,,,,,,,,,,,,,,,,,,,,,,,,,,,,,True,0.24426605504587157,0.42989776676348435,0.014558175367551223,0.0,0.0,1.0,0.24426605504587157
transition_eval_seen_unseen_rows,state_shaped_rl,hopfield,exact_pair,79,,,,,,,,,,,,,,,,,,,,,,,,,,,,,,,,,,,,,,,,,,,,,,False,0.13924050632911392,0.3484094708297163,0.03919912801985523,0.0,0.0,1.0,0.13924050632911392
transition_eval_seen_unseen_rows,state_shaped_rl,hopfield,exact_pair,436,,,,,,,,,,,,,,,,,,,,,,,,,,,,,,,,,,,,,,,,,,,,,,True,0.591743119266055,0.4920757703297838,0.023566155357115662,0.0,1.0,1.0,0.591743119266055
transition_eval_seen_unseen_rows,state_shaped_rl,hopfield,hashed_pair,79,,,,,,,,,,,,,,,,,,,,,,,,,,,,,,,,,,,,,,,,,,,,,,False,0.31645569620253167,0.4680648595607224,0.052661411034040734,0.0,0.0,1.0,0.31645569620253167
transition_eval_seen_unseen_rows,state_shaped_rl,hopfield,hashed_pair,436,,,,,,,,,,,,,,,,,,,,,,,,,,,,,,,,,,,,,,,,,,,,,,True,0.5894495412844036,0.49249883106205455,0.023586416291596354,0.0,1.0,1.0,0.5894495412844036
transition_eval_seen_unseen_rows,state_shaped_rl,nearest,exact_pair,79,,,,,,,,,,,,,,,,,,,,,,,,,,,,,,,,,,,,,,,,,,,,,,False,0.31645569620253167,0.46806485956072236,0.05266141103404073,0.0,0.0,1.0,0.31645569620253167
transition_eval_seen_unseen_rows,state_shaped_rl,nearest,exact_pair,436,,,,,,,,,,,,,,,,,,,,,,,,,,,,,,,,,,,,,,,,,,,,,,True,0.8188073394495413,0.3856202044848379,0.018467858398396653,0.0,1.0,1.0,0.8188073394495413
transition_eval_seen_unseen_rows,state_shaped_rl,nearest,hashed_pair,79,,,,,,,,,,,,,,,,,,,,,,,,,,,,,,,,,,,,,,,,,,,,,,False,0.569620253164557,0.498293094262482,0.056062353146970924,0.0,1.0,1.0,0.569620253164557
transition_eval_seen_unseen_rows,state_shaped_rl,nearest,hashed_pair,436,,,,,,,,,,,,,,,,,,,,,,,,,,,,,,,,,,,,,,,,,,,,,,True,0.6674311926605505,0.47167474409828597,0.02258912339861492,0.0,1.0,1.0,0.6674311926605505
transition_eval_seen_unseen_rows,supervised_baseline,hopfield,exact_pair,79,,,,,,,,,,,,,,,,,,,,,,,,,,,,,,,,,,,,,,,,,,,,,,False,0.189873417721519,0.3947069463729926,0.04440800097757109,0.0,0.0,1.0,0.189873417721519
transition_eval_seen_unseen_rows,supervised_baseline,hopfield,exact_pair,436,,,,,,,,,,,,,,,,,,,,,,,,,,,,,,,,,,,,,,,,,,,,,,True,1.0,0.0,0.0,1.0,1.0,1.0,1.0
transition_eval_seen_unseen_rows,supervised_baseline,hopfield,hashed_pair,79,,,,,,,,,,,,,,,,,,,,,,,,,,,,,,,,,,,,,,,,,,,,,,False,0.46835443037974683,0.5021860682332357,0.056500346938282424,0.0,0.0,1.0,0.46835443037974683
transition_eval_seen_unseen_rows,supervised_baseline,hopfield,hashed_pair,436,,,,,,,,,,,,,,,,,,,,,,,,,,,,,,,,,,,,,,,,,,,,,,True,0.8027522935779816,0.3983780254283018,0.019078847210486385,0.0,1.0,1.0,0.8027522935779816
transition_eval_seen_unseen_rows,supervised_baseline,nearest,exact_pair,79,,,,,,,,,,,,,,,,,,,,,,,,,,,,,,,,,,,,,,,,,,,,,,False,0.24050632911392406,0.43012192288835066,0.04839249713647196,0.0,0.0,1.0,0.24050632911392406
transition_eval_seen_unseen_rows,supervised_baseline,nearest,exact_pair,436,,,,,,,,,,,,,,,,,,,,,,,,,,,,,,,,,,,,,,,,,,,,,,True,1.0,0.0,0.0,1.0,1.0,1.0,1.0
transition_eval_seen_unseen_rows,supervised_baseline,nearest,hashed_pair,79,,,,,,,,,,,,,,,,,,,,,,,,,,,,,,,,,,,,,,,,,,,,,,False,0.5189873417721519,0.5028319669802251,0.05657301622482853,0.0,1.0,1.0,0.5189873417721519
transition_eval_seen_unseen_rows,supervised_baseline,nearest,hashed_pair,436,,,,,,,,,,,,,,,,,,,,,,,,,,,,,,,,,,,,,,,,,,,,,,True,0.8371559633027523,0.36964746608457644,0.017702902964060067,0.0,1.0,1.0,0.8371559633027523
transition_eval_seen_unseen_rows,terminal_rl,hopfield,exact_pair,79,,,,,,,,,,,,,,,,,,,,,,,,,,,,,,,,,,,,,,,,,,,,,,False,0.0759493670886076,0.26660986087588917,0.02999595287390334,0.0,0.0,1.0,0.0759493670886076
transition_eval_seen_unseen_rows,terminal_rl,hopfield,exact_pair,436,,,,,,,,,,,,,,,,,,,,,,,,,,,,,,,,,,,,,,,,,,,,,,True,0.231651376146789,0.42237209451854996,0.020227954713688986,0.0,0.0,1.0,0.231651376146789
transition_eval_seen_unseen_rows,terminal_rl,hopfield,hashed_pair,79,,,,,,,,,,,,,,,,,,,,,,,,,,,,,,,,,,,,,,,,,,,,,,False,0.012658227848101266,0.11250879009260241,0.012658227848101267,0.0,0.0,1.0,0.012658227848101266
transition_eval_seen_unseen_rows,terminal_rl,hopfield,hashed_pair,436,,,,,,,,,,,,,,,,,,,,,,,,,,,,,,,,,,,,,,,,,,,,,,True,0.1834862385321101,0.38750929070784784,0.018558329220369055,0.0,0.0,1.0,0.1834862385321101
transition_eval_seen_unseen_rows,terminal_rl,nearest,exact_pair,79,,,,,,,,,,,,,,,,,,,,,,,,,,,,,,,,,,,,,,,,,,,,,,False,0.10126582278481013,0.3036080768519887,0.03415857738895909,0.0,0.0,1.0,0.10126582278481013
transition_eval_seen_unseen_rows,terminal_rl,nearest,exact_pair,436,,,,,,,,,,,,,,,,,,,,,,,,,,,,,,,,,,,,,,,,,,,,,,True,0.22935779816513763,0.4209027522582729,0.020157585981745003,0.0,0.0,1.0,0.22935779816513763
transition_eval_seen_unseen_rows,terminal_rl,nearest,hashed_pair,79,,,,,,,,,,,,,,,,,,,,,,,,,,,,,,,,,,,,,,,,,,,,,,False,0.11392405063291139,0.3197491714129678,0.03597459240878514,0.0,0.0,1.0,0.11392405063291139
transition_eval_seen_unseen_rows,terminal_rl,nearest,hashed_pair,436,,,,,,,,,,,,,,,,,,,,,,,,,,,,,,,,,,,,,,,,,,,,,,True,0.26376146788990823,0.44117771119662297,0.021128580411891567,0.0,0.0,1.0,0.26376146788990823
